Rank,ID,Ticker,Name,Industry,Close,MA5,F_Hist_Vol,F_BB_Width,F_P_to_MA60,F_Trend_Strength,F_P_to_MA20,F_P_to_BBUpper,F_ROC_10,F_Hist_Vol_Rank,F_BB_Width_Rank,F_P_to_MA60_Rank,F_Trend_Strength_Rank,F_P_to_MA20_Rank,F_P_to_BBUpper_Rank,F_ROC_10_Rank,AI_Score,Updated_At
1,2221O,2221.TWO,大甲,其他業,180.0,159.3,90.50974253419463,116.66574345964433,151.54010134061758,122.61298968644655,63.42094500460278,3.213529331712528,88.67924226518159,0.989659629470056,0.999138302455838,1.0,1.0,1.0,0.982335200344679,1.0,99.50972863996024,2026-09-29 15:44:06
2,3094,3094.TW,聯傑,半導體業,59.70000076293945,55.539999389648436,89.81737365969157,53.02913133555324,48.1113955073029,37.79073217671014,28.58758453931769,1.638561426187679,45.96576659090125,0.988367083153813,0.984489444205084,0.991813873330461,0.990952175786299,0.993537268418785,0.967686342093925,0.996553209823352,98.77380553570396,2026-09-29 15:44:06
3,3219O,3219.TWO,倚強科,其他電子業,125.5,110.33999938964844,80.15010000405599,48.65827763832561,60.82183625598279,41.39507023368352,34.1026870685081,7.861027866975712,46.61215214617279,0.97414907367514,0.9797501077121931,0.996553209823352,0.99138302455838,0.996553209823352,0.997845756139595,0.996984058595433,98.44241452278298,2026-09-29 15:44:06
4,6925O,6925.TWO,意藍,數位雲端,75.0,63.87999954223633,81.9403764054113,51.22080091096129,38.01775792964435,17.55432417821554,35.275285391544145,7.6943349444132725,49.40238816762995,0.978026712623869,0.981904351572598,0.986212839293408,0.9482981473502801,0.997845756139595,0.997414907367514,0.997845756139595,98.11420806681468,2026-09-29 15:44:06
5,3016,3016.TW,嘉晶,半導體業,172.5,146.2,71.1610507770565,71.48790431242409,59.850095288244475,35.47874742690631,48.144967171031205,9.135593017468846,57.534246575342465,0.949159844894442,0.99569151227919,0.994829814735028,0.988367083153813,0.999138302455838,0.999138302455838,0.999138302455838,97.93070704892345,2026-09-29 15:44:06
6,6933,6933.TW,AMAX-KY,電腦及週邊設備業,378.0,349.8,104.31960735279276,31.62633570007293,67.95023696682465,55.42061611374409,15.995397008055235,0.15734752912961447,18.125,0.99569151227919,0.943127962085308,0.997845756139595,0.99569151227919,0.9711331322705731,0.9392503231365791,0.9478672985781991,97.56782315356509,2026-09-29 15:44:06
7,3021,3021.TW,鴻名,電子零組件業,29.600000381469727,26.520000076293947,90.06307151023233,40.7098296189603,30.09559560374018,16.558620299767245,20.96444744250583,0.5064459843543201,25.957448431786073,0.989228780697975,0.967686342093925,0.978026712623869,0.943127962085308,0.983627746660922,0.950883239982766,0.975441619991383,97.50138312984585,2026-09-29 15:44:06
8,2033,2033.TW,佳大,鋼鐵工業,38.5,36.76999969482422,84.50846161343368,66.66209116696213,76.416679575028,68.48938322430345,30.64133067359056,-2.017320795858024,35.56338210258191,0.98276604911676,0.993537268418785,0.998707453683757,0.998276604911676,0.995260663507109,0.7294269711331323,0.990090478242137,97.46421613453184,2026-09-29 15:44:06
9,6861,6861.TW,睿生光電,生技醫療業,285.0,270.1,84.82562089897229,63.1510052534347,29.678079854396543,22.898418837447387,29.692832764505116,-1.4308665554205846,32.86713286713287,0.983196897888841,0.99138302455838,0.976734166307626,0.968978888410168,0.994398965962947,0.8207669108143042,0.9875053856096511,97.42274428209944,2026-09-29 15:44:06
10,8040O,8040.TWO,九暘,半導體業,100.0,90.83999938964844,83.56322854916999,35.65728917865343,28.658733869140217,16.873593061456372,23.183051285776447,4.544231765638718,29.533683877013367,0.981042654028436,0.958207669108143,0.974579922447221,0.944851357173632,0.988367083153813,0.9875053856096511,0.98276604911676,97.27034196695769,2026-09-29 15:44:06
11,3529O,3529.TWO,力旺,半導體業,3305.0,3156.0,89.96238090729973,42.84507081861826,28.436801709899928,22.646458758379474,20.127214902317125,-1.0667875634663204,28.100775193798448,0.988797931925894,0.973287376130978,0.973287376130978,0.968548039638087,0.981042654028436,0.8556656613528651,0.97845756139595,97.20146943963778,2026-09-29 15:44:06
12,3605,3605.TW,宏致,電子零組件業,182.5,177.3,86.11314479329839,66.14461783662838,60.27986742703626,55.71298901267689,29.295076160113354,-2.8384814157838667,48.97959183673469,0.984489444205084,0.993106419646704,0.995260663507109,0.996122361051271,0.993968117190866,0.6286083584661784,0.997414907367514,96.85994385947657,2026-09-29 15:44:06
13,2030,2030.TW,彰源,鋼鐵工業,33.400001525878906,28.7,66.13338198339429,47.251903181078575,59.016075745742924,36.63955585052112,35.6620686149453,9.735914562883007,42.12766606756981,0.9241706161137441,0.9793192589401121,0.994398965962947,0.989659629470056,0.998276604911676,1.0,0.994398965962947,96.65499116804102,2026-09-29 15:44:06
14,4956,4956.TW,光鋐,光電業,46.0,44.619999694824216,95.63343626602173,50.395090221697004,36.051068725947324,31.969535761571265,21.797842921123546,-2.715470328683278,43.52574444622318,0.993106419646704,0.981473502800517,0.984489444205084,0.983627746660922,0.985781990521327,0.6423955191727704,0.99569151227919,96.6449343994234,2026-09-29 15:44:06
15,6168,6168.TW,宏齊,光電業,45.20000076293945,43.42000045776367,77.34634246569337,77.3455753746787,60.48761955451896,54.167530904914244,34.89517469230054,-2.7241198926180488,53.48047399652416,0.968548039638087,0.997414907367514,0.99569151227919,0.994829814735028,0.997414907367514,0.6419646704006894,0.998707453683757,96.51417566109511,2026-09-29 15:44:06
16,3498O,3498.TWO,陽程,其他電子業,235.0,209.9,81.99373523017971,25.684225725596573,51.453307217963996,35.276805042768686,19.425740058442376,5.83437072261217,22.395833333333336,0.9788884101680311,0.9052132701421801,0.993106419646704,0.9879362343817321,0.9793192589401121,0.994829814735028,0.967255493321844,96.47775553255825,2026-09-29 15:44:06
17,6456,6456.TW,GIS-KY,光電業,89.4000015258789,78.96000061035156,67.85479432650295,39.22767335549507,33.5524374988579,17.95637993776964,28.273191325101,7.239425544623801,41.00946273540262,0.934510986643688,0.966393795777682,0.983196897888841,0.952175786299009,0.992675570874623,0.996984058595433,0.993968117190866,96.16036308513445,2026-09-29 15:44:06
18,1727,1727.TW,中華化,化學工業,118.5,111.9,68.31271139896167,39.76872531291826,34.58517108179995,27.089288135471868,20.280147001520742,0.33013842363724955,32.25446653799443,0.9366652305040931,0.967255493321844,0.984058595433003,0.978026712623869,0.981473502800517,0.944851357173632,0.986212839293408,96.04827601623542,2026-09-29 15:44:06
19,4174O,4174.TWO,浩鼎,生技醫療業,35.650001525878906,32.05,66.07851550433224,45.35049612266348,30.897747295558588,17.67945641677564,30.33544082369204,6.244285529001381,40.07858725801218,0.9237397673416631,0.977595863851788,0.9793192589401121,0.9487289961223611,0.994829814735028,0.99569151227919,0.991813873330461,95.96352738332578,2026-09-29 15:44:06
20,7792O,7792.TWO,安葆,其他電子業,416.0,397.8,64.99393405976203,49.87990409784268,54.460224635663245,47.70258980785298,24.29969373272578,-0.5124528268946937,36.17021276595745,0.9198621283929341,0.981042654028436,0.993537268418785,0.993537268418785,0.990090478242137,0.9086600603188281,0.990521327014218,95.91823821181006,2026-09-29 15:44:06
21,8996,8996.TW,高力,電機機械,1585.0,1563.0,98.27466672456094,43.777780651663576,32.882473765841794,31.038048262467342,18.10730253353203,-3.1024876690491254,19.172932330827066,0.993537268418785,0.974579922447221,0.982335200344679,0.981473502800517,0.975872468763464,0.5919862128392934,0.953037483843171,95.839065146855,2026-09-29 15:44:06
22,4770,4770.TW,上品,化學工業,286.5,270.1,68.17216601039352,36.825776754805354,27.654834397742455,20.347541957522665,19.511940765460434,0.9281526724986833,24.025974025974026,0.936234381732012,0.9625161568289531,0.9711331322705731,0.9620853080568721,0.9797501077121931,0.958207669108143,0.9719948298147351,95.60809140943975,2026-09-29 15:44:06
23,6533,6533.TW,晶心科,半導體業,303.5,269.7,75.7702978721158,27.651588099485252,27.519519081069177,13.31800427072276,19.425495796803126,4.919536730500118,30.53763440860215,0.9638087031451961,0.9215855234812581,0.970271434726411,0.9237397673416631,0.9788884101680311,0.990521327014218,0.984920292977165,95.51270511153027,2026-09-29 15:44:06
24,3653,3653.TW,健策,電子零組件業,6895.0,6369.0,67.33983036059908,30.630776649829738,47.289719626168214,36.05340453938586,18.115631691648826,2.428334507137886,19.601040763226365,0.9310641964670401,0.9375269280482551,0.99138302455838,0.988797931925894,0.976303317535545,0.975010771219302,0.9547608789314951,95.33019472943377,2026-09-29 15:44:06
25,8227O,8227.TWO,巨有科技,半導體業,337.0,309.2,79.84892563209675,105.56144762759337,85.16483516483517,69.89010989010988,45.25862068965518,-4.923463468669754,41.00418410041841,0.973718224903059,0.998707453683757,0.999138302455838,0.998707453683757,0.998707453683757,0.3847479534683326,0.993537268418785,95.21294183199261,2026-09-29 15:44:06
26,3324O,3324.TWO,雙鴻,其他電子業,1630.0,1611.0,91.86576052806579,34.793030321627114,45.46644455021418,43.77082341742029,13.569064622888005,-3.2602761101405697,19.852941176470587,0.990952175786299,0.9560534252477381,0.990952175786299,0.992675570874623,0.95260663507109,0.5687203791469194,0.9556225764756571,95.19600766513521,2026-09-29 15:44:06
27,5465O,5465.TWO,富驊,電腦及週邊設備業,34.70000076293945,32.420000076293945,57.48013456383898,55.79467761893122,43.107539593177016,33.70450554814397,31.04229885930936,2.458972234386314,43.38842838418414,0.8823782852218871,0.98707453683757,0.989228780697975,0.986212839293408,0.996122361051271,0.975441619991383,0.995260663507109,95.11105675580673,2026-09-29 15:44:06
28,3055,3055.TW,蔚華科,電子通路業,203.5,200.1,84.3750742115647,67.0576468645352,44.00792579516639,41.60189656812185,26.653181888906175,-5.149181552437698,31.715210355987054,0.982335200344679,0.993968117190866,0.990090478242137,0.991813873330461,0.99138302455838,0.36062042223179663,0.985781990521327,94.9759672274858,2026-09-29 15:44:06
29,1721,1721.TW,國慶科技,化學工業,26.100000381469727,24.650000381469727,73.1262687264076,30.689973247501,21.343614854094483,14.602303016284868,15.729964816532572,0.3337623975265158,16.51786083013434,0.9560534252477381,0.9379577768203361,0.9560534252477381,0.9302024989228781,0.969409737182249,0.9452822059457131,0.940973718224903,94.91915867324717,2026-09-29 15:44:06
30,6526,6526.TW,達發,半導體業,814.0,796.4,67.98893905858083,44.65915418791814,30.02848699448897,27.21706024866217,20.014743826022862,-1.8922923817174975,30.448717948717945,0.93537268418785,0.976303317535545,0.977595863851788,0.9788884101680311,0.9801809564842741,0.7470917707884532,0.984489444205084,94.9088322027378,2026-09-29 15:44:06
31,2444,2444.TW,兆勁,通信網路業,15.050000190734863,14.640000152587891,65.01638410787994,48.76252454680009,29.23077122131994,25.710198433346008,22.58195985007454,-1.4466024788930665,23.360659229726625,0.9207238259370961,0.9801809564842741,0.975872468763464,0.97414907367514,0.9875053856096511,0.8173201206376561,0.9707022834984921,94.84473132427206,2026-09-29 15:44:06
32,6957,6957.TW,裕慶-KY,其他業,337.5,306.6,56.30572506844047,60.188654491188096,45.40623990234447,32.09349082684094,34.20817178645989,3.162201325734726,45.78833693304535,0.8716070659198621,0.989659629470056,0.990521327014218,0.984058595433003,0.996984058595433,0.981042654028436,0.996122361051271,94.8366817601181,2026-09-29 15:44:06
33,6133,6133.TW,金橋,電子零組件業,28.5,27.14000015258789,70.53424995033004,31.276016691322067,23.809868792946666,17.901749401138932,15.372938139910053,-0.22922411890616834,21.019112200860096,0.94398965962947,0.9401120206807411,0.9625161568289531,0.951314088754847,0.966393795777682,0.925463162429987,0.9638087031451961,94.79176602199095,2026-09-29 15:44:06
34,6226,6226.TW,光鼎,光電業,45.54999923706055,44.19000015258789,104.03308100575642,65.31360343619541,66.23581775696023,61.27246838829363,23.241339481914515,-7.097609858099485,51.83333079020183,0.994829814735028,0.992244722102542,0.997414907367514,0.996984058595433,0.988797931925894,0.2236105127100388,0.998276604911676,94.71442900452979,2026-09-29 15:44:06
35,2305,2305.TW,全友,電腦及週邊設備業,69.0999984741211,62.87999954223633,68.94623746430196,120.7504709585559,93.03922266396623,75.66290160324414,53.78623125085742,-4.108492317239277,68.33130270009016,0.9392503231365791,0.999569151227919,0.999569151227919,0.999138302455838,0.999569151227919,0.47738043946574754,0.999569151227919,94.64173915812655,2026-09-29 15:44:06
36,6213,6213.TW,聯茂,電子零組件業,620.0,568.2,71.26910569145738,22.91157225511144,40.205408461321035,28.49147272213324,16.300881635715612,4.347100923602953,21.807465618860512,0.949590693666523,0.8776389487289962,0.988367083153813,0.980611805256355,0.9724256785868161,0.98707453683757,0.965962947005601,94.56921528211828,2026-09-29 15:44:06
37,4542O,4542.TWO,科嶠,電子零組件業,339.0,326.7,76.8505635772735,37.51988935003068,13.815679033070328,9.686083599127059,17.189525537982895,-1.3223474811561053,29.389312977099237,0.965962947005601,0.9638087031451961,0.917707884532529,0.8845325290822921,0.97414907367514,0.8332615252046531,0.981904351572598,94.53074645651911,2026-09-29 15:44:06
38,3037,3037.TW,欣興,電子零組件業,1165.0,1130.0,67.7249479580179,33.27978619605953,20.940533245670203,17.307126667474094,15.989645559538035,-0.557482968494516,19.242579324462643,0.933649289099526,0.951314088754847,0.9547608789314951,0.9470056010340371,0.9707022834984921,0.9043515725980181,0.9534683326152521,94.40906422416334,2026-09-29 15:44:06
39,3675O,3675.TWO,德微,半導體業,334.0,319.5,70.53841788685769,30.821378390275168,16.130153855069107,11.08857531944485,15.891741845940333,0.41681810771390104,28.957528957528954,0.944420508401551,0.9388194743644981,0.933649289099526,0.9034898750538561,0.96984058595433,0.9478672985781991,0.980611805256355,94.22751854498732,2026-09-29 15:44:06
40,9960O,9960.TWO,邁達康,運動休閒,41.20000076293945,37.10999984741211,57.91114288008511,40.71915524303776,28.56251505100973,15.799874407223191,27.28817752391326,5.75658376284931,31.62939861722705,0.8871176217147781,0.968117190866006,0.97414907367514,0.9366652305040931,0.992244722102542,0.994398965962947,0.985351141749246,94.22131540147693,2026-09-29 15:44:06
41,3580O,3580.TWO,友威科,其他電子業,111.0,102.93999938964843,57.666723052616284,36.36657500460851,30.534485839003512,21.05603506842426,21.89765010542615,3.1428831280814196,33.41346643203833,0.8841016803102111,0.96122361051271,0.9788884101680311,0.965101249461439,0.98707453683757,0.9801809564842741,0.988797931925894,94.16248926962497,2026-09-29 15:44:06
42,6207O,6207.TWO,雷科,電子零組件業,137.5,121.8,71.65473721790696,26.981208106516124,20.541780538556154,6.7781008697900935,21.38600750386228,6.95687851559863,22.767857142857142,0.951744937526928,0.9172770357604481,0.953037483843171,0.8358466178371392,0.985351141749246,0.996553209823352,0.968548039638087,93.97272805590006,2026-09-29 15:44:06
43,3189,3189.TW,景碩,半導體業,955.0,911.8,74.17351838369122,25.07177956965918,18.82789655959023,13.452645113124984,13.5755485520604,0.9238464006626312,16.180048661800488,0.960792761740629,0.8987505385609651,0.9452822059457131,0.9250323136579061,0.953037483843171,0.957776820336062,0.9392503231365791,93.91492886586668,2026-09-29 15:44:06
44,3624O,3624.TWO,光頡,電子零組件業,140.0,133.7,86.30427677526559,65.51739207284432,39.990667164250596,33.69108714185931,23.70223105809588,-6.821748969153518,12.449799196787147,0.984920292977165,0.992675570874623,0.9879362343817321,0.985781990521327,0.989659629470056,0.23912106850495476,0.9168461869883671,93.84152845871019,2026-09-29 15:44:06
45,3665,3665.TW,貿聯-KY,其他電子業,2445.0,2334.0,69.36079329977542,31.4488750528728,16.39623913992143,11.111992700440343,15.045288789554178,-0.5868671746424137,30.4,0.9401120206807411,0.941404566996984,0.934510986643688,0.9039207238259371,0.9638087031451961,0.902197328737613,0.984058595433003,93.83668419780825,2026-09-29 15:44:06
46,1560,1560.TW,中砂,電機機械,956.0,949.2,73.18849657342604,51.34330307046514,32.15371855128559,31.213713021841304,20.077874772341907,-4.451104679978235,21.012658227848103,0.9564842740198191,0.982335200344679,0.981042654028436,0.982335200344679,0.980611805256355,0.4274019819043516,0.9633778543731151,93.80007216600231,2026-09-29 15:44:06
47,8064O,8064.TWO,東捷,光電業,141.5,137.1,92.24681276015107,45.470906255204966,24.862122354970584,20.979483921317765,15.628192032686417,-5.7907156520838114,23.043478260869566,0.99138302455838,0.978026712623869,0.9642395519172771,0.9638087031451961,0.968978888410168,0.3102111158983197,0.969409737182249,93.75140134768995,2026-09-29 15:44:06
48,1569O,1569.TWO,濱川,電腦及週邊設備業,65.0,63.63999862670899,59.17357784712615,51.419238234841345,39.052305588918216,36.14290056491496,23.007049871721176,-2.1498507947710244,28.458501897472694,0.8935803532959931,0.98276604911676,0.986643688065489,0.989228780697975,0.9879362343817321,0.7130547177940543,0.9797501077121931,93.63982256312539,2026-09-29 15:44:06
49,3664O,3664.TWO,安瑞-KY,通信網路業,8.859999656677246,8.673999786376953,106.73698210670983,35.02791077010411,28.554841815908215,25.85606248963441,11.12504336568736,-5.4367262155634695,25.673750595370066,0.996984058595433,0.9569151227919,0.973718224903059,0.975010771219302,0.9392503231365791,0.33993968117190865,0.975010771219302,93.62920045785008,2026-09-29 15:44:06
50,3031,3031.TW,佰鴻,光電業,31.25,29.360000228881837,56.987965892221524,38.660838889275865,24.308018350106273,16.789870310750988,21.159251182879668,1.5325779853561983,32.41525209693178,0.8763464024127531,0.965962947005601,0.9633778543731151,0.94398965962947,0.984058595433003,0.96553209823352,0.98707453683757,93.48742543455846,2026-09-29 15:44:06
51,3717,3717.TW,聯嘉投控,汽車工業,27.850000381469727,25.879999923706055,58.57368079386678,34.326247486805435,20.31103919268009,11.800705295474788,20.929224809949652,3.2144082081619896,32.30404461220656,0.8901335631193451,0.9547608789314951,0.951314088754847,0.910814304179233,0.983196897888841,0.98276604911676,0.986643688065489,93.34806216856812,2026-09-29 15:44:06
52,5013O,5013.TWO,強新,鋼鐵工業,35.25,32.83999938964844,62.968467733874355,25.246187074012706,28.220673524247395,19.454378447563037,17.40216635421723,4.243421723840801,18.288593632450837,0.9112451529513141,0.9004739336492891,0.972856527358897,0.959931064196467,0.975010771219302,0.986212839293408,0.9482981473502801,93.30021601565555,2026-09-29 15:44:06
53,3066O,3066.TWO,李洲,光電業,29.5,28.179999923706056,68.56400789416685,33.00430623008324,20.963607932916915,15.550998722739262,13.987635995644299,-2.158343903665294,27.155168232254546,0.9383886255924171,0.949590693666523,0.9556225764756571,0.933218440327445,0.9560534252477381,0.7121930202498923,0.977165015079707,93.23413386560037,2026-09-29 15:44:06
54,2241,2241.TW,艾姆勒,汽車工業,44.0,41.92999954223633,55.337047708411944,40.99227966047948,23.04537368134918,17.256646866665214,21.79930860156054,1.08150250552157,29.79350448232535,0.8642826367944851,0.969409737182249,0.9620853080568721,0.9461439034898751,0.986212839293408,0.959069366652305,0.983196897888841,93.10843203774249,2026-09-29 15:44:06
55,3441O,3441.TWO,聯一光,光電業,185.0,180.4,88.66532880206765,55.945821402299856,69.2718259563185,65.06290487848571,15.58887847547641,-9.67707318511608,11.44578313253012,0.986212839293408,0.9875053856096511,0.998276604911676,0.997845756139595,0.968548039638087,0.12451529513140888,0.9090909090909091,93.08077203411293,2026-09-29 15:44:06
56,3508O,3508.TWO,位速,其他電子業,25.950000762939453,25.940000534057617,66.43011717762464,37.329016979823486,32.156349887346636,32.1054214207491,14.84842029559228,-3.2158631446603803,22.40565957103011,0.925894011202068,0.9633778543731151,0.981473502800517,0.984489444205084,0.9625161568289531,0.5738905644118915,0.967686342093925,93.07484377906911,2026-09-29 15:44:06
57,6805,6805.TW,富世達,電子零組件業,2515.0,2512.0,71.95597905138905,30.391393272733076,37.60087539324306,37.43673916016961,11.209374309086883,-3.4604785106366442,16.97674418604651,0.953037483843171,0.935803532959931,0.985781990521327,0.990521327014218,0.9401120206807411,0.5467470917707885,0.942697113313227,93.00301490408957,2026-09-29 15:44:06
58,3437,3437.TW,榮創,光電業,22.399999618530273,21.979999923706053,70.17715535027634,38.22793367268119,20.3977405742523,18.140284540329855,15.09312528590323,-3.3756255939002444,23.415978453580546,0.942697113313227,0.965101249461439,0.952175786299009,0.9543300301594141,0.964670400689358,0.5562257647565705,0.9711331322705731,92.98648010349497,2026-09-29 15:44:06
59,6103O,6103.TWO,合邦,半導體業,41.79999923706055,38.26999969482422,113.58461632497409,52.62411697024262,27.096739105514935,16.363451089939662,13.664172251418494,-10.013205694999138,37.95379633519632,0.998276604911676,0.983627746660922,0.969409737182249,0.941404566996984,0.9543300301594141,0.11460577337354588,0.990952175786299,92.7645050734297,2026-09-29 15:44:06
60,1595O,1595.TWO,川寶,半導體業,77.5999984741211,75.31999969482422,62.63091955474699,32.380527478890684,21.677770786985207,18.102704107642275,14.151218190290127,-1.7549194601431894,24.358968872682404,0.910383455407152,0.9474364498061181,0.957345971563981,0.9534683326152521,0.958207669108143,0.7690650581645843,0.972856527358897,92.75742539877109,2026-09-29 15:44:06
61,4416O,4416.TWO,三圓,建材營造業,13.75,13.680000114440919,78.753873684507,32.37723539348872,18.05108369805366,17.450097345399907,11.471422866888892,-4.059945735964854,25.0,0.9711331322705731,0.9470056010340371,0.941835415769065,0.9478672985781991,0.941404566996984,0.4838431710469625,0.97414907367514,92.74042899301558,2026-09-29 15:44:06
62,3518,3518.TW,柏騰,其他電子業,37.400001525878906,33.55000038146973,57.6745229872425,26.3828496830605,29.396845263840078,16.076578364813155,20.489695415380638,6.447723919076087,29.1882574792771,0.8845325290822921,0.910383455407152,0.976303317535545,0.9388194743644981,0.982335200344679,0.996122361051271,0.981473502800517,92.73833361677964,2026-09-29 15:44:06
63,2409,2409.TW,友達,光電業,35.04999923706055,34.79000015258789,67.47340614360739,41.88675643808448,27.207836660985407,26.26421549723281,16.194262126881,-3.9267268387030207,16.059597190715532,0.9314950452391211,0.9711331322705731,0.96984058595433,0.975872468763464,0.9719948298147351,0.4967686342093925,0.9383886255924171,92.68671163738249,2026-09-29 15:44:06
64,6672,6672.TW,騰輝電子-KY,電子零組件業,335.5,318.4,64.22531695687364,24.46547839488423,25.038822287098572,18.665755636996085,12.991496169066252,0.676056716649609,14.897260273972604,0.9155536406721241,0.894011202068074,0.96553209823352,0.958207669108143,0.949159844894442,0.952175786299009,0.9310641964670401,92.67047765812868,2026-09-29 15:44:06
65,6643O,6643.TWO,M31,半導體業,505.0,492.8,60.196872633329534,32.05642064422116,17.167108137893706,14.3365364165426,15.007970849464813,-0.8793029469414737,24.38423645320197,0.901766479965532,0.9461439034898751,0.9383886255924171,0.9284791038345541,0.9633778543731151,0.8763464024127531,0.973287376130978,92.66259925094448,2026-09-29 15:44:06
66,2342,2342.TW,茂矽,半導體業,50.099998474121094,45.55999984741211,56.62423688784305,31.96917406841554,21.974472933545442,10.921300149560365,21.890391796438458,5.091887563033581,32.89123994758991,0.8737613097802671,0.944851357173632,0.958638517880224,0.9000430848772081,0.986643688065489,0.992244722102542,0.9879362343817321,92.63130864492588,2026-09-29 15:44:06
67,6221O,6221.TWO,晉泰,資訊服務業,32.849998474121094,31.639999771118163,67.05907036305288,71.97024420442588,42.02845693793862,36.79697271672022,27.042438826296532,-6.576221823145223,40.987122531190884,0.9293408013787161,0.996122361051271,0.988797931925894,0.990090478242137,0.991813873330461,0.25247738043946577,0.993106419646704,92.51746851373045,2026-09-29 15:44:06
68,6620O,6620.TWO,漢達,生技醫療業,136.0,130.8,106.08627331167075,57.61525958578836,39.21113620240764,33.88835746525676,11.791541374246272,-13.210466216952799,9.67741935483871,0.996122361051271,0.988797931925894,0.98707453683757,0.986643688065489,0.943558810857389,0.056010340370529946,0.8937957776820336,92.49780361521901,2026-09-29 15:44:06
69,6693O,6693.TWO,廣閎科,半導體業,218.0,196.4,66.55369056527053,25.76507990772222,17.372577171572146,5.743000717875102,18.574925210769642,5.042750862299172,28.994082840236686,0.92675570874623,0.9060749676863421,0.9392503231365791,0.8078414476518742,0.977165015079707,0.991813873330461,0.981042654028436,92.36959407842527,2026-09-29 15:44:06
70,8111O,8111.TWO,立碁,光電業,79.69999694824219,77.65999908447266,77.07447558603529,19.659814102267344,27.608470790918705,24.342209589159513,8.310114189957996,-1.3837695960792318,11.157601590659663,0.967255493321844,0.8431710469625161,0.9707022834984921,0.9711331322705731,0.9138302455838001,0.8259370960792761,0.9052132701421801,92.26683247109118,2026-09-29 15:44:06
71,6425O,6425.TWO,易發,電機機械,74.0,73.11999969482422,66.27176571122148,29.284414153494243,19.281090040047278,17.86261172062915,12.08724583564793,-2.2286392649338738,20.91503117237177,0.925463162429987,0.9302024989228781,0.9465747522619561,0.950883239982766,0.9461439034898751,0.7027143472641103,0.9625161568289531,92.16080850818184,2026-09-29 15:44:06
72,2069,2069.TW,運錩,鋼鐵工業,26.5,25.38000030517578,59.34910780027276,31.785415541290103,29.042729827510392,23.588849901997342,14.027538913502813,-1.6093927676911757,7.505072657603678,0.8961654459284791,0.944420508401551,0.975441619991383,0.9707022834984921,0.9569151227919,0.7906074967686342,0.8560965101249461,92.09831546791696,2026-09-29 15:44:06
73,3543,3543.TW,州巧,光電業,50.20000076293945,46.79000015258789,63.42329858274876,26.631361985549475,29.805208419879612,20.987761543158044,11.03738270422927,-2.010576354997806,18.95734562883159,0.9125376992675571,0.9138302455838001,0.977165015079707,0.9642395519172771,0.9388194743644981,0.7298578199052133,0.951744937526928,91.88048451115002,2026-09-29 15:44:06
74,4903O,4903.TWO,聯光通,通信網路業,42.79999923706055,42.26999969482422,62.93051613846794,33.1249155584482,14.617271472463234,13.19794664779872,14.087696336349588,-2.1231205055420643,28.14370443635566,0.910814304179233,0.950021542438604,0.9241706161137441,0.9224472210254201,0.957776820336062,0.7169323567427833,0.9788884101680311,91.83895560639434,2026-09-29 15:44:06
75,6505,6505.TW,台塑化,油電燃氣業,94.30000305175781,88.9,57.73155699807593,24.863938442053303,24.944797495728245,17.789948440125624,13.375417994281458,0.839128567961045,12.799048771452995,0.8849633778543731,0.8957345971563981,0.965101249461439,0.949590693666523,0.951314088754847,0.9556225764756571,0.919431279620853,91.53519866422877,2026-09-29 15:44:06
76,7547O,7547.TWO,碩網,數位雲端,65.30000305175781,56.24000091552735,53.143606537013866,30.80348651035108,24.854613329414278,7.53174946084556,26.50748855907683,9.62355072864398,34.639181550016104,0.8530805687203792,0.9383886255924171,0.9638087031451961,0.8552348125807842,0.990952175786299,0.999569151227919,0.989659629470056,91.49925570057738,2026-09-29 15:44:06
77,6706,6706.TW,惠特,光電業,151.0,150.2,81.72071411489455,37.799236458714994,21.636861582943556,20.992427879192867,10.078367049389447,-7.419074435505624,9.818181818181818,0.977165015079707,0.9642395519172771,0.9569151227919,0.964670400689358,0.9302024989228781,0.2050840155105558,0.8957345971563981,91.48922486483396,2026-09-29 15:44:06
78,8046,8046.TW,南電,電子零組件業,1270.0,1189.0,70.70852558042961,27.429972992022584,11.216521929504486,4.123184704079397,12.98932384341638,-0.6381416161187925,17.59259259259259,0.9461439034898751,0.9198621283929341,0.8944420508401552,0.7699267557087462,0.9487289961223611,0.8957345971563981,0.9470056010340371,91.44724472806712,2026-09-29 15:44:06
79,6945O,6945.TWO,圓祥生技,生技醫療業,140.0,137.0,57.76470372029294,64.56342478240967,33.29524858917947,30.43892183369705,25.044658125033912,-5.4709408695650446,42.13197969543147,0.8853942266264541,0.991813873330461,0.98276604911676,0.981042654028436,0.990521327014218,0.33649289099526064,0.994829814735028,91.2321211633674,2026-09-29 15:44:06
80,3691O,3691.TWO,碩禾,光電業,118.5,114.4,69.92036265236945,35.23011116784625,6.521641349031815,2.8360824500357706,16.42186936535981,-1.0144842534312581,27.009642147881372,0.940973718224903,0.957776820336062,0.8263679448513572,0.7281344248168893,0.972856527358897,0.8604049978457562,0.976734166307626,91.05768109172419,2026-09-29 15:44:06
81,3167,3167.TW,大量,電機機械,903.0,882.4,81.06079107404946,26.980544095083964,20.925353480119192,18.16670200537891,7.58324894263418,-5.204871746569872,9.057971014492754,0.975872468763464,0.9168461869883671,0.9543300301594141,0.9547608789314951,0.9086600603188281,0.35501938819474366,0.8862559241706162,90.89926753634114,2026-09-29 15:44:06
82,8431O,8431.TWO,匯鑽科,其他電子業,66.30000305175781,64.24000091552735,80.49023278195826,25.222504613708914,25.61576935909564,21.71277175256523,6.480369838586841,-5.444289396197788,16.520213134974444,0.975010771219302,0.9000430848772081,0.966824644549763,0.965962947005601,0.8991813873330461,0.33950883239982765,0.941404566996984,90.84208036213907,2026-09-29 15:44:06
83,6179O,6179.TWO,亞通,其他業,37.45000076293945,36.46999893188477,85.34551662356891,41.366655272074894,28.18392109292345,24.829569295228726,8.323091247718484,-10.24187568443219,4.7552468893411275,0.984058595433003,0.970271434726411,0.9724256785868161,0.9724256785868161,0.9146919431279621,0.10814304179233089,0.7733735458853942,90.78094101790784,2026-09-29 15:44:06
84,6922O,6922.TWO,宸曜,電腦及週邊設備業,225.0,210.4,58.28496148389611,23.253122045540444,17.340286831812257,9.726205997392444,12.994350282485879,1.2253259862020194,20.967741935483872,0.8892718655751831,0.8823782852218871,0.9388194743644981,0.8849633778543731,0.949590693666523,0.9629470056010341,0.9629470056010341,90.7022451178382,2026-09-29 15:44:06
85,6870O,6870.TWO,騰雲,數位雲端,330.5,321.3,71.75127513908772,27.60876461561013,20.16176988462921,16.81687341582865,9.003957783641159,-4.21813679475036,7.830342577487764,0.952175786299009,0.9211546747091771,0.950452391210685,0.944420508401551,0.9220163722533391,0.46100818612666955,0.8642826367944851,90.67975094275073,2026-09-29 15:44:06
86,1617,1617.TW,榮星,電器電纜,21.899999618530273,20.2,59.344936956935335,24.417681076759155,13.968513486474322,5.1216444076486844,17.347620792721695,4.579657208546295,25.142854963030132,0.8957345971563981,0.8935803532959931,0.9202929771650151,0.7923308918569582,0.974579922447221,0.9879362343817321,0.974579922447221,90.53316796458108,2026-09-29 15:44:06
87,6708O,6708.TWO,天擎,半導體業,47.04999923706055,41.42000045776367,54.370453930875996,24.17917417940504,21.849099872967837,7.268647276427265,21.169197941326857,8.100316084096315,26.819410167577296,0.8586816027574321,0.8909952606635071,0.958207669108143,0.8479103834554071,0.984920292977165,0.998276604911676,0.976303317535545,90.32585538159265,2026-09-29 15:44:06
88,6885,6885.TW,全福生技,生技醫療業,31.0,30.720000076293946,59.90897661539925,42.815845756805174,33.89482725762119,32.685454953854446,13.761467093641189,-6.298152215667008,14.391142301226651,0.9000430848772081,0.972856527358897,0.983627746660922,0.984920292977165,0.9551917277035761,0.26971133132270575,0.927186557518311,90.28634405445032,2026-09-29 15:44:06
89,5230O,5230.TWO,雷笛克光學,光電業,22.149999618530273,22.049999618530272,54.387730173712654,36.30440041768,18.671308339268045,18.135546215642574,14.455496088350927,-3.1287645206394488,19.729727667731208,0.8591124515295131,0.960792761740629,0.944420508401551,0.9538991813873331,0.959931064196467,0.5889702714347264,0.9551917277035761,89.93688820135651,2026-09-29 15:44:06
90,8201,8201.TW,無敵,其他電子業,14.600000381469727,12.860000228881836,53.59042152203456,23.577202139093277,20.944363518477328,6.530445335030577,21.161828891864953,8.384779604216508,22.17573735984479,0.8560965101249461,0.8849633778543731,0.9551917277035761,0.8280913399396812,0.984489444205084,0.998707453683757,0.966824644549763,89.8246662815116,2026-09-29 15:44:06
91,2404,2404.TW,漢唐,其他電子業,1220.0,1205.0,64.82788071345217,29.116637524334106,8.702108702108703,7.365607365607363,11.824014665444537,-2.386822822006629,21.393034825870647,0.919000430848772,0.9289099526066351,0.8625592417061612,0.8509263248599741,0.94398965962947,0.6837570012925464,0.965101249461439,89.80898726576585,2026-09-29 15:44:06
92,3707O,3707.TWO,漢磊,半導體業,72.9000015258789,69.76000061035157,53.02260774115278,27.276355653469526,12.00594295477213,7.181543008804536,14.94796751764249,1.1525965269390204,23.141892882400036,0.8522188711762172,0.918569582076691,0.9065058164584231,0.8444635932787592,0.9629470056010341,0.961654459284791,0.96984058595433,89.61327186412292,2026-09-29 15:44:06
93,2061O,2061.TWO,風青,電器電纜,59.400001525878906,55.65999984741211,76.95913168386102,27.801654166471714,6.240594461118243,-0.4486309833084401,14.252743511334987,0.30896740358343777,26.248676916216517,0.966393795777682,0.9228780697975011,0.8194743644980612,0.5260663507109005,0.959069366652305,0.943558810857389,0.975872468763464,89.56813310327762,2026-09-29 15:44:06
94,2481,2481.TW,強茂,半導體業,175.5,172.4,59.568437791043735,22.274224398366556,13.800929428293518,11.790770560899166,9.362829101106085,-1.596481196035815,17.0,0.8978888410168031,0.8724687634640241,0.9172770357604481,0.910383455407152,0.9250323136579061,0.7949159844894442,0.943127962085308,89.39295653800691,2026-09-29 15:44:06
95,6603O,6603.TWO,富強鑫,電機機械,29.25,28.09000015258789,56.61624287990779,23.82582484369298,11.997447351627311,7.5558397674073685,11.705175369289943,-0.18562384631140016,20.123201403557914,0.8733304610081861,0.8866867729426972,0.9060749676863421,0.8556656613528651,0.942697113313227,0.927617406290392,0.958207669108143,89.2634114581915,2026-09-29 15:44:06
96,6278,6278.TW,台表科,光電業,216.0,209.0,54.54430932998973,21.1894487965287,19.9500208246564,16.06275163126476,10.218140068886349,-0.3405084025725147,15.81769436997319,0.8604049978457562,0.8608358466178372,0.949590693666523,0.9383886255924171,0.9306333476949591,0.9168461869883671,0.9366652305040931,89.23581888003488,2026-09-29 15:44:06
97,6485O,6485.TWO,點序,半導體業,70.0,69.74000091552735,61.17870421960738,27.09090371556811,8.881629855124928,8.477213796864591,11.005390951796446,-2.2370432848063615,17.252929824842777,0.9034898750538561,0.91813873330461,0.8664368806548901,0.8703145196036192,0.9383886255924171,0.7014218009478673,0.9459284791038346,89.20408482186734,2026-09-29 15:44:06
98,4768O,4768.TWO,晶呈科技,化學工業,357.5,328.1,58.20286885974121,19.325770631866547,15.402060944945163,5.911653695207009,15.452930728241565,5.279858719408548,20.777027027027025,0.8888410168031021,0.8362774666092202,0.9289099526066351,0.8125807841447652,0.967686342093925,0.993537268418785,0.9620853080568721,89.16333131005047,2026-09-29 15:44:06
99,6205,6205.TW,詮欣,電子零組件業,71.0999984741211,70.43999938964843,70.51528678802174,24.196403735791982,11.54399006241691,10.508562032887214,7.768092596854959,-3.8627820954201475,15.986948383411557,0.943558810857389,0.8918569582076691,0.9000430848772081,0.8948728996122362,0.90952175786299,0.5036622145626884,0.9375269280482551,89.13526675358327,2026-09-29 15:44:06
100,4563O,4563.TWO,百德,電機機械,51.400001525878906,49.75999984741211,48.66184544384406,23.869786742245815,22.286330205369808,18.384583496483465,12.080247455568438,0.1298559189792714,15.505621406469453,0.8211977595863852,0.8875484704868591,0.959500215424386,0.9556225764756571,0.9457130547177941,0.9383886255924171,0.9327875915553641,89.01191444412856,2026-09-29 15:44:06
101,6742,6742.TW,澤米,光電業,54.20000076293945,54.16000061035156,56.996335070334126,36.78005219749869,15.237421424113773,15.152375033414245,12.670201474061503,-4.831339947435199,19.911504088688673,0.8767772511848341,0.9620853080568721,0.9284791038345541,0.9323567427832831,0.9474364498061181,0.39207238259370963,0.9560534252477381,88.87580316056385,2026-09-29 15:44:06
102,3026,3026.TW,禾伸堂,電子零組件業,796.0,789.0,80.65251622155047,22.82474757525513,13.139161642602492,12.144219266348454,5.766675524847198,-5.067388900215075,6.989247311827956,0.975441619991383,0.8772080999569152,0.9133993968117191,0.9146919431279621,0.8897027143472641,0.37139164153382165,0.8436018957345972,88.79633446084281,2026-09-29 15:44:06
103,2724O,2724.TWO,藝舍-KY,其他業,13.100000381469727,12.230000114440918,44.630238527941266,28.31278333408398,18.462701945316805,10.595329477819448,18.955736616706087,4.204184171887859,22.429912289591144,0.7880224041361482,0.9241706161137441,0.943558810857389,0.8957345971563981,0.977595863851788,0.985781990521327,0.968117190866006,88.70018573643162,2026-09-29 15:44:06
104,3162O,3162.TWO,精確,電機機械,80.9000015258789,76.05999908447265,64.37457537684776,15.941135586938348,15.963497836434271,9.025752446370095,10.996778649469242,2.8028109121262856,14.589239765399356,0.9159844894442051,0.7682033606204223,0.9323567427832831,0.8759155536406721,0.9379577768203361,0.9788884101680311,0.9284791038345541,88.63586183524771,2026-09-29 15:44:06
105,3563,3563.TW,牧德,光電業,794.0,737.4,48.95457405239593,24.044649468460324,16.770429923035437,8.446492475121325,14.84776162580459,2.5222087635457413,20.485584218512898,0.8250753985351141,0.8892718655751831,0.9375269280482551,0.8694528220594572,0.9620853080568721,0.975872468763464,0.960361912968548,88.6311472387168,2026-09-29 15:44:06
106,6872O,6872.TWO,浩宇生醫,生技醫療業,24.0,23.310000228881837,109.75226127662658,68.3319404944775,36.77162033487021,32.839437554598504,12.901329044027854,-15.849504284897865,-3.420524621414329,0.997845756139595,0.994398965962947,0.984920292977165,0.985351141749246,0.9482981473502801,0.03662214562688496,0.1038345540715209,88.53063660486394,2026-09-29 15:44:06
107,3035,3035.TW,智原,半導體業,210.0,202.9,47.10488503324517,27.36515150696664,14.145943742356293,10.286723739638548,14.083933179410568,0.35305096077131726,23.893805309734514,0.8069797501077122,0.919000430848772,0.9207238259370961,0.8922878069797501,0.957345971563981,0.9461439034898751,0.9715639810426541,88.52385775154613,2026-09-29 15:44:06
108,6240O,6240.TWO,松崗,資訊服務業,25.5,24.960000228881835,75.57431141175456,25.653729697534033,20.62916401944692,18.074665158243896,3.7428803100594488,-8.05126026579195,11.842109005647258,0.9633778543731151,0.9043515725980181,0.9534683326152521,0.953037483843171,0.8319689788884101,0.17578629900904783,0.9125376992675571,88.51042452270673,2026-09-29 15:44:06
109,6405,6405.TW,悅城,光電業,45.54999923706055,42.41999969482422,65.06020174510793,20.18635348645207,9.385629379663873,1.8691205844888703,13.612270475620235,3.196468515575579,18.774448629504054,0.9211546747091771,0.8522188711762172,0.8741921585523481,0.6764325721671693,0.9534683326152521,0.981473502800517,0.950883239982766,88.46851699798765,2026-09-29 15:44:06
110,3042,3042.TW,晶技,電子零組件業,208.5,195.3,51.230325406363896,20.857714946835884,15.78508954602249,8.454810495626841,13.670437508518463,2.935446503085326,18.46590909090909,0.8440327445066782,0.8586816027574321,0.9314950452391211,0.8698836708315382,0.9547608789314951,0.9793192589401121,0.950021542438604,88.41569691980212,2026-09-29 15:44:06
111,8028,8028.TW,昇陽半導體,半導體業,289.0,267.4,59.48757945155684,27.38273751495102,8.178925697173888,0.09358038555118409,17.647058823529417,3.4793231089442767,28.159645232815965,0.8965962947005601,0.919431279620853,0.8539422662645412,0.5687203791469194,0.975441619991383,0.984058595433003,0.9793192589401121,88.2783719777245,2026-09-29 15:44:06
112,3623O,3623.TWO,富晶通,光電業,29.149999618530273,28.239999771118164,52.04212527141861,32.45582266434358,25.768524415785276,21.8423035058249,11.333905670268706,-4.210697418382003,7.366482608106449,0.8479103834554071,0.9478672985781991,0.967255493321844,0.966393795777682,0.9405428694528221,0.4627315812149935,0.8535114174924602,88.18177720787693,2026-09-29 15:44:06
113,1809,1809.TW,中釉,玻璃陶瓷,45.0,42.23999938964844,48.822417914946804,25.106919990178493,13.278792146134165,6.331024691395992,15.510493107899759,2.6272254206485712,20.160211170227882,0.8237828522188712,0.8996122361051271,0.9138302455838001,0.8242137009909521,0.968117190866006,0.978026712623869,0.958638517880224,88.16952651810138,2026-09-29 15:44:06
114,3455O,3455.TWO,由田,光電業,267.0,254.6,52.5920745629213,21.522363971050666,19.276301094482907,13.736877373241008,9.25831202046037,-1.356856200091261,14.346895074946467,0.8496337785437311,0.8655751831107281,0.9461439034898751,0.92675570874623,0.9246014648858251,0.8272296423955192,0.92675570874623,88.16598927405948,2026-09-29 15:44:06
115,8047O,8047.TWO,星雲,其他電子業,51.0,47.50999984741211,55.98049141871273,21.247280156781432,13.394230106519522,5.6345069619246235,11.860503559451207,1.1180824281175505,7.594933245214366,0.8703145196036192,0.8616975441619992,0.9146919431279621,0.8043946574752262,0.944420508401551,0.959931064196467,0.8595433003015941,87.91900458010863,2026-09-29 15:44:06
116,3268O,3268.TWO,海德威,半導體業,21.5,20.160000228881835,48.86139871499202,25.902840552579686,11.403773470386458,4.460469705176329,17.10239687912052,3.675010542299506,23.209163667556908,0.8246445497630331,0.9069366652305041,0.8974579922447221,0.7781128823782852,0.973718224903059,0.984920292977165,0.970271434726411,87.89040061985793,2026-09-29 15:44:06
117,1591O,1591.TWO,駿吉-KY,電機機械,41.099998474121094,40.97999954223633,66.20764417780266,23.132519943491506,13.031118283215237,12.70110334483836,6.559498563828781,-4.487702114586378,9.599995930989582,0.9250323136579061,0.8802240413614821,0.9116760017233951,0.918569582076691,0.9000430848772081,0.4239551917277036,0.8927186557518311,87.77983840396227,2026-09-29 15:44:06
118,8240O,8240.TWO,華宏,光電業,54.5,52.3,62.618462400186836,16.056415337361248,18.716985538007535,13.924740250234734,6.763309002219264,-1.1708966516789432,7.920792079207921,0.909952606635071,0.7738043946574752,0.944851357173632,0.927186557518311,0.902197328737613,0.8457561395950022,0.8660060318828091,87.73680539250259,2026-09-29 15:44:06
119,3532,3532.TW,台勝科,半導體業,454.0,445.2,57.14598555178079,23.229275385907368,16.62206999892968,14.3615541046773,8.314445902421564,-2.9567732859652085,7.328605200945626,0.8789314950452392,0.8819474364498061,0.9366652305040931,0.9289099526066351,0.9142610943558811,0.6122361051271004,0.8530805687203792,87.68926524750569,2026-09-29 15:44:06
120,8021,8021.TW,尖點,其他電子業,480.0,476.2,65.39899486367929,18.298529289414233,10.899324207243112,10.021371223935782,6.743759381775716,-2.2038675851473455,14.695340501792115,0.9220163722533391,0.8190435157259802,0.8909952606635071,0.8892718655751831,0.901766479965532,0.7057302886686773,0.9289099526066351,87.64820313448575,2026-09-29 15:44:06
121,6532O,6532.TWO,瑞耘,半導體業,108.0,100.58000030517579,53.599325735255846,14.950568610344138,27.727513790288793,18.952160888949933,10.92281559863222,3.207743357692361,15.879832120570633,0.8565273588970271,0.7401981904351572,0.9719948298147351,0.958638517880224,0.9370960792761741,0.981904351572598,0.9370960792761741,87.21740622815315,2026-09-29 15:44:06
122,2368,2368.TW,金像電,電子零組件業,1120.0,1090.0,75.34948599893565,26.487395717990925,10.859989771846191,7.890525760100298,4.263638056227892,-7.929853910236162,8.737864077669903,0.9629470056010341,0.9112451529513141,0.8905644118914261,0.8608358466178372,0.8530805687203792,0.1809564842740198,0.8810857389056441,87.07293937251882,2026-09-29 15:44:06
123,2340,2340.TW,台亞,半導體業,38.0,35.099999237060544,50.55973831066647,17.95971889518419,16.071883609486328,7.213763845714483,13.61937645416267,4.257224252341496,20.063192600330908,0.8392934080137872,0.8134424816889272,0.933218440327445,0.8457561395950022,0.9538991813873331,0.986643688065489,0.957776820336062,87.07290306649492,2026-09-29 15:44:06
124,6674,6674.TW,鋐寶科技,通信網路業,18.25,18.110000228881837,46.749654042024815,24.896876545837298,13.571540192465026,12.700307883835848,10.959112069751974,-1.3244525455764822,15.506327719551669,0.8052563550193882,0.8974579922447221,0.9155536406721241,0.91813873330461,0.9375269280482551,0.8328306764325721,0.933218440327445,87.07256075255539,2026-09-29 15:44:06
125,2254,2254.TW,巨鎧精密-創,汽車工業,91.80000305175781,85.62000122070313,32.749179028292694,55.766315842177995,43.60953682629953,33.94170271911481,28.445505741936028,0.4397356383661011,39.5136759789336,0.6570443774235244,0.986643688065489,0.989659629470056,0.98707453683757,0.993106419646704,0.9487289961223611,0.99138302455838,87.01632272154933,2026-09-29 15:44:06
126,2436,2436.TW,偉詮電,半導體業,75.9000015258789,71.78000030517578,55.24599280825478,15.680563746685342,17.13867101374762,10.780153782313429,10.859566497497998,2.7997744179688144,13.114758944669378,0.8629900904782422,0.7574321413183972,0.9379577768203361,0.8983196897888841,0.9366652305040931,0.97845756139595,0.9202929771650151,86.75116426935396,2026-09-29 15:44:06
127,4919,4919.TW,新唐,半導體業,135.5,132.9,58.654242812202654,25.915186091735453,4.592821304515615,2.5858741798533424,11.339359079704181,-1.4326030880513096,20.444444444444446,0.8914261094355881,0.9082292115467471,0.7656182679879362,0.7160706591986212,0.940973718224903,0.8190435157259802,0.959931064196467,86.68097435202434,2026-09-29 15:44:06
128,6291O,6291.TWO,沛亨,半導體業,499.0,497.0,60.43482466280242,26.712392761864617,19.480415826964915,19.001536404812747,5.368737792324341,-7.046336101262785,4.393305439330543,0.9026281775096942,0.9146919431279621,0.9487289961223611,0.959069366652305,0.8815165876777251,0.22791900043084878,0.7608789314950453,86.59736676557984,2026-09-29 15:44:06
129,7770O,7770.TWO,君曜,半導體業,42.95000076293945,40.39000015258789,49.217183408130495,23.9625173934805,9.484866167746574,2.9591078619274347,14.464657039372808,2.2176910418179263,19.140087855495665,0.8276604911676002,0.8884101680310211,0.8759155536406721,0.7324429125376992,0.960361912968548,0.9707022834984921,0.95260663507109,86.57953013470001,2026-09-29 15:44:06
130,3711,3711.TW,日月光投控,半導體業,687.0,687.0,52.20979703814581,24.481022616818553,10.982472200533099,10.982472200533099,9.021661509164481,-2.867814625683751,11.165048543689322,0.8492029297716501,0.8944420508401552,0.8922878069797501,0.9004739336492891,0.9228780697975011,0.6242998707453684,0.9056441189142611,86.5398580237376,2026-09-29 15:44:06
131,6166,6166.TW,凌華,電腦及週邊設備業,135.0,129.2,52.05965306350897,25.469684602183346,6.403940886699511,1.8325123152709288,14.50381679389312,1.5691461988981859,20.0,0.8483412322274881,0.902197328737613,0.8246445497630331,0.6721240844463593,0.960792761740629,0.966393795777682,0.9566996984058596,86.42441264762869,2026-09-29 15:44:06
132,3550,3550.TW,聯穎,電子零組件業,26.200000762939453,24.479999923706053,50.531799918447184,18.893865049647914,11.536827005793814,4.214558667284329,12.894540855943681,3.1500273708792825,19.36218611516284,0.8384317104696252,0.8311072813442482,0.8996122361051271,0.7720809995691512,0.9478672985781991,0.980611805256355,0.9538991813873331,86.24368904056507,2026-09-29 15:44:06
133,3615O,3615.TWO,安可,光電業,41.650001525878906,38.61000061035156,53.78064316610014,21.625437845295803,9.043310512688452,1.0843248789247584,14.399508948428918,3.2368035552712726,23.042846095609278,0.8578199052132701,0.8660060318828091,0.8698836708315382,0.6290392072382593,0.959500215424386,0.983196897888841,0.968978888410168,86.23657824645741,2026-09-29 15:44:06
134,00715L,00715L.TW,期街口S&P布蘭特油正2,nan,67.9000015258789,64.5400001525879,71.11707750078784,39.697060505307796,32.3367500406843,25.788124828885195,7.871953997266079,-9.993093974652734,-3.892427375238884,0.9482981473502801,0.966824644549763,0.981904351572598,0.974579922447221,0.909952606635071,0.11676001723395088,0.08444635932787592,86.0740413640754,2026-09-29 15:44:06
135,3169O,3169.TWO,亞信,半導體業,115.5,110.6,48.72071513752135,18.637177603826558,12.39052842767705,7.622445403472566,9.843081312410828,0.47978346248864767,15.5,0.8224903059026282,0.8250753985351141,0.9086600603188281,0.8573890564411891,0.9289099526066351,0.950021542438604,0.9323567427832831,85.98277320659001,2026-09-29 15:44:06
136,4960,4960.TW,誠美材,光電業,23.450000762939453,23.100000381469727,49.85793403765029,23.16786668376519,9.13321972996799,7.504363981831963,9.400516057261509,-1.956748807134534,15.802472903404707,0.8328306764325721,0.8815165876777251,0.8711762171477812,0.8543731150366222,0.925463162429987,0.7363205514864283,0.935803532959931,85.83952519604344,2026-09-29 15:44:06
137,5355O,5355.TWO,佳總,電子零組件業,7.0,6.9079999923706055,46.523545546746384,32.02990190831046,16.060572834646592,14.535205179466693,10.42751287382291,-4.816136225873391,18.845503542883975,0.8039638087031452,0.9457130547177941,0.9327875915553641,0.9293408013787161,0.9323567427832831,0.3929340801378716,0.951314088754847,85.8211595345298,2026-09-29 15:44:06
138,7751O,7751.TWO,竑騰,半導體業,1555.0,1474.0,78.1240634108453,23.297210739879432,9.848707835403548,4.126685112144579,3.6148592370481403,-7.195563353677659,9.12280701754386,0.970271434726411,0.8832399827660491,0.8806548901335631,0.7703576044808272,0.8267987936234382,0.21714778112882377,0.8871176217147781,85.74125516252208,2026-09-29 15:44:06
139,5310O,5310.TWO,天剛,資訊服務業,29.0,26.68000030517578,42.20756882683387,20.888578619885198,16.426899074071642,7.112748373341415,15.895694140537708,4.935886558422853,18.367346938775512,0.7669108143041792,0.8591124515295131,0.934941835415769,0.8436018957345972,0.970271434726411,0.990952175786299,0.949159844894442,85.72881775605225,2026-09-29 15:44:06
140,3311,3311.TW,閎暉,通信網路業,38.150001525878906,37.470000457763675,50.625375180950925,31.576648787029203,12.365622263221908,10.36277193288595,9.61856548832365,-5.32848103425575,9.000004359654017,0.8401551055579491,0.942266264541146,0.9082292115467471,0.8931495045239121,0.9280482550624731,0.34769495906936665,0.8845325290822921,85.71004754170094,2026-09-29 15:44:06
141,3114O,3114.TWO,好德,電子零組件業,35.0,32.85,57.363999894626325,19.77232698171496,7.251035141857343,0.6627572688575389,11.717441606491509,1.6665229337871956,17.252929824842777,0.8819474364498061,0.8436018957345972,0.8405859543300301,0.6070659198621284,0.943127962085308,0.968117190866006,0.9459284791038346,85.63712689271729,2026-09-29 15:44:06
142,5347O,5347.TWO,世界,半導體業,178.5,173.4,43.459829931502576,23.898938661948826,11.481211616529619,8.296034141771624,11.197632767481691,-0.6715856430457356,13.333333333333334,0.7789745799224472,0.8879793192589401,0.8983196897888841,0.8677294269711331,0.9396811719086601,0.8927186557518311,0.9215855234812581,85.57723491973542,2026-09-29 15:44:06
143,1303,1303.TW,南亞,塑膠工業,247.0,236.7,63.07499675652205,12.315871868366903,21.450522433927468,16.385986478180705,5.589398311424598,-0.5355582865809838,5.330490405117271,0.9116760017233951,0.6626454114605773,0.9564842740198191,0.941835415769065,0.8862559241706162,0.9069366652305041,0.7949159844894442,85.36311755055497,2026-09-29 15:44:06
144,8147O,8147.TWO,正淩,電子零組件業,148.0,139.0,51.315768741965314,15.60508576628119,13.685827678914354,6.7725003200614475,10.612855007473843,2.6069070813845796,13.846153846153847,0.8461869883670832,0.7548470486859112,0.9164153382162861,0.8354157690650582,0.934510986643688,0.977165015079707,0.9233089185695821,85.24122785520555,2026-09-29 15:44:06
145,6877O,6877.TWO,鏵友益,其他電子業,128.0,124.3,55.77809013687654,19.244822834106788,5.785123966942152,2.7272727272727337,9.612502676086487,-0.009038973727015787,14.285714285714285,0.8690219732873762,0.8349849202929772,0.8056872037914692,0.7229642395519172,0.927617406290392,0.9327875915553641,0.925463162429987,85.16101228870737,2026-09-29 15:44:06
146,6227O,6227.TWO,茂綸,電子通路業,136.0,134.6,48.27860235823876,32.83576667395726,13.341204250295169,12.174456559483303,9.41271118262268,-6.01726466206145,6.666666666666667,0.8173201206376561,0.949159844894442,0.9142610943558811,0.9155536406721241,0.925894011202068,0.29039207238259374,0.8354157690650582,84.73215516136547,2026-09-29 15:44:06
147,6231O,6231.TWO,系微,資訊服務業,241.0,229.8,55.77100098172926,18.18794061898936,6.668633815284752,1.7114192977279563,9.895120839033279,0.7343673782022719,15.587529976019185,0.8685911245152951,0.8186126669538992,0.8298147350280052,0.6656613528651444,0.9293408013787161,0.9534683326152521,0.934080137871607,84.72350914110474,2026-09-29 15:44:06
148,8438,8438.TW,昶昕,綠能環保,80.0,75.63999938964844,41.93665492521573,21.311338942966707,11.557859097879831,5.477954925926465,13.298399904942126,2.388246753267187,19.402985074626866,0.7647565704437742,0.8634209392503231,0.9004739336492891,0.8000861697544162,0.950883239982766,0.97414907367514,0.9543300301594141,84.67481238991817,2026-09-29 15:44:06
149,3680O,3680.TWO,家登,半導體業,548.0,540.8,64.87872268869374,14.627995877600645,12.722410778566285,11.241386403373443,4.217182522702401,-2.885751603312714,7.450980392156863,0.919431279620853,0.7328737613097802,0.909952606635071,0.9056441189142611,0.8509263248599741,0.6208530805687204,0.8556656613528651,84.601728363827,2026-09-29 15:44:06
150,6141,6141.TW,柏承,電子零組件業,52.900001525878906,51.25999984741211,63.8920666984628,22.602475706706873,22.39232151355135,18.597924407239795,2.0447557294964724,-8.3166030336994,3.7254931879978552,0.9151227919000431,0.8750538560965101,0.960361912968548,0.9564842740198191,0.7389056441189142,0.16199913830245583,0.7311503662214562,84.43165538820033,2026-09-29 15:44:06
151,7822,7822.TW,倍利科,半導體業,976.0,898.8,49.370431153127974,22.0182122753244,9.337366268974412,0.688959838682579,10.601167204940776,-0.3674824047457226,17.026378896882495,0.8289530374838432,0.8698836708315382,0.8733304610081861,0.6079276174062904,0.934080137871607,0.9146919431279621,0.943558810857389,84.39249156157238,2026-09-29 15:44:06
152,2426,2426.TW,鼎元,光電業,99.80000305175781,98.62000274658203,83.60205147634309,15.787378685726331,27.72629238151827,26.216101405762494,1.134983757113539,-6.26422696907869,2.7806432750421917,0.981473502800517,0.7613097802671263,0.9715639810426541,0.975441619991383,0.6747091770788454,0.2722964239551917,0.6790176647996553,84.2708041426418,2026-09-29 15:44:06
153,6122O,6122.TWO,擎邦,電機機械,59.70000076293945,55.540000915527344,35.27454651401173,22.691757748285323,19.37612590603177,11.057789905908578,15.39019191659845,3.6322072117524806,17.519688306188034,0.6923739767341663,0.8763464024127531,0.9474364498061181,0.901766479965532,0.966824644549763,0.984489444205084,0.9465747522619561,84.130932592317,2026-09-29 15:44:06
154,6199O,6199.TWO,天品,其他業,126.0,120.6,29.653337395838246,41.99533700368184,25.1593466430184,19.795374644031895,20.89810052672396,-0.08228916833669109,28.048778502165344,0.6066350710900474,0.9715639810426541,0.966393795777682,0.960792761740629,0.98276604911676,0.9297716501507971,0.978026712623869,84.09224074399965,2026-09-29 15:44:06
155,4566,4566.TW,時碩工業,電機機械,73.19999694824219,69.2,46.04804988081612,19.07568695985532,8.664451920519966,2.7265080108798356,12.02080780897865,2.2667639330566036,12.788898655192874,0.8022404136148212,0.8328306764325721,0.8608358466178372,0.7225333907798362,0.9452822059457131,0.9711331322705731,0.919000430848772,83.81515835624373,2026-09-29 15:44:06
156,8027O,8027.TWO,鈦昇,電機機械,202.0,184.6,57.795937145679744,18.35110281071916,7.375415282392028,-1.8737541528239254,13.26044294925708,3.7415808679826634,20.597014925373134,0.8858250753985352,0.8203360620422232,0.8431710469625161,0.4093063334769496,0.950452391210685,0.985351141749246,0.96122361051271,83.68573256764967,2026-09-29 15:44:06
157,8437O,8437.TWO,大地-KY,其他業,10.100000381469727,9.75399990081787,48.796923720084074,18.058735009347355,7.410628398809638,3.731011799854822,8.607994469458081,-0.3864766391472929,11.23348531205001,0.8233520034467902,0.8160275743214132,0.8436018957345972,0.7600172339508833,0.91813873330461,0.9138302455838001,0.9060749676863421,83.6392764167946,2026-09-29 15:44:06
158,7711,7711.TW,永擎,電腦及週邊設備業,546.0,542.4,107.4521553101895,33.98635082390929,25.87654415861367,25.046588922403036,-2.665121668597925,-16.802943429248806,2.824858757062147,0.997414907367514,0.9534683326152521,0.967686342093925,0.972856527358897,0.18224903059026282,0.02972856527358897,0.6824644549763034,83.45535009976636,2026-09-29 15:44:06
159,2032,2032.TW,新鋼,鋼鐵工業,19.899999618530273,18.089999771118165,37.73013360170288,17.208481462736845,18.876939562563955,8.06451511062065,15.178698668600553,6.0535922842037015,17.0588212854722,0.7281344248168893,0.8035329599310642,0.9457130547177941,0.8651443343386471,0.96553209823352,0.995260663507109,0.944420508401551,83.37243751435061,2026-09-29 15:44:06
160,6924,6924.TW,榮惠-KY創,電子零組件業,135.0,134.7,66.90959492852656,28.854418687989806,14.313133259638144,14.059104074616723,5.119719680747514,-8.133982919453109,-4.593639575971731,0.927617406290392,0.92675570874623,0.9224472210254201,0.927617406290392,0.8780697975010772,0.17104696251615684,0.06591986212839293,83.19962602720761,2026-09-29 15:44:06
161,7768,7768.TW,頌勝科技,半導體業,304.0,298.7,48.6867545577176,22.461828879951668,5.864940944310626,4.019269276531512,8.377896613190728,-2.564950437699298,15.5893536121673,0.8220594571305472,0.8737613097802671,0.8078414476518742,0.7664799655320982,0.9159844894442051,0.6596294700560104,0.934510986643688,83.11893848239885,2026-09-29 15:44:06
162,6182O,6182.TWO,合晶,半導體業,121.0,118.2,66.53288681684356,19.283883348275204,1.4703416537840797,-0.8777323679563742,8.520179372197312,-1.0231142250966663,15.789473684210526,0.926324859974149,0.8358466178371392,0.6497199482981474,0.4980611805256355,0.917707884532529,0.8586816027574321,0.93537268418785,82.66972923537907,2026-09-29 15:44:06
163,3541O,3541.TWO,西柏,其他電子業,24.450000762939453,24.110000228881837,36.69139784356769,19.82284658851317,11.673584922344048,10.120657424228074,9.090913423374714,-0.7465191936284699,11.899315039256027,0.7156398104265402,0.8457561395950022,0.902197328737613,0.8901335631193451,0.9241706161137441,0.8871176217147781,0.9129685480396381,82.41898427466813,2026-09-29 15:44:06
164,4906,4906.TW,正文,通信網路業,40.20000076293945,38.630000305175784,45.120873531459566,14.190182092834466,11.308523560593242,6.9613984455052735,8.95785577349728,1.7393558461729075,11.977713243161968,0.7927617406290393,0.7203791469194313,0.8948728996122362,0.8388625592417062,0.9207238259370961,0.969409737182249,0.9142610943558811,82.11701670082286,2026-09-29 15:44:06
165,4806O,4806.TWO,桂田文創,文化創意業,14.865400314331055,14.305088233947753,37.86953679984663,21.365103383079617,7.510219973077925,3.4579056228543736,11.882103617701167,1.083776898733202,13.53712738248572,0.7298578199052133,0.8638517880224041,0.8448944420508402,0.7509694097371823,0.944851357173632,0.959500215424386,0.9224472210254201,82.0088921751027,2026-09-29 15:44:06
166,8050O,8050.TWO,廣積,電腦及週邊設備業,65.69999694824219,60.91999893188476,37.1541458542916,18.05153440830498,11.87421488455691,3.7348153401245865,14.022904397247316,4.583446024954463,17.11229721075584,0.7221025420077553,0.8155967255493322,0.9052132701421801,0.7604480827229643,0.9564842740198191,0.988367083153813,0.944851357173632,81.8496591408947,2026-09-29 15:44:06
167,5309O,5309.TWO,系統電,電子零組件業,59.099998474121094,53.65999908447266,45.51262202748415,17.03829685661097,9.835986934256846,-0.27412672582098896,14.213931017158309,5.247721412608719,19.03322589691482,0.7957776820336062,0.7966393795777682,0.8802240413614821,0.5437311503662214,0.958638517880224,0.993106419646704,0.952175786299009,81.75944904467698,2026-09-29 15:44:06
168,3490O,3490.TWO,單井,光電業,45.099998474121094,45.0,59.530218202393684,14.5364750291797,18.207230224938307,17.945133926656666,1.5251249457732818,-5.353973088292263,8.543921305043305,0.8970271434726411,0.7307195174493752,0.942266264541146,0.951744937526928,0.7035760448082723,0.3459715639810427,0.8769926755708746,81.73415671246256,2026-09-29 15:44:06
169,6228O,6228.TWO,全譜,電腦及週邊設備業,19.799999237060547,17.65999984741211,49.43170583138168,16.721287606588568,10.265451027129036,-1.6521250834646395,13.499568930449923,4.742427644195502,14.450867689314284,0.8298147350280052,0.7919000430848772,0.8858250753985352,0.42826367944851357,0.952175786299009,0.989659629470056,0.927617406290392,81.64136629526122,2026-09-29 15:44:06
170,6695,6695.TW,芯鼎,半導體業,54.099998474121094,50.97999954223633,47.16246621731954,16.203618216656064,7.249055783963421,1.0638996115158283,10.600018704221693,2.310978527094032,16.344082740045362,0.8074105988797932,0.7794054286945282,0.8401551055579491,0.6260232658336924,0.933649289099526,0.972856527358897,0.9405428694528221,81.62231600586848,2026-09-29 15:44:06
171,4556O,4556.TWO,旭然,其他業,92.4000015258789,90.1,89.5498984158404,44.379336760495235,2.461744959027512,-0.08871138143018431,13.395104947337689,-7.197468942743779,-2.3255782069003117,0.9879362343817321,0.975872468763464,0.6979750107712193,0.5545023696682464,0.951744937526928,0.21671693235674278,0.16156828953037483,81.6145620764805,2026-09-29 15:44:06
172,6155,6155.TW,鈞寶,電子零組件業,64.0,58.68000030517578,50.93427736182604,14.818949613289265,8.583466564314612,-0.44253357607771937,12.399016583907319,4.6453460332477325,15.732370493612866,0.8418785006462731,0.7380439465747523,0.8599741490736751,0.5277897457992244,0.9470056010340371,0.989228780697975,0.934941835415769,81.39573011076915,2026-09-29 15:44:06
173,6108,6108.TW,競國,電子零組件業,24.399999618530273,24.039999771118165,47.6088023512204,12.83828833856557,17.52428144606082,15.790317345681526,4.3180836161177405,-1.9743257376913737,10.158013718960483,0.8099956915122792,0.6790176647996553,0.9401120206807411,0.936234381732012,0.8535114174924602,0.7345971563981043,0.8991813873330461,81.11939458979043,2026-09-29 15:44:06
174,6865O,6865.TWO,偉康科技,數位雲端,28.0,27.85,48.25039735527865,15.601489241348279,7.509679097054156,6.93373438760565,5.431610353241334,-2.197697498073181,11.111107747180643,0.8164584230934941,0.7544161999138302,0.8444635932787592,0.8380008616975442,0.8823782852218871,0.7070228349849202,0.9047824213700991,81.10877248451509,2026-09-29 15:44:06
175,7584O,7584.TWO,樂意,文化創意業,28.950000762939453,27.97000045776367,46.06610776561983,13.911143594853797,9.8579181551403,6.139065288793,6.170351669339436,-0.7341554206962364,8.224301917530665,0.8026712623869022,0.7113313227057303,0.8810857389056441,0.8177509694097371,0.8935803532959931,0.8884101680310211,0.8720379146919431,80.93644853540721,2026-09-29 15:44:06
176,5529O,5529.TWO,鉅陞,建材營造業,26.5,26.10999984741211,34.335137614893256,20.31537136449022,17.8214151724887,16.08743895002107,7.374392552350728,-2.5266445211303057,11.344541384417795,0.6803102111158983,0.8539422662645412,0.9405428694528221,0.9392503231365791,0.9065058164584231,0.6639379577768203,0.9073675140025851,80.75527110304493,2026-09-29 15:44:06
177,3564O,3564.TWO,其陽,通信網路業,50.400001525878906,49.470000457763675,56.500281708060264,16.418621829979486,5.616097331825087,3.6672266898604367,4.121477960378739,-3.7777090714702366,6.553916149726789,0.8724687634640241,0.7854373115036622,0.7996553209823352,0.7565704437742352,0.8466178371391642,0.5140025850926325,0.8336923739767341,80.62010377610137,2026-09-29 15:44:06
178,6245O,6245.TWO,立端,通信網路業,88.69999694824219,86.61999816894532,39.874398953724906,17.112086180314794,8.177324231067784,5.640585673122622,7.287568126086708,-1.168497789678269,9.102083171846052,0.7501077121930203,0.7983627746660922,0.8535114174924602,0.8048255062473072,0.9052132701421801,0.8466178371391642,0.8866867729426972,80.57786431059243,2026-09-29 15:44:06
179,3294O,3294.TWO,英濟,電子零組件業,32.900001525878906,32.340000534057616,42.36526845356936,19.155546392286382,4.5467829346816035,2.7672601559639576,8.375199659016385,-1.0974611931328537,14.038132030703487,0.7686342093925033,0.8341232227488151,0.7626023265833692,0.7255493321844033,0.9155536406721241,0.8535114174924602,0.9250323136579061,80.5183172448375,2026-09-29 15:44:06
180,6187O,6187.TWO,萬潤,半導體業,1310.0,1232.0,51.251130309487394,19.921089209461606,12.801377726750873,6.084959816303104,2.5039123630672844,-6.781188896860657,4.8,0.8444635932787592,0.8474795346833262,0.910814304179233,0.8160275743214132,0.7750969409737182,0.24084446359327877,0.7759586385178803,80.42855319405615,2026-09-29 15:44:06
181,6274O,6274.TWO,台燿,電子零組件業,1485.0,1463.0,49.876756326282994,14.264516957554472,5.138946250516252,3.5813322319900864,5.976806422836756,-1.0785286078603296,8.791208791208792,0.8332615252046531,0.7242567858681602,0.7819905213270142,0.7531236535975873,0.8909952606635071,0.8552348125807842,0.8823782852218871,80.29896143506716,2026-09-29 15:44:06
182,6658,6658.TW,聯策,其他電子業,181.0,177.5,51.34778669613033,14.089739448303273,8.855811156217097,6.75086453164937,3.8439472174411904,-2.990262415152678,8.059701492537313,0.8466178371391642,0.7160706591986212,0.8655751831107281,0.8336923739767341,0.8354157690650582,0.6074967686342094,0.8685911245152951,80.29111414733202,2026-09-29 15:44:06
183,2395,2395.TW,研華,電腦及週邊設備業,730.0,712.4,41.281943417525625,12.42166715932699,15.6511980988844,12.862895240609928,5.9814169570267195,-0.21600115064034364,8.30860534124629,0.7608789314950453,0.6665230504093064,0.9297716501507971,0.9207238259370961,0.8914261094355881,0.927186557518311,0.8733304610081861,80.21586213295711,2026-09-29 15:44:06
184,3228O,3228.TWO,金麗科,半導體業,180.0,173.3,44.16499053949748,13.466918369654032,12.75840467738567,8.561286281060788,5.063475849992716,-1.5646296368437285,8.761329305135952,0.7845756139595003,0.6988367083153812,0.910383455407152,0.8711762171477812,0.8741921585523481,0.7992244722102542,0.8815165876777251,80.20453984007818,2026-09-29 15:44:06
185,6838,6838.TW,台新藥,生技醫療業,25.649999618530273,25.039999771118165,43.42139775041275,14.358625038556077,8.09102218100437,5.520437073104478,6.475714228328688,-0.6564683747367628,8.686437304764484,0.7785437311503662,0.7255493321844033,0.8517880224041362,0.8009478672985783,0.8987505385609651,0.894011202068074,0.8797931925894011,80.02026602253555,2026-09-29 15:44:06
186,5386O,5386.TWO,青雲,電腦及週邊設備業,285.0,284.2,75.99593285585665,22.937541285218003,9.182620099137196,8.87614256903435,0.8135833038556806,-9.558899122442078,-10.377358490566039,0.965101249461439,0.8785006462731582,0.8720379146919431,0.8746230073244291,0.6488582507539854,0.12710038776389487,0.013356311934510987,79.72771208202754,2026-09-29 15:44:06
187,4991O,4991.TWO,環宇-KY,半導體業,474.5,471.3,73.96231838867533,29.751268024041305,4.0000000000000036,3.2986301369863025,-0.8307644077538034,-13.672523816609306,5.797101449275362,0.959931064196467,0.9327875915553641,0.7496768634209392,0.7453683757001293,0.42093925032313656,0.052563550193881946,0.8121499353726842,79.72421114400954,2026-09-29 15:44:06
188,4927,4927.TW,泰鼎-KY,電子零組件業,43.75,43.35,50.42570702578219,11.58977746833708,15.740741519428392,14.682540454107906,3.2204793146206168,-2.4333967834841763,5.932205346727816,0.8375700129254632,0.6316242998707454,0.9306333476949591,0.9310641964670401,0.8117190866006032,0.6772942697113313,0.8186126669538992,79.686997469522,2026-09-29 15:44:06
189,2399,2399.TW,映泰,電腦及週邊設備業,49.20000076293945,48.10999984741211,42.93468265320261,12.429957598846514,11.992110547874478,9.510982476003083,5.257529749680856,-0.9014256374804241,8.13186980865814,0.7742352434295562,0.6669538991813874,0.9056441189142611,0.8823782852218871,0.8797931925894011,0.8733304610081861,0.8698836708315382,79.588322883163,2026-09-29 15:44:06
190,6921,6921.TW,嘉雨思-創,半導體業,67.0,66.72000122070312,51.71073413740474,16.132167934773666,2.9976936788060238,2.567257432530523,5.230091908740175,-2.6243127857788706,9.836065573770492,0.8470486859112452,0.7759586385178803,0.7152089616544592,0.7156398104265402,0.8785006462731582,0.6531667384747953,0.8961654459284791,79.52650928420235,2026-09-29 15:44:06
191,4195,4195.TW,基米-創,生技醫療業,15.800000190734863,13.839999961853028,54.492402382213875,19.504015158559373,4.925291692689138,-8.090758513041852,14.825582861086373,4.622763076239655,16.176468732035335,0.8599741490736751,0.8388625592417062,0.7759586385178803,0.08272296423955192,0.961654459284791,0.988797931925894,0.9388194743644981,79.3602173216351,2026-09-29 15:44:06
192,4772O,4772.TWO,台特化,化學工業,271.0,250.5,44.353463845926555,14.11416862662046,8.678942619389773,0.45784179393777436,9.417583526799223,2.2048977222103527,15.81196581196581,0.7858681602757432,0.7186557518311073,0.8616975441619992,0.5902628177509694,0.926324859974149,0.970271434726411,0.936234381732012,79.29193606384715,2026-09-29 15:44:06
193,1597,1597.TW,直得,電機機械,146.5,137.3,73.6057972802458,18.751843723700144,6.655341867378528,-0.04246799733056417,2.969601124582666,-5.857158164444143,-0.3401360544217687,0.958638517880224,0.8280913399396812,0.8293838862559242,0.5575183110728135,0.7979319258940112,0.3050409306333477,0.3899181387333046,79.18679900523568,2026-09-29 15:44:06
194,6225,6225.TW,天瀚,光電業,55.400001525878906,52.040000915527344,102.78889377406581,46.94759010053362,31.56529132321433,23.585878923007385,-8.194546473573805,-25.64782390542728,-26.03471242021604,0.994398965962947,0.97845756139595,0.9801809564842741,0.970271434726411,0.020249892287806978,0.005601034037052995,0.0012925463162429987,79.01503001963583,2026-09-29 15:44:06
195,4576,4576.TW,大銀微系統,電機機械,241.0,231.0,59.711305443896734,12.966742400264597,11.729253592953182,7.09318497913769,2.9364655632674763,-3.3309479188055713,-0.4132231404958678,0.8991813873330461,0.6837570012925464,0.9030590262817751,0.8431710469625161,0.7962085308056872,0.5622576475657044,0.37613097802671264,78.79624991967292,2026-09-29 15:44:06
196,5314O,5314.TWO,世紀*,其他業,27.450000762939453,27.00999984741211,129.07666912894956,70.82313355987822,19.294662612714,17.382467373798494,-18.078040138960063,-39.50150507144381,-34.87544538738408,0.999569151227919,0.995260663507109,0.9470056010340371,0.9474364498061181,0.002154243860404998,0.0012925463162429987,0.00043084877208099956,78.77228275733047,2026-09-29 15:44:06
197,7556O,7556.TWO,意德士,半導體業,267.5,262.4,37.225344389250786,13.188591862841697,11.188120246983457,9.068271973115728,6.298430359626472,-0.2775622928123056,10.08230452674897,0.7233950883239982,0.6893580353295993,0.8931495045239121,0.8763464024127531,0.8953037483843171,0.9207238259370961,0.8983196897888841,78.68938054506441,2026-09-29 15:44:06
198,2302,2302.TW,麗正,半導體業,45.29999923706055,44.99000015258789,47.832795104559786,14.457622434829423,5.173545911927335,4.453817358007917,4.588742827268222,-2.462088649657368,10.487803017220847,0.8125807841447652,0.7285652735889703,0.7824213700990952,0.7776820336062042,0.8604049978457562,0.6725549332184403,0.902197328737613,78.62210029622084,2026-09-29 15:44:06
199,1568,1568.TW,倉佑,汽車工業,32.400001525878906,31.220000076293946,35.75462391326979,14.719918762795256,9.284092571813552,5.30398820211726,9.017500789942034,1.5439102418583817,14.893619323794876,0.6992675570874624,0.7363205514864283,0.8728996122361051,0.7957776820336062,0.9224472210254201,0.965962947005601,0.9306333476949591,78.62011383805655,2026-09-29 15:44:06
200,8039,8039.TW,台虹,電子零組件業,273.5,263.1,73.02880018620475,32.52006459609406,12.485862151694826,8.208520409911912,-3.5188288208836793,-17.012605904172762,0.5514705882352942,0.9551917277035761,0.9487289961223611,0.9090909090909091,0.8668677294269711,0.10814304179233089,0.02843601895734597,0.5066781559672555,78.60055007775452,2026-09-29 15:44:06
201,2491,2491.TW,吉祥全,光電業,40.20000076293945,40.0,78.48114007352218,31.634371563972923,8.719661431092174,8.17876554004573,-4.422251328864457,-17.475331466738886,1.515157353378348,0.9707022834984921,0.943558810857389,0.8634209392503231,0.8660060318828091,0.07281344248168893,0.026712623869021974,0.5924170616113744,78.563367522716,2026-09-29 15:44:06
202,3372O,3372.TWO,典範,半導體業,16.299999237060547,16.149999809265136,46.83022826844218,21.959517977526325,1.6420657198262578,0.7067128111431176,7.431203491582572,-3.197479909412926,13.986007130416029,0.8061180525635502,0.8690219732873762,0.6570443774235244,0.6092201637225334,0.9077983627746661,0.5756139595002154,0.9241706161137441,78.4732559714203,2026-09-29 15:44:06
203,4961,4961.TW,天鈺,半導體業,184.5,181.1,36.83003114870118,15.86994653080191,9.990560882309097,7.963634557106647,5.398457583547556,-2.3500405893615017,8.529411764705882,0.7165015079707023,0.7656182679879362,0.8832399827660491,0.8621283929340802,0.8819474364498061,0.6876346402412753,0.8754847048685911,78.30559993966975,2026-09-29 15:44:06
204,6937,6937.TW,天虹,半導體業,308.0,302.1,39.456781436305974,11.937613956265286,11.651511947557625,9.512732984925831,5.6422569027611,-0.30815679130834495,6.759098786828423,0.7457992244722103,0.6467040068935803,0.9013356311934511,0.8828091339939681,0.8875484704868591,0.918569582076691,0.8388625592417062,78.25802348864894,2026-09-29 15:44:06
205,6906,6906.TW,現觀科,數位雲端,83.69999694824219,82.28000030517578,55.26084961290187,12.392804800032922,9.75609322978026,7.894046758754136,2.2290034299474515,-3.73590713094476,3.7174722595393437,0.8634209392503231,0.6652305040930633,0.8793623438173201,0.8612666953899182,0.7522619560534253,0.5170185264971995,0.7294269711331323,78.13023665770477,2026-09-29 15:44:06
206,8121O,8121.TWO,越峰,電子零組件業,31.899999618530273,29.220000076293946,48.646234964312804,19.659761191831823,3.016764516045156,-5.637934074775353,15.14166972231994,4.836378859362567,20.604910012808443,0.8199052132701422,0.8427401981904351,0.7160706591986212,0.15295131408875484,0.965101249461439,0.990090478242137,0.961654459284791,78.10202169056718,2026-09-29 15:44:06
207,4198O,4198.TWO,欣大健康,生技醫療業,49.900001525878906,49.58000106811524,43.269087778547394,15.297283184649377,13.484319905517594,12.756563728998627,3.1417962265146038,-4.186625394566457,3.312634190666154,0.7768203360620423,0.7470917707884532,0.9151227919000431,0.919000430848772,0.8087031451960361,0.46617837139164153,0.7091770788453253,78.06201245224005,2026-09-29 15:44:06
208,3006,3006.TW,晶豪科,半導體業,285.0,279.5,67.18804251535387,16.968195300289484,13.640139558066133,11.44708423326135,0.08779631255486642,-7.739660945208282,-1.8932874354561102,0.9302024989228781,0.7957776820336062,0.9159844894442051,0.9077983627746661,0.5613959500215424,0.1891426109435588,0.2059457130547178,78.03816458111899,2026-09-29 15:44:06
209,6684O,6684.TWO,安格,半導體業,50.900001525878906,49.64000015258789,36.139791356393545,16.786589335658824,5.069413034165859,2.468477852530948,8.32668631550022,-0.06145062066184037,13.997759879980146,0.7083153813011633,0.7927617406290393,0.7794054286945282,0.7100387763894873,0.9151227919000431,0.9310641964670401,0.9246014648858251,77.9804743091573,2026-09-29 15:44:06
210,2484,2484.TW,希華,電子零組件業,76.9000015258789,72.44000091552735,47.68452367555738,15.956077508732056,4.071277670525286,-1.9645864740860497,8.27935995954423,0.27905786088935347,15.292361385790931,0.8117190866006032,0.7694959069366653,0.7522619560534253,0.4024127531236536,0.9129685480396381,0.942697113313227,0.9319258940112021,77.96896529958407,2026-09-29 15:44:06
211,3221O,3221.TWO,台嘉碩,通信網路業,50.79999923706055,49.32999954223633,52.09158399840626,14.23724715802755,3.6047507704010773,0.6067398589418183,4.790881701367811,-2.1730505862306404,11.403510826629867,0.8487720809995691,0.7225333907798362,0.7371822490305903,0.6031882809133994,0.8660060318828091,0.7096079276174063,0.9086600603188281,77.88076759440486,2026-09-29 15:44:06
212,3022,3022.TW,威強電,電腦及週邊設備業,93.0,92.21999969482422,54.660726078710496,15.767023183528481,2.0949591475761142,1.2386785100275466,4.149168842419004,-3.4614582842614094,11.778850253869946,0.8608358466178372,0.7604480827229643,0.6772942697113313,0.6376561826798793,0.8483412322274881,0.5463162429987074,0.9112451529513141,77.61282913809447,2026-09-29 15:44:06
213,2527,2527.TW,宏璟,建材營造業,48.349998474121094,47.95000076293945,30.745950445848692,18.744576591231098,7.9662780335900685,7.073077093338709,8.292733582526889,-0.987045923525709,11.27732479894702,0.6264541146057734,0.8276604911676002,0.8496337785437311,0.8410168031021111,0.9133993968117191,0.8634209392503231,0.9069366652305041,77.49467896320576,2026-09-29 15:44:06
214,8358O,8358.TWO,金居,電子零組件業,498.0,497.8,70.198368026131,14.44357655055391,11.830532579812125,11.785620719338308,-1.2198750371913092,-7.873085730295292,2.6804123711340204,0.943127962085308,0.7281344248168893,0.9047824213700991,0.909952606635071,0.3619129685480396,0.1831107281344248,0.6716932356742783,77.39887255273409,2026-09-29 15:44:06
215,4946O,4946.TWO,辣椒,文化創意業,102.0,97.4,31.5064638129074,14.03150856983501,14.73135638436187,9.557197174871046,9.553729749833906,2.3715905026089112,9.79547720630137,0.6385178802240413,0.7143472641102973,0.925894011202068,0.8832399827660491,0.927186557518311,0.973718224903059,0.8953037483843171,77.36073566792476,2026-09-29 15:44:06
216,4551,4551.TW,智伸科,汽車工業,179.5,164.3,57.35637393499328,15.685948381076848,2.449464922711053,-6.225921521997623,10.665844636251553,2.6175747348414546,14.331210191082802,0.8815165876777251,0.7578629900904782,0.6975441619991383,0.13054717794054288,0.934941835415769,0.977595863851788,0.925894011202068,77.32209568535579,2026-09-29 15:44:06
217,4154O,4154.TWO,樂威科-KY,其他業,12.899999618530273,11.979999923706055,44.07067415200789,16.180565129532305,7.3062492560368675,-0.34659721587125825,6.325980950425247,-1.6322481285806156,3.1999969482421875,0.7837139164153382,0.7781128823782852,0.8414476518741921,0.5368375700129254,0.8965962947005601,0.7871607065919862,0.7012063765618268,77.26925745415832,2026-09-29 15:44:06
218,6237O,6237.TWO,驊訊,半導體業,36.20000076293945,35.86000061035156,50.37200166652247,15.74057150453687,2.4069424076505586,1.4451088355279085,4.428098096735145,-3.191043419907602,9.20060059327458,0.8371391641533822,0.7600172339508833,0.6953899181387333,0.6501507970702284,0.8560965101249461,0.5773373545885394,0.8879793192589401,77.2537833081188,2026-09-29 15:44:06
219,6236O,6236.TWO,中湛,數位雲端,18.450000762939453,17.570000076293944,79.42226348086164,20.604920813841122,7.350666764024316,2.2304143760702777,0.013558485914710872,-9.327898836570558,-3.149598415488833,0.973287376130978,0.8569582076691081,0.8427401981904351,0.6992675570874624,0.5514864282636794,0.13356311934510987,0.11632916846186989,77.24290187410136,2026-09-29 15:44:06
220,6799,6799.TW,來頡,半導體業,90.30000305175781,86.74000091552735,31.495309881968947,17.190068664477362,7.34239786141635,3.1105135559893693,10.478990910057352,1.7348459709997766,14.73952548072458,0.6376561826798793,0.8026712623869022,0.8423093494183541,0.7371822490305903,0.933218440327445,0.968978888410168,0.9293408013787161,77.18963056390464,2026-09-29 15:44:06
221,4413O,4413.TWO,飛寶企業,紡織纖維,20.5,20.229999923706053,37.12505849413919,12.303185248172838,18.502818512120033,16.942049241909295,4.008118511942138,-2.019257609949343,5.67010517061578,0.7212408444635933,0.6622145626884963,0.94398965962947,0.9452822059457131,0.8436018957345972,0.7281344248168893,0.8078414476518742,77.15991149006301,2026-09-29 15:44:06
222,2020,2020.TW,美亞,鋼鐵工業,24.299999237060547,22.179999923706056,37.28014935269061,11.426095155449307,12.852660133919036,3.0070811419142363,11.493458888069208,5.468020686939856,12.499994481051507,0.7238259370960792,0.6260232658336924,0.9112451529513141,0.7333046100818613,0.941835415769065,0.993968117190866,0.917707884532529,77.09095079097081,2026-09-29 15:44:06
223,3147O,3147.TWO,大綜,資訊服務業,243.0,238.1,35.17064402308808,15.640646603740379,6.629612023256648,4.479467583281527,6.625713032031588,-1.1079639100079364,9.95475113122172,0.6915122791900044,0.7565704437742352,0.8289530374838432,0.7798362774666092,0.9004739336492891,0.8522188711762172,0.8970271434726411,77.06205638252898,2026-09-29 15:44:06
224,3499O,3499.TWO,環天科,通信網路業,13.699999809265137,13.579999923706055,58.60038175944641,16.48789240037712,2.4107630876770036,1.5137353488716032,2.7371568657803547,-5.087387819568079,3.007515885668362,0.8905644118914261,0.7871607065919862,0.6958207669108143,0.6540284360189573,0.7867298578199052,0.36837570012925464,0.6893580353295993,76.89402691738984,2026-09-29 15:44:06
225,6438,6438.TW,迅得,其他電子業,162.0,155.1,34.349343144589014,14.093669690575128,9.576686770757004,4.909531593484018,6.807318279215413,-0.2237493209568564,9.45945945945946,0.6807410598879793,0.7169323567427833,0.8767772511848341,0.7884532529082292,0.9030590262817751,0.926324859974149,0.8918569582076691,76.89057265854542,2026-09-29 15:44:06
226,3715,3715.TW,定穎投控,電子零組件業,124.5,124.0,74.3117790268239,15.79876443454912,2.1776002199730193,1.7672484118606668,1.0141987829614507,-6.38111478752359,1.2195121951219512,0.961654459284791,0.7621714778112882,0.6820336062042223,0.6678155967255494,0.6656613528651444,0.26281775096940974,0.5622576475657044,76.4008666351634,2026-09-29 15:44:06
227,6547O,6547.TWO,高端疫苗,生技醫療業,60.900001525878906,59.91999969482422,53.25670963987348,15.0214589681465,13.128688876735373,11.308223860869893,-0.4901935851651884,-7.441976356809765,3.5714325103167126,0.8548039638087032,0.7427832830676433,0.9125376992675571,0.9060749676863421,0.47738043946574754,0.2037914691943128,0.7246876346402413,76.11600438514529,2026-09-29 15:44:06
228,6859O,6859.TWO,伯特光,光電業,120.0,120.0,42.230785184672875,13.772665951392824,9.57903415810546,9.57903415810546,2.8497964431112077,-3.7764758320439573,2.564102564102564,0.7677725118483413,0.7061611374407583,0.8772080999569152,0.8836708315381301,0.7906074967686342,0.5144334338647135,0.6665230504093064,75.91172076186426,2026-09-29 15:44:06
229,6568O,6568.TWO,宏觀,半導體業,144.0,142.6,40.51297443449196,13.280390438574601,4.033714629741136,3.0222757375075293,5.090311986863716,-1.453376214509483,8.679245283018867,0.7544161999138302,0.6932356742783283,0.7509694097371823,0.7345971563981043,0.8759155536406721,0.8168892718655751,0.8793623438173201,75.87577261163804,2026-09-29 15:44:06
230,6491,6491.TW,晶碩,生技醫療業,406.0,405.3,34.71219024756777,13.598646477716855,9.665511187142673,9.476432719578632,4.022546758903411,-2.5999944529093266,10.476190476190476,0.6859112451529513,0.7014218009478673,0.8789314950452392,0.8815165876777251,0.8444635932787592,0.6548901335631193,0.901766479965532,75.4722726486961,2026-09-29 15:44:06
231,2406,2406.TW,國碩,光電業,30.299999237060547,30.239999771118164,46.02143097310905,21.833096230759185,-1.407306983705514,-1.6025383063374754,8.660568057605932,-2.033943623477086,14.772726041226331,0.8018095648427402,0.8672985781990521,0.4765187419215855,0.43300301594140456,0.918569582076691,0.7264110297285653,0.9297716501507971,75.44413548018113,2026-09-29 15:44:06
232,5475O,5475.TWO,德宏,電子零組件業,180.5,179.7,56.983526693283004,20.033630931032597,7.755833043132188,7.27824486343962,-1.928823689214898,-10.858012117679806,3.1428571428571432,0.8759155536406721,0.8487720809995691,0.8461869883670832,0.8487720809995691,0.26928048255062476,0.0952175786299009,0.6979750107712193,75.34173693308595,2026-09-29 15:44:06
233,6654O,6654.TWO,天正國際,其他電子業,200.0,199.1,72.53249083753832,16.51104809658391,8.504001085040013,8.015733080157329,-2.1047479197259022,-9.570201667857814,-0.4975124378109453,0.9538991813873331,0.7875915553640672,0.8582507539853511,0.8638517880224041,0.25032313657906075,0.12666953899181388,0.36363636363636365,75.25466471464735,2026-09-29 15:44:06
234,4545,4545.TW,銘鈺,電子零組件業,35.54999923706055,33.92999954223633,35.36624139914796,12.682600707650085,6.732716951138995,1.8689483829430475,8.765488199268546,2.279629680451145,9.049082518458572,0.6953899181387333,0.6738474795346834,0.8311072813442482,0.6760017233950883,0.919431279620853,0.9715639810426541,0.8858250753985352,75.180735276857,2026-09-29 15:44:06
235,6739O,6739.TWO,竹陞科技,其他電子業,1125.0,1095.0,79.1718147277259,24.220623279792818,4.678752539428999,1.8873191383775634,-0.7498897220996947,-11.471024541706454,-11.41732283464567,0.9724256785868161,0.8927186557518311,0.7686342093925033,0.6785868160275743,0.43386471348556654,0.08444635932787592,0.010771219302024989,75.05805722213171,2026-09-29 15:44:06
236,6789,6789.TW,采鈺,半導體業,478.5,467.8,43.4082017319315,15.298197616178069,3.961471610660494,1.6367323290845892,3.7229718744919538,-3.6471526255843267,7.286995515695067,0.7781128823782852,0.7475226195605342,0.7479534683326152,0.6617837139164153,0.8311072813442482,0.5247738043946575,0.8513571736320551,74.9337402097565,2026-09-29 15:44:06
237,3576,3576.TW,聯合再生,光電業,17.950000762939453,17.850000381469727,36.46485706196502,15.280275569360194,4.209003362518149,3.6284496217992457,4.649473270144733,-2.7783915703617934,9.451226710138709,0.7126238690219733,0.7457992244722103,0.7574321413183972,0.7561395950021542,0.8621283929340802,0.6350710900473934,0.8914261094355881,74.74279127039289,2026-09-29 15:44:06
238,8068O,8068.TWO,全達,電子通路業,17.600000381469727,17.529999923706054,44.746329168542786,17.17723779605279,0.5187778572381729,0.11898465773008127,5.106004488716365,-3.2071633700217705,8.641972546896639,0.7893149504523912,0.8022404136148212,0.5997414907367514,0.5700129254631624,0.8767772511848341,0.5747522619560534,0.8785006462731582,74.74228817263327,2026-09-29 15:44:06
239,00405A,00405A.TW,主動富邦台灣龍耀,nan,9.25,9.239999961853027,31.506641708089035,13.825080535315204,9.905342781701677,9.786525741661345,4.976450933104815,-1.81090948704965,7.683350822913229,0.6389487289961223,0.7078845325290823,0.8823782852218871,0.8858250753985352,0.8711762171477812,0.7604480827229643,0.8616975441619992,74.73680077645099,2026-09-29 15:44:06
240,2465,2465.TW,麗臺,電腦及週邊設備業,91.9000015258789,90.61999969482422,60.19915991946534,19.9795153618959,5.1808350750126575,3.715855104909327,-1.7007143803079106,-10.628691532503343,2.111112806532118,0.902197328737613,0.8483412322274881,0.7841447651874193,0.7587246876346403,0.2998707453683757,0.1008186126669539,0.6333476949590694,74.61535193996309,2026-09-29 15:44:06
241,4931O,4931.TWO,新盛力,電腦及週邊設備業,246.0,241.2,48.736469268520366,14.956375651847045,4.499274310595069,2.4602640801444364,1.4746828916159638,-5.58578913149439,5.128205128205128,0.8229211546747092,0.7410598879793192,0.7617406290392073,0.7096079276174063,0.7005601034037053,0.32658336923739767,0.7888841016803102,74.29101466882655,2026-09-29 15:44:06
242,8162,8162.TW,微矽電子-創,半導體業,65.4000015258789,62.74000015258789,36.54716819461625,11.697622682594169,6.157344931069808,1.8396281617538923,6.784229642271211,0.8837305673258466,6.862746259119043,0.7130547177940543,0.6355019388194744,0.8173201206376561,0.6734166307626023,0.9026281775096942,0.9569151227919,0.8405859543300301,74.24246314173556,2026-09-29 15:44:06
243,00642U,00642U.TW,期元大S&P石油,nan,32.41999816894531,31.789999389648436,37.14575699983176,21.25182955179196,14.60554369864,12.378481492943806,2.476564380160906,-7.366583510060809,-3.1949938963707756,0.7216716932356743,0.8621283929340802,0.9237397673416631,0.9164153382162861,0.7729426971133132,0.21025420077552778,0.11417492460146489,73.96739833159299,2026-09-29 15:44:06
244,7827,7827.TW,漢康-KY創,生技醫療業,163.5,162.8,34.450672174686694,13.739966011375174,4.123547205858946,3.677758318739066,5.4498548855207885,-1.328837228402302,7.213114754098362,0.6828953037483844,0.7048685911245153,0.7548470486859112,0.7570012925463162,0.8836708315381301,0.8315381301163292,0.8487720809995691,73.8991533798289,2026-09-29 15:44:06
245,6209,6209.TW,今國光,光電業,81.5,79.11999969482422,45.78780462090041,10.443402339876691,9.449841103787904,6.253636745156532,2.4448495734513465,-2.63904837653427,1.875,0.7992244722102542,0.5777682033606204,0.8750538560965101,0.8216286083584662,0.7686342093925033,0.6501507970702284,0.6199913830245584,73.82680066079038,2026-09-29 15:44:06
246,6689,6689.TW,伊雲谷,數位雲端,64.4000015258789,64.36000061035156,50.55175075137228,18.086376425670696,3.2796111603104583,3.215460866772646,0.8534981099341588,-7.510501331744068,0.4680234928225963,0.8388625592417062,0.8164584230934941,0.7277035760448083,0.7427832830676433,0.6523050409306334,0.1990521327014218,0.4989228780697975,73.7975016995109,2026-09-29 15:44:06
247,3673,3673.TW,TPK-KY,光電業,68.69999694824219,66.07999877929687,35.66245214134773,12.149909596664148,5.5596771080167695,1.5339686215109394,5.773667978039598,-0.28403200441168286,11.345212477707669,0.6984058595433003,0.6540284360189573,0.7957776820336062,0.6561826798793623,0.8901335631193451,0.9202929771650151,0.9077983627746661,73.74246695386806,2026-09-29 15:44:06
248,6869,6869.TW,雲豹能源,綠能環保,70.9000015258789,70.04000091552734,29.796533768092964,15.800627809052623,5.070766191413689,3.7962821136984237,6.688739157739754,-1.1228648953316211,11.653545710045522,0.6087893149504524,0.7626023265833692,0.7798362774666092,0.7630331753554502,0.9013356311934511,0.8517880224041362,0.90952175786299,73.60590443829213,2026-09-29 15:44:06
249,3591,3591.TW,艾笛森,光電業,26.399999618530273,25.170000076293945,53.16596685201071,13.081154147015894,6.241662276732662,1.2917684185871137,1.9943238091601367,-4.2671565981955535,0.11091527851994536,0.8535114174924602,0.6872037914691943,0.8199052132701422,0.6436880654890134,0.7350280051701853,0.45368375700129254,0.4515295131408876,73.58157940228561,2026-09-29 15:44:06
250,6292O,6292.TWO,迅德,電子零組件業,66.80000305175781,66.66000061035156,35.05229471354676,13.62155023502773,11.368914647868733,11.135502683270682,2.8879520300571615,-3.6726847859130163,2.4539972061436757,0.6897888841016803,0.7027143472641103,0.8961654459284791,0.9043515725980181,0.7940542869452822,0.5226195605342525,0.6579060749676864,73.56582777449206,2026-09-29 15:44:06
251,5220O,5220.TWO,萬達光電,光電業,22.0,20.299999618530272,36.57698204889559,10.48381466432127,8.718033396891522,0.3170925674663261,10.747546679405605,5.231413499442095,11.675122578611322,0.7134855665661353,0.5803532959931064,0.8629900904782422,0.5812149935372685,0.93537268418785,0.992675570874623,0.909952606635071,73.5543498843679,2026-09-29 15:44:06
252,6197,6197.TW,佳必琪,電子零組件業,319.0,319.0,42.59306022881585,12.66444839779931,2.635600718556441,2.635600718556441,3.5210124939152987,-2.643800340079261,6.333333333333334,0.7720809995691512,0.6725549332184403,0.7048685911245153,0.7177940542869453,0.8220594571305472,0.6497199482981474,0.8280913399396812,73.5238735705994,2026-09-29 15:44:06
253,2941O,2941.TWO,米斯特,居家生活,32.150001525878906,31.890000534057616,56.27801227012018,11.272844533237377,2.1580874199497835,1.3319224808790109,2.3559420223463245,-3.1054442907889057,3.5426805663345156,0.8711762171477812,0.6204222317966394,0.6816027574321413,0.6449806118052563,0.7638948728996122,0.5911245152951314,0.7233950883239982,73.41344620564966,2026-09-29 15:44:06
254,4540,4540.TW,全球傳動,電機機械,62.599998474121094,60.5,35.31591148365663,9.56382641097422,10.10787746270443,6.41416531739214,5.707528867095157,0.8833735072128812,7.745266984825121,0.6940973718224903,0.5295131408875484,0.8836708315381301,0.8250753985351141,0.8879793192589401,0.9564842740198191,0.8625592417061612,73.32444976794486,2026-09-29 15:44:06
255,6901,6901.TW,鑽石投資,其他業,17.25,15.910000038146972,42.555295500523734,13.962577292098818,2.5513996510286185,-5.414911747252715,12.268141811215582,4.941848459741283,16.94915254237288,0.7712193020249892,0.7121930202498923,0.7014218009478673,0.16242998707453685,0.9465747522619561,0.99138302455838,0.942266264541146,73.0110302368496,2026-09-29 15:44:06
256,5292,5292.TW,華懋,綠能環保,218.5,218.1,49.80899972506372,13.018854686943648,11.521834942876573,11.317675977306084,-0.5235602094240899,-6.603159671693581,0.6912442396313364,0.8319689788884101,0.6859112451529513,0.8987505385609651,0.9065058164584231,0.47307195174493755,0.24946143903489876,0.5170185264971995,73.0044899659745,2026-09-29 15:44:06
257,6727O,6727.TWO,亞泰金屬,電子零組件業,483.0,481.2,63.7813602566827,27.60463216440326,8.05167688894688,7.648999832217895,-5.000737571913261,-16.522557977232278,-4.733727810650888,0.9142610943558811,0.9207238259370961,0.8509263248599741,0.8582507539853511,0.05299439896596295,0.031451960361912966,0.06290392072382593,72.975061340324,2026-09-29 15:44:06
258,2344,2344.TW,華邦電,半導體業,174.0,172.6,57.045730941773165,16.41020543021537,2.720519506075658,1.894032567521009,-0.10047366154729565,-7.675771445384294,1.4577259475218658,0.8776389487289962,0.7845756139595003,0.7074536837570012,0.6790176647996553,0.5325290822921155,0.19215855234812582,0.5868160275743214,72.93163933575121,2026-09-29 15:44:06
259,3088O,3088.TWO,艾訊,電腦及週邊設備業,136.0,129.9,39.65457805938736,11.136794704027523,3.7573908067900064,-0.8964333396910051,8.258706467661693,2.5484038624524974,9.67741935483871,0.7492460146488582,0.6126669538991814,0.7423524342955623,0.4959069366652305,0.9125376992675571,0.976303317535545,0.8937957776820336,72.87903450042158,2026-09-29 15:44:06
260,6953O,6953.TWO,家碩,半導體業,241.0,238.4,45.40312147627382,10.609747642132609,6.155709723598712,5.0104614029292005,1.8704427771319976,-3.2614169879450094,5.010893246187364,0.7949159844894442,0.5868160275743214,0.8168892718655751,0.7901766479965532,0.7272727272727273,0.5682895303748384,0.7850064627315813,72.8497848116031,2026-09-29 15:44:06
261,6664O,6664.TWO,群翊,電子零組件業,370.0,352.4,34.52725207489845,13.344626037721438,4.818338487688556,-0.1676149106447311,6.002005443346214,-0.628380089026459,10.119047619047619,0.6837570012925464,0.6958207669108143,0.7738043946574752,0.5476087893149505,0.8918569582076691,0.8970271434726411,0.8987505385609651,72.75104798634602,2026-09-29 15:44:06
262,6691,6691.TW,洋基工程,其他電子業,654.0,646.8,37.937718892479644,11.288802478406907,3.1977335696112386,2.061611732147628,4.665119628710879,-0.9269602544059508,7.389162561576355,0.7307195174493752,0.6217147781128823,0.7242567858681602,0.6893580353295993,0.8625592417061612,0.8694528220594572,0.8548039638087032,72.70986658210474,2026-09-29 15:44:06
263,3479O,3479.TWO,安勤,電腦及週邊設備業,138.5,133.2,39.14270350844175,12.946836897012703,2.529302899444774,-1.3942011104256746,7.218889103928761,0.7001471975683238,5.7251908396946565,0.7419215855234813,0.6833261525204654,0.7005601034037053,0.45239121068504956,0.9043515725980181,0.953037483843171,0.8095648427401982,72.69728913811416,2026-09-29 15:44:06
264,2379,2379.TW,瑞昱,半導體業,760.0,753.0,35.80709773490026,11.990709542282938,3.176758077654074,2.2264458322019953,4.842047178921227,-1.0880737129569384,7.954545454545454,0.7014218009478673,0.6492890995260664,0.7229642395519172,0.6988367083153812,0.8677294269711331,0.8543731150366222,0.8664368806548901,72.40954833905904,2026-09-29 15:44:06
265,2034,2034.TW,允強,鋼鐵工業,23.399999618530273,22.320000076293944,21.71628789369858,16.043598285540313,15.49376655671062,10.163287195778414,10.834811191616156,2.604115161170495,15.555553671754438,0.44377423524342957,0.7725118483412322,0.9293408013787161,0.8909952606635071,0.936234381732012,0.976734166307626,0.933649289099526,72.30533449076937,2026-09-29 15:44:06
266,5201O,5201.TWO,凱衛,資訊服務業,29.549999237060547,29.25999984741211,32.943961570982935,21.37475123191028,8.513369755088673,7.448435345269666,3.9394981229690096,-6.09633886017752,-1.3355643261748218,0.6591986212839294,0.8642826367944851,0.8586816027574321,0.8530805687203792,0.8397242567858682,0.2843601895734597,0.27488151658767773,72.29197906055256,2026-09-29 15:44:06
267,2493,2493.TW,揚博,電子零組件業,196.0,192.3,70.05426945769857,20.544341725787802,-5.0272562083585655,-6.820109024833432,6.161137440758302,-3.728078798092249,12.968299711815561,0.941404566996984,0.8556656613528651,0.2132701421800948,0.11503662214562689,0.8931495045239121,0.5183110728134425,0.9198621283929341,72.28379983202757,2026-09-29 15:44:06
268,3317O,3317.TWO,尼克森,半導體業,65.4000015258789,63.380001068115234,67.87811123563718,29.983944379757453,-6.640334766817324,-9.523921343387476,9.796023433800837,-4.518531734978993,20.00000279977781,0.934941835415769,0.933649289099526,0.13097802671262387,0.05385609651012495,0.9284791038345541,0.4222317966393796,0.957345971563981,72.18987096164854,2026-09-29 15:44:06
269,3211O,3211.TWO,順達,電腦及週邊設備業,386.0,383.4,44.83621784618639,12.773756171386195,2.346546466922983,1.657165583985143,2.2923015767854604,-3.8487608458719014,6.629834254143646,0.7897457992244722,0.6772942697113313,0.6915122791900044,0.6630762602326583,0.7600172339508833,0.5053856096510125,0.8345540715208961,72.18671752414491,2026-09-29 15:44:06
270,6217O,6217.TWO,中探針,電子零組件業,173.0,171.3,67.04331559660906,25.36320625109456,-0.536604062859336,-1.5139900344959711,-1.0863350485992074,-12.218443643197519,4.848484848484849,0.9289099526066351,0.9009047824213701,0.5424386040499785,0.44032744506678156,0.38043946574752263,0.06979750107712193,0.7763894872899613,72.05652412247431,2026-09-29 15:44:06
271,00898,00898.TW,國泰基因免疫革命,nan,11.75,11.589999961853028,24.60371395629081,13.65574682364515,14.412762552332925,12.854801158896855,6.3252192169404475,-0.47052719372630003,11.692010348997645,0.5019388194743645,0.7035760448082723,0.9228780697975011,0.9202929771650151,0.8961654459284791,0.909952606635071,0.910383455407152,72.04864052871528,2026-09-29 15:44:06
272,5351O,5351.TWO,鈺創,半導體業,109.5,108.5,55.623667214373185,18.803772397293713,4.55456884065768,3.5997325955375192,-1.81573638197714,-10.253591569943833,0.9216589861751152,0.8655751831107281,0.8289530374838432,0.7634640241275312,0.7539853511417492,0.28306764325721673,0.10728134424816889,0.5381301163291684,71.98535394249964,2026-09-29 15:44:06
273,3551O,3551.TWO,世禾,綠能環保,186.5,184.3,37.43803110090367,12.666022811179312,2.2571506899387694,1.0509001187974043,4.204497834893139,-2.001742960685693,10.029498525073747,0.7255493321844033,0.6729857819905213,0.6859112451529513,0.6255924170616114,0.8500646273158121,0.7302886686772943,0.8978888410168031,71.91208319971419,2026-09-29 15:44:06
274,3036,3036.TW,文曄,電子通路業,207.5,206.4,32.03378062931988,14.557727300380272,2.591570186642489,2.047711260351859,5.436991869918684,-1.7169009044291639,8.638743455497382,0.6449806118052563,0.7311503662214562,0.7035760448082723,0.6863420939250323,0.8828091339939681,0.7742352434295562,0.8780697975010772,71.6810161039518,2026-09-29 15:44:06
275,6118O,6118.TWO,建達,電子通路業,15.949999809265137,15.90999984741211,41.61248590951689,11.444821474294756,1.3932290127635305,1.1389515619067536,3.9595883265974408,-1.667406558608242,6.688963296041371,0.7626023265833692,0.6268849633778544,0.6471348556656613,0.6316242998707454,0.8410168031021111,0.7832830676432572,0.8367083153813012,71.6397672742376,2026-09-29 15:44:06
276,5443O,5443.TWO,均豪,半導體業,109.5,107.6,42.52451406402146,15.560424358152991,5.264844400195257,3.4383311183653786,0.32065964269354374,-6.921077984137702,3.7914691943127963,0.7703576044808272,0.7535545023696683,0.7875915553640672,0.7505385609651013,0.5872468763464024,0.23481258078414477,0.7350280051701853,71.61477317007655,2026-09-29 15:44:06
277,4958,4958.TW,臻鼎-KY,電子零組件業,498.5,481.2,64.80253495023594,14.489895989155817,1.0336441021483678,-2.4726388325901905,1.9218973625025448,-4.9634511756623585,0.7070707070707071,0.918569582076691,0.7298578199052133,0.6281775096940974,0.35071090047393366,0.7311503662214562,0.38043946574752263,0.5191727703576045,71.61182719556659,2026-09-29 15:44:06
278,7810O,7810.TWO,捷創科技,半導體業,227.5,226.6,36.84494447830448,8.952641360914088,10.450297366185213,10.01335113484647,2.8481012658228,-1.5584578438727736,3.644646924829157,0.7173632055148643,0.4959069366652305,0.8879793192589401,0.8888410168031021,0.7901766479965532,0.8013787160706592,0.7264110297285653,71.49785221342528,2026-09-29 15:44:06
279,4706O,4706.TWO,大恭,化學工業,33.849998474121094,33.83999938964844,70.64373448671125,20.57179055283107,2.0962102836942,2.0660516817153862,-1.6631603626372282,-10.834618161374298,-5.314689582878059,0.9452822059457131,0.8565273588970271,0.6781559672554933,0.6906505816458423,0.3037483843171047,0.09607927617406291,0.05084015510555795,71.38454111286366,2026-09-29 15:44:06
280,3702,3702.TW,大聯大,電子通路業,115.0,114.7,27.56009236787011,19.781584770701908,3.114352345827598,2.845358383186314,6.674087548245322,-2.9271832218896843,7.981220657276995,0.5678586816027574,0.8448944420508402,0.7195174493752693,0.7285652735889703,0.9009047824213701,0.6135286514433433,0.8677294269711331,71.33778932724262,2026-09-29 15:44:06
281,5425O,5425.TWO,台半,半導體業,95.80000305175781,94.56000061035157,38.69482297407138,11.20533378034238,2.397836710698198,1.0724341692454065,3.7751209374528027,-1.730586931690914,11.265975318863948,0.7376130978026713,0.6161137440758294,0.6945282205945713,0.6281775096940974,0.8328306764325721,0.7729426971133132,0.9065058164584231,71.29747926757472,2026-09-29 15:44:06
282,2357,2357.TW,華碩,電腦及週邊設備業,963.0,954.6,41.6639556575343,12.11509512137177,11.779613472364625,10.804588806562077,-0.49597024178549276,-6.179209262519924,4.220779220779221,0.7634640241275312,0.6535975872468763,0.9043515725980181,0.8987505385609651,0.4760878931495045,0.27875915553640673,0.7561395950021542,71.28214775234333,2026-09-29 15:44:06
283,6212O,6212.TWO,理銘,建材營造業,33.650001525878906,32.56999969482422,29.883771804403136,10.018100091674711,11.426920407666596,7.850656734200934,5.1069850546948015,0.09326339854964782,7.16561125695309,0.6096510124946144,0.5570874623007325,0.8978888410168031,0.8599741490736751,0.8772080999569152,0.936234381732012,0.8479103834554071,71.21680728249046,2026-09-29 15:44:06
284,3226O,3226.TWO,龍鋒,電機機械,60.099998474121094,58.45999984741211,22.9401249518161,13.582909424658169,16.674482785698032,13.490689168416669,7.3981383636637865,0.5681013082638131,7.513411151335656,0.46962516156828954,0.7009909521757863,0.9370960792761741,0.925463162429987,0.9069366652305041,0.951314088754847,0.8573890564411891,71.15930891379793,2026-09-29 15:44:06
285,7730,7730.TW,暉盛-創,半導體業,174.5,171.9,47.66543303725079,12.205275076666988,5.906578542914009,4.328600868349097,0.2729492888952745,-5.494385799157941,1.4534883720930232,0.8104265402843602,0.6561826798793623,0.8087031451960361,0.7755277897457993,0.5799224472210254,0.3334769495906937,0.5855234812580784,71.02208770321712,2026-09-29 15:44:06
286,4419O,4419.TWO,皇家美食,觀光餐旅,49.0,47.20999984741211,35.350001303650295,9.117920813756585,6.135268345688627,2.258081681734758,5.751592452938992,1.1406311246972223,8.167772241180154,0.6949590693666523,0.5040930633347694,0.8160275743214132,0.7009909521757863,0.8888410168031021,0.96122361051271,0.8716070659198621,70.85421902189807,2026-09-29 15:44:06
287,00911,00911.TW,兆豐洲際半導體,nan,55.79999923706055,55.79000015258789,28.461930575991417,16.186350785065475,2.2952245522749326,2.2768937528944155,6.144186710338584,-1.803063583909481,7.826085482242602,0.5898319689788885,0.7785437311503662,0.6880654890133563,0.7018526497199483,0.8927186557518311,0.7621714778112882,0.8638517880224041,70.74242758776501,2026-09-29 15:44:06
288,6944,6944.TW,兆聯實業,綠能環保,776.0,740.2,28.614728553724817,13.056272398551982,5.285312936660924,0.4280781388098287,8.98876404494382,2.3098384459340204,12.46376811594203,0.5932787591555364,0.6863420939250323,0.7880224041361482,0.5876777251184834,0.9215855234812581,0.9724256785868161,0.9172770357604481,70.72753693139514,2026-09-29 15:44:06
289,2025,2025.TW,千興,鋼鐵工業,13.350000381469727,12.810000038146972,28.87436627808797,10.931463257747195,7.827962909988906,3.466379739399006,6.37450462746143,0.8616760956874137,8.536586784167612,0.5980180956484275,0.6049116760017234,0.8466178371391642,0.7514002585092633,0.8978888410168031,0.9560534252477381,0.8759155536406721,70.7241293517243,2026-09-29 15:44:06
290,00987A,00987A.TW,主動台新優勢成長,nan,17.149999618530273,17.09000015258789,28.850501940328456,11.009425052885353,9.632531673638645,9.248981032435012,3.807273854903892,-1.6088747420769156,5.995051267361234,0.5975872468763465,0.6057733735458853,0.8780697975010772,0.8793623438173201,0.8345540715208961,0.7914691943127962,0.8207669108143042,70.4598422441023,2026-09-29 15:44:06
291,5234,5234.TW,達興材料,光電業,322.0,299.9,45.86710752766325,11.737393486377531,0.6826827870134,-6.227526186877908,9.440054380151231,3.373383962235499,12.195121951219512,0.8000861697544162,0.6372253339077983,0.6070659198621284,0.13011632916846186,0.92675570874623,0.983627746660922,0.9159844894442051,70.44339042870516,2026-09-29 15:44:06
292,4744O,4744.TWO,皇將,生技醫療業,28.649999618530273,28.379999923706055,42.21698478768345,16.520677726241832,-0.09008875800944338,-1.0316470792809396,2.8910024713779015,-4.959652304923734,7.303366291650028,0.7673416630762603,0.7880224041361482,0.5695820766910814,0.4851357173632055,0.7944851357173632,0.3808703145196036,0.8526497199482982,70.44188113542629,2026-09-29 15:44:06
293,1259O,1259.TWO,安心,觀光餐旅,68.0,67.96000061035156,27.972079373372903,11.820400233002111,9.216478705475971,9.152234698302886,4.078977516334303,-1.7290332736151992,5.590059609974462,0.5786299009047824,0.6402412753123654,0.8724687634640241,0.8780697975010772,0.8457561395950022,0.7733735458853942,0.8056872037914692,70.42614506735725,2026-09-29 15:44:06
294,3701,3701.TW,大眾控,電腦及週邊設備業,41.75,41.70999984741211,46.81341135544774,9.940147981967575,2.883193723711863,2.7846226231686533,1.6185959719062337,-3.192793804608951,4.636587477123768,0.8056872037914692,0.5519172770357604,0.7113313227057303,0.7264110297285653,0.7109004739336493,0.5769065058164584,0.7703576044808272,70.34050953014973,2026-09-29 15:44:06
295,8289O,8289.TWO,泰藝,電子零組件業,46.04999923706055,44.75999984741211,43.05578289867472,16.005187394640693,-0.42346308596535875,-3.212902260136541,4.558095741231871,-3.1892733666579964,12.180268192273012,0.7750969409737182,0.7707884532529082,0.5506247307195175,0.28263679448513573,0.8595433003015941,0.5777682033606204,0.9155536406721241,70.30239857821459,2026-09-29 15:44:06
296,8045,8045.TW,達運光電,通信網路業,53.400001525878906,53.37999954223633,43.250515352533455,18.55994212479094,-1.7675075482094904,-1.8043023918620338,3.9669056655754265,-4.861883971204984,13.135594624412752,0.7759586385178803,0.8233520034467902,0.44463593278759156,0.4157690650581646,0.8418785006462731,0.3894872899612236,0.9207238259370961,70.17767182642692,2026-09-29 15:44:06
297,7825O,7825.TWO,和亞智慧,其他電子業,83.5999984741211,78.43999938964843,114.32961759858873,44.6716118528143,3.563610089285585,-2.8285925781680654,-6.7692668640663705,-23.791131770515406,-22.23255955895712,0.998707453683757,0.976734166307626,0.7358897027143473,0.3127962085308057,0.03317535545023697,0.007324429125376993,0.0025850926324859974,70.12982567351435,2026-09-29 15:44:06
298,2371,2371.TW,大同,電機機械,29.350000381469727,29.33000030517578,30.80199450749428,10.540487856352122,7.871363964210398,7.797856792790436,3.072871933878063,-2.0873628789130905,6.921674192065902,0.6273158121499354,0.5833692373976734,0.8479103834554071,0.8595433003015941,0.8043946574752262,0.7208099956915123,0.8418785006462731,69.83046694681431,2026-09-29 15:44:06
299,00897,00897.TW,富邦基因免疫生技,nan,13.8100004196167,13.58799991607666,25.947643303009805,10.420100799303906,13.05463392108308,11.237241821488064,4.89935708008209,-0.295307642558551,9.864763364338497,0.5364067212408444,0.5764756570443774,0.9121068504954761,0.9052132701421801,0.8681602757432141,0.919431279620853,0.8965962947005601,69.76651129244412,2026-09-29 15:44:06
300,6499O,6499.TWO,益安,生技醫療業,74.5,73.9,32.48610266158775,10.21678205031644,10.786160739657525,9.893923203499199,1.957027933691191,-2.998203150795764,6.276749816910852,0.6531667384747953,0.5648427401981905,0.8901335631193451,0.8879793192589401,0.7345971563981043,0.6057733735458853,0.8263679448513572,69.70075071002913,2026-09-29 15:44:06
301,3014,3014.TW,聯陽,半導體業,143.5,141.1,23.370339842680256,13.865304007988122,7.854190154077401,6.050357008643359,7.249626307922252,0.2964242427246244,9.961685823754788,0.47824213700990953,0.7096079276174063,0.8474795346833262,0.8155967255493322,0.9047824213700991,0.943127962085308,0.8974579922447221,69.66218852608279,2026-09-29 15:44:06
302,9921,9921.TW,巨大,運動休閒,94.0999984741211,91.03999938964844,43.71708309764803,20.838439825429152,2.095801623545812,-1.224209689551814,-0.38111515336920476,-9.78120935342719,7.420091453449326,0.7815596725549332,0.8578199052132701,0.6777251184834123,0.46617837139164153,0.4946143903489875,0.12106850495476087,0.8552348125807842,69.54189629578454,2026-09-29 15:44:06
303,3430O,3430.TWO,奇鈦科,化學工業,112.5,108.8,42.90919476715044,15.785816842056935,-1.1336673039309297,-4.385271134823876,5.584232754575313,-2.1397844401821575,8.695652173913043,0.7729426971133132,0.7608789314950453,0.4954760878931495,0.2098233520034468,0.8858250753985352,0.7147781128823782,0.8802240413614821,69.52277339434406,2026-09-29 15:44:06
304,4949,4949.TW,有成精密,光電業,76.0,75.35999908447266,44.566487487559314,14.56954263066439,5.178180418329781,4.292468158313589,-0.059174585785803924,-6.845282709819656,-0.6535947712418301,0.7875915553640672,0.7320120637656182,0.7837139164153382,0.7738043946574752,0.5372684187850064,0.23782852218871176,0.34769495906936665,69.48313758940552,2026-09-29 15:44:06
305,3504,3504.TW,揚明光,光電業,79.5,78.48000030517578,57.337313642160396,24.24192838212163,3.3899780050653305,2.06346547659928,-3.915880807446104,-14.30316365383656,-1.4869851222074004,0.8810857389056441,0.8931495045239121,0.7307195174493752,0.6897888841016803,0.09004739336492891,0.046100818612666954,0.24903059026281776,69.47897795638266,2026-09-29 15:44:06
306,3645,3645.TW,達邁,電子零組件業,72.69999694824219,71.68000030517578,36.885064181754885,13.085640258257103,2.3343068294607194,0.898534424808628,2.4015726170645735,-3.8869325094312623,6.131382406192974,0.7177940542869453,0.6876346402412753,0.6906505816458423,0.6186988367083154,0.7669108143041792,0.5015079707022835,0.8229211546747092,69.46499495061005,2026-09-29 15:44:06
307,1717,1717.TW,長興,化學工業,72.5,71.53999938964844,42.067129344468626,24.198772989893808,3.017098786560113,1.6530094388119032,-1.3605442176870763,-12.00714038987244,2.2566973761447455,0.7656182679879362,0.8922878069797501,0.7165015079707023,0.6626454114605773,0.3459715639810427,0.07324429125376992,0.6436880654890134,69.41047886245134,2026-09-29 15:44:06
308,2313,2313.TW,華通,電子零組件業,226.0,223.3,45.68667729500003,19.532137693823845,3.6103151862464156,2.372492836676221,-1.9310045563028844,-10.656365419744084,2.0316027088036117,0.7979319258940112,0.8397242567858682,0.7376130978026713,0.7052994398965963,0.2688496337785437,0.0995260663507109,0.6294700560103403,69.39070763915566,2026-09-29 15:44:06
309,3149,3149.TW,正達,光電業,67.30000305175781,64.6,45.34868981931918,12.917045813479328,-1.5904362057039267,-5.538521057385292,7.731716303901037,1.1959525291147521,8.02568840437947,0.7936234381732012,0.6820336062042223,0.4588539422662645,0.15769065058164583,0.9090909090909091,0.9620853080568721,0.8681602757432141,69.12959471533665,2026-09-29 15:44:06
310,3577O,3577.TWO,泓格,電腦及週邊設備業,122.0,116.5,44.68261417460226,12.85532201346773,-1.3410607183772516,-5.7887997843520385,7.299912049252422,0.8195717487988086,9.417040358744394,0.7884532529082292,0.6794485135717363,0.4825506247307195,0.14519603619129687,0.9056441189142611,0.9551917277035761,0.8907798362774666,69.11283429873643,2026-09-29 15:44:06
311,1711,1711.TW,永光,化學工業,40.54999923706055,39.23000030517578,35.632435698185375,18.41569022281711,3.3384279945958717,-0.025483648856128305,1.021423207765726,-7.496184816476726,5.461634414699948,0.6979750107712193,0.8216286083584662,0.7298578199052133,0.5588108573890564,0.6673847479534684,0.1994829814735028,0.8022404136148212,69.00036083001172,2026-09-29 15:44:06
312,3535,3535.TW,晶彩科,光電業,89.80000305175781,87.96000213623047,42.47489933107703,11.736838957863299,0.6425617274572692,-1.4196030768446333,3.2124621996188374,-2.508734231024723,7.287940652241247,0.7699267557087462,0.6367944851357173,0.6040499784575614,0.44635932787591553,0.8112882378285222,0.6669538991813874,0.8522188711762172,68.9840386789856,2026-09-29 15:44:06
313,3293O,3293.TWO,鈊象,文化創意業,779.0,744.0,26.31226350381695,11.8564082348143,6.198309551940384,1.4268835772062172,8.488266833785962,2.4167904456695144,12.40981240981241,0.5415769065058165,0.6419646704006894,0.8186126669538992,0.6488582507539854,0.9172770357604481,0.974579922447221,0.9164153382162861,68.80362367312503,2026-09-29 15:44:06
314,5864O,5864.TWO,致和證,金融保險業,36.900001525878906,36.85,30.929900034857788,11.089785400425104,6.775986758763608,6.631299440487504,2.3507428470220137,-3.02634241361458,5.730658775235205,0.6290392072382593,0.6083584661783714,0.8328306764325721,0.8306764325721672,0.7634640241275312,0.6036191296854804,0.8099956915122792,68.77823538927603,2026-09-29 15:44:06
315,6895O,6895.TWO,宏碩系統,半導體業,145.0,143.2,49.465792867742636,20.451574368006373,7.953840426851966,6.613723787070347,-3.766384602621542,-12.694100123111108,-5.228758169934641,0.8302455838000862,0.8552348125807842,0.8492029297716501,0.8298147350280052,0.0956484274019819,0.06290392072382593,0.052563550193881946,68.73854771858909,2026-09-29 15:44:06
316,6642O,6642.TWO,富致,電子零組件業,80.69999694824219,79.13999938964844,36.20831228787023,11.761150349158711,2.6217031895424237,0.6379409530073321,2.710954397199883,-2.9935809964701354,5.352478532367408,0.7087462300732443,0.6385178802240413,0.7044377423524343,0.6049116760017234,0.7850064627315813,0.6070659198621284,0.7970702283498492,68.72316433760929,2026-09-29 15:44:06
317,4721O,4721.TWO,美琪瑪,化學工業,79.80000305175781,76.5000015258789,24.11540427382995,12.678237296737416,7.162044730931605,2.7305297233568115,8.786043629995666,2.3010581738204916,10.679618225512844,0.4928909952606635,0.6734166307626023,0.8388625592417062,0.7233950883239982,0.9198621283929341,0.9719948298147351,0.9026281775096942,68.7088701373462,2026-09-29 15:44:06
318,1326,1326.TW,台化,塑膠工業,67.5,66.84000091552734,59.297106458053484,14.558450841383962,5.022949272324406,3.9960596372377033,-2.2305922582642856,-8.864547298569525,-3.846149666121596,0.8944420508401552,0.7315812149935372,0.7772511848341233,0.7651874192158552,0.23395088323998275,0.14347264110297286,0.08616975441619991,68.48615342707859,2026-09-29 15:44:06
319,6269,6269.TW,台郡,電子零組件業,64.9000015258789,64.72000122070312,51.255086512223556,20.95852631780046,3.2261508470302624,2.939852877573701,-2.73510449474873,-11.960948395033178,-1.8154265899294992,0.8448944420508402,0.8595433003015941,0.7251184834123223,0.7315812149935372,0.17018526497199482,0.07410598879793193,0.21240844463593278,68.43047035958054,2026-09-29 15:44:06
320,8935O,8935.TWO,邦泰,其他業,19.299999237060547,17.799999618530272,38.45034432008708,9.804921172032232,4.117960029076007,-3.9741076651997442,8.0929667680955,3.0414026174946374,8.123242714863354,0.7337354588539423,0.5441619991383024,0.7544161999138302,0.23265833692373977,0.9116760017233951,0.9797501077121931,0.8694528220594572,68.35129729462552,2026-09-29 15:44:06
321,3419,3419.TW,譁裕,通信網路業,11.800000190734863,11.110000038146973,49.057020314265216,15.563252911359251,-1.8166674428578444,-7.557897387854706,4.471006734494254,-3.0715993347407045,7.272729006680575,0.8259370960792761,0.7539853511417492,0.4386040499784576,0.09607927617406291,0.8573890564411891,0.5954330030159414,0.8509263248599741,68.32628763073994,2026-09-29 15:44:06
322,1456,1456.TW,怡華,建材營造業,14.600000381469727,14.389999961853027,39.46359915009528,7.862459135154854,4.646998147293679,3.1417986302819223,3.1255546610585716,-0.7752000143469884,1.7421602324333527,0.7462300732442912,0.43429556225764754,0.7677725118483413,0.7389056441189142,0.8074105988797932,0.8849633778543731,0.6109435588108574,68.25886734437564,2026-09-29 15:44:06
323,3581O,3581.TWO,博磊,半導體業,106.5,104.0,57.13509440218461,22.146446996108267,-4.182099018759688,-6.431345520666742,2.729815685949033,-7.511628409930193,8.673469387755102,0.8785006462731582,0.8703145196036192,0.27401981904351574,0.12537699267557087,0.7862990090478242,0.1986212839293408,0.8789314950452392,68.17582509458886,2026-09-29 15:44:06
324,6164,6164.TW,華興,光電業,12.399999618530273,12.299999809265136,30.479517780407296,15.478294572265277,0.7038414674182203,-0.10828476232452866,4.641347412887398,-2.875277882994698,10.222218831380209,0.6217147781128823,0.7514002585092633,0.6113744075829384,0.5523481258078414,0.8616975441619992,0.6230073244291254,0.8996122361051271,67.94643844907512,2026-09-29 15:44:06
325,3533,3533.TW,嘉澤,電子零組件業,1710.0,1685.0,51.0459684928285,17.672033605618036,-4.36241610738255,-5.760626398210289,4.347826086956519,-4.123810157426355,8.227848101265822,0.8427401981904351,0.8104265402843602,0.25937096079276173,0.14648858250753985,0.8543731150366222,0.47264110297285655,0.8724687634640241,67.78300947582035,2026-09-29 15:44:06
326,2477,2477.TW,美隆電,其他電子業,23.100000381469727,23.070000076293944,25.90745793116622,10.702967458763386,6.993980492228902,6.855025859599828,4.383192323125984,-0.9191056186194535,5.000001733953303,0.5355450236966824,0.5954330030159414,0.8380008616975442,0.8367083153813012,0.8548039638087032,0.8716070659198621,0.7845756139595003,67.63519209283845,2026-09-29 15:44:06
327,5483O,5483.TWO,中美晶,半導體業,189.0,188.7,42.43539513075418,11.244142716163989,-1.4084507042253502,-1.5649452269170583,3.6042209127038483,-1.9104439246766858,7.386363636363637,0.7690650581645843,0.6191296854803964,0.4760878931495045,0.43688065489013356,0.8259370960792761,0.7436449806118053,0.8543731150366222,67.46377579432782,2026-09-29 15:44:06
328,5515,5515.TW,建國,建材營造業,52.70000076293945,51.27000045776367,25.2062341677193,11.848407862537131,11.113064203926282,8.098041178872183,3.156350508802208,-2.613050955060603,5.717156220772799,0.5170185264971995,0.6411029728565274,0.8927186557518311,0.8655751831107281,0.8095648427401982,0.6540284360189573,0.8091339939681171,67.39736689005763,2026-09-29 15:44:06
329,2402,2402.TW,毅嘉,電子零組件業,56.900001525878906,54.67999954223633,40.003422284732714,17.170812482759295,0.38519513979098363,-3.5314186802864245,2.227815085968854,-5.854922291563025,5.370373196072049,0.7518311072813443,0.8018095648427402,0.5941404566996984,0.25850926324859974,0.7518311072813443,0.3059026281775097,0.7987936234381732,67.32674130044131,2026-09-29 15:44:06
330,7795,7795.TW,長廣,電子零組件業,496.0,493.2,66.9303082118838,19.828864821372854,-0.5513784461152915,-1.1127819548872209,-1.82106096595408,-10.676935793828946,-2.1696252465483234,0.9284791038345541,0.8461869883670832,0.5398535114174925,0.4747953468332615,0.28220594571305474,0.09909521757862991,0.17449375269280482,67.29569446344026,2026-09-29 15:44:06
331,4183O,4183.TWO,福永生技,生技醫療業,13.949999809265137,13.9,56.796364152322475,13.284010606078972,-1.938961954280649,-2.2904338729663243,1.141923786130672,-5.1575188419230145,3.333331920482494,0.8746230073244291,0.6936665230504093,0.42567858681602755,0.37096079276174065,0.6764325721671693,0.35932787591555365,0.7109004739336493,67.2588023565929,2026-09-29 15:44:06
332,3710O,3710.TWO,連展投控,電子零組件業,8.520000457763672,7.882000064849853,47.48254087167336,12.077529608286365,-0.12259357660600045,-7.60168056224968,4.417095704909535,-1.5293172286841683,2.387612634914348,0.8095648427401982,0.6518741921585524,0.5691512279190004,0.0943558810857389,0.8556656613528651,0.8061180525635502,0.6531667384747953,67.25809179583959,2026-09-29 15:44:06
333,6535O,6535.TWO,順藥,生技醫療業,80.69999694824219,79.93999938964843,66.92185487334397,13.404130005399114,-5.716959406503097,-6.604876176980923,3.541181915870073,-2.96234481192984,7.029171505446468,0.9280482550624731,0.6966824644549763,0.16889271865575184,0.11805256355019388,0.8229211546747092,0.6109435588108574,0.8440327445066782,67.15543910657722,2026-09-29 15:44:06
334,6111O,6111.TWO,光聚晶電,文化創意業,37.79999923706055,36.79999923706055,33.53524616840131,16.43155879627838,-0.18923738975455962,-2.829733808399648,4.383844350026411,-3.541013213992228,9.406657226532849,0.6695389918138733,0.7858681602757432,0.5661352865144335,0.3123653597587247,0.8552348125807842,0.5389918138733305,0.8901335631193451,67.02125204227866,2026-09-29 15:44:06
335,6419O,6419.TWO,京晨科,光電業,152.0,151.0,48.64959962080442,9.632385544691276,3.13242112405292,2.453918353499951,0.2803892462477364,-4.327388169831147,0.33003300330033003,0.8207669108143042,0.5346833261525205,0.7208099956915123,0.7091770788453253,0.5820766910814305,0.44377423524342957,0.4808272296423955,67.0038977628591,2026-09-29 15:44:06
336,00992A,00992A.TW,主動群益科技創新,nan,18.68000030517578,18.638000106811525,28.162799683422186,10.202122544792957,8.016423576421271,7.773558954221538,2.4684596155235106,-2.504828804772874,4.532733228327766,0.5850926324859974,0.5644118914261095,0.8500646273158121,0.8591124515295131,0.7703576044808272,0.6673847479534684,0.7660491167600172,66.92143122287972,2026-09-29 15:44:06
337,3552O,3552.TWO,同致,其他電子業,43.45000076293945,42.07000045776367,51.255677885828064,15.286652943228374,-2.310155021740945,-5.412848083085143,3.1882697481756317,-4.13872078229891,2.718679779245359,0.8453252908229212,0.7462300732442912,0.3976734166307626,0.16286083584661784,0.8104265402843602,0.4704868591124515,0.6742783283067644,66.84942081778074,2026-09-29 15:44:06
338,3054,3054.TW,立萬利,電子通路業,58.79999923706055,58.5,28.792925604500176,8.96021465661802,7.305795697698159,6.758318533426433,3.0674829806747184,-1.3520510111990847,4.99999863760812,0.5958638517880224,0.4967686342093925,0.8410168031021111,0.8345540715208961,0.8039638087031452,0.8280913399396812,0.7841447651874193,66.75554381315011,2026-09-29 15:44:06
339,2070O,2070.TWO,精湛,電機機械,62.79999923706055,61.47999954223633,29.33960873660847,17.113743789822042,5.373546425358655,3.158688928323272,0.36758695938334807,-7.543773869474945,4.666665395100911,0.6010340370529944,0.7992244722102542,0.7897457992244722,0.7406290392072382,0.5924170616113744,0.1964670400689358,0.7712193020249892,66.68088306830712,2026-09-29 15:44:06
340,6120,6120.TW,達運,光電業,13.050000190734863,12.879999923706055,28.41852849329513,12.346903187461608,1.2020179142118392,-0.11632460056336669,5.093619656149717,-1.0170451477013676,9.205024259639472,0.5885394226626454,0.6635071090047393,0.6385178802240413,0.5510555794915984,0.8763464024127531,0.8595433003015941,0.8884101680310211,66.58746766883738,2026-09-29 15:44:06
341,6174O,6174.TWO,安碁,電子零組件業,45.04999923706055,44.55,45.556723783937194,12.978561061253407,-2.2758926942895052,-3.360509340744,3.030300386577789,-3.2481956182003557,11.92546394300757,0.7962085308056872,0.6846186988367083,0.4002585092632486,0.2731581214993537,0.8022404136148212,0.5708746230073244,0.9133993968117191,66.51402058250733,2026-09-29 15:44:06
342,6127O,6127.TWO,九豪,電子零組件業,51.0,48.76000061035156,58.67841482335416,10.63755898289571,-4.449648598127808,-8.646368771086388,4.825034355993396,-0.46881015697162187,7.822411887145285,0.8918569582076691,0.5902628177509694,0.2516156828953037,0.06893580353295993,0.8672985781990521,0.910383455407152,0.8634209392503231,66.31513618363628,2026-09-29 15:44:06
343,6735O,6735.TWO,美達科技,其他電子業,64.9000015258789,64.0400001525879,42.20254764661884,12.516320057168706,-1.7906662279960517,-3.0920554410647116,3.5831167544101428,-2.5174944432075685,7.095714785527768,0.7664799655320982,0.6699698405859543,0.4429125376992676,0.29039207238259374,0.8242137009909521,0.6652305040930633,0.8470486859112452,66.25580176744984,2026-09-29 15:44:06
344,00733,00733.TW,富邦臺灣中小,nan,70.19999694824219,69.52999877929688,28.813749456149353,8.60270394151366,5.520269750269957,4.513170169177072,3.8576727057956006,-0.4253820842951561,5.802560004010751,0.5967255493321844,0.4760878931495045,0.7944851357173632,0.7802671262386902,0.8362774666092202,0.9133993968117191,0.8130116329168462,66.17405097479858,2026-09-29 15:44:06
345,8072,8072.TW,陞泰,電子通路業,27.799999237060547,27.61999969482422,26.761503904360666,11.14063603167948,3.416203651845229,2.746604017743959,4.246739726612914,-1.2537409322080806,6.513405481778353,0.5480396380870315,0.6135286514433433,0.7324429125376992,0.7246876346402413,0.8517880224041362,0.8392934080137872,0.8328306764325721,66.16161356832875,2026-09-29 15:44:06
346,8182O,8182.TWO,加高,電子零組件業,41.20000076293945,40.27000045776367,32.49026570958875,11.109475734469843,0.37967363438380364,-1.8861789234976056,5.055143349500013,-0.47330373589037356,11.05121956185064,0.6535975872468763,0.6105127100387764,0.5932787591555364,0.40887548470486856,0.8728996122361051,0.90952175786299,0.9043515725980181,66.11084737378043,2026-09-29 15:44:06
347,3545,3545.TW,敦泰,半導體業,51.900001525878906,51.58000030517578,33.220531054134476,9.575904788762815,2.355090410851779,1.7239969057712523,2.721428444937124,-1.9721007064501972,6.9001078093965065,0.6643688065489013,0.5316673847479535,0.6919431279620853,0.6660922016372254,0.7854373115036622,0.7350280051701853,0.8414476518741921,66.10679147225437,2026-09-29 15:44:06
348,3597O,3597.TWO,映興,電子零組件業,27.850000381469727,27.460000228881835,27.670404922113185,9.480865418963177,4.64351808229746,3.1781325361419865,4.493013493408293,-0.2362213041066541,6.095239548456101,0.5717363205514864,0.5247738043946575,0.7673416630762603,0.7419215855234813,0.8591124515295131,0.9241706161137441,0.8216286083584662,66.04826616174321,2026-09-29 15:44:06
349,6126O,6126.TWO,信音,電子零組件業,30.799999237060547,30.730000305175782,32.08395491628631,12.916684838624054,0.23594274562419582,0.00813725528465703,3.2344531564527657,-3.0283105951069533,6.2068939208984375,0.6458423093494183,0.6816027574321413,0.5842309349418354,0.5626884963377854,0.8121499353726842,0.6031882809133994,0.8246445497630331,65.9848706574559,2026-09-29 15:44:06
350,3338,3338.TW,泰碩,電子零組件業,67.9000015258789,67.44000091552735,34.44473820597855,8.596139840127307,4.711237430805548,4.001852570033804,2.23594332587278,-1.977147415835523,2.105265452449483,0.6824644549763034,0.4756570443774235,0.7694959069366653,0.7656182679879362,0.7526928048255063,0.7341663076260233,0.6324859974149074,65.96532245687843,2026-09-29 15:44:06
351,00954,00954.TW,中信日本半導體,nan,18.84000015258789,18.520000076293947,34.28864717344533,12.097579672494696,-0.2048171159070855,-1.8998524597518829,3.996466498786777,-1.9352633260875551,5.9617515467170055,0.6794485135717363,0.6527358897027143,0.5639810426540285,0.4080137871607066,0.8427401981904351,0.7393364928909952,0.8194743644980612,65.8833019623354,2026-09-29 15:44:06
352,5291O,5291.TWO,邑昇,電子零組件業,58.79999923706055,58.04000015258789,39.982225550636144,34.490219727688334,3.195610862169884,1.861791630971421,-5.41301492295887,-19.325432688080333,-1.1764718704864758,0.7514002585092633,0.9556225764756571,0.7238259370960792,0.6751400258509264,0.04825506247307195,0.01680310211115898,0.2890995260663507,65.8316021843156,2026-09-29 15:44:06
353,5299O,5299.TWO,杰力,半導體業,100.0,98.91999969482421,33.075140060168195,11.93765315389373,-0.5733603895622053,-1.6471684007809628,4.324239820137787,-1.5519533526351714,8.932458252336813,0.6617837139164153,0.6471348556656613,0.5372684187850064,0.42912537699267556,0.8539422662645412,0.8022404136148212,0.8832399827660491,65.80497430907948,2026-09-29 15:44:06
354,2939,2939.TW,永邑-KY,貿易百貨業,20.25,19.860000228881837,38.4513108096473,7.5983342773231435,4.015066829496972,2.011814866220707,1.938081760234378,-1.7929675446634596,2.7918741916763308,0.7341663076260233,0.4196467040068936,0.7505385609651013,0.6833261525204654,0.7324429125376992,0.7638948728996122,0.6798793623438173,65.72262187374662,2026-09-29 15:44:06
355,2347,2347.TW,聯強,電子通路業,94.5,92.64000091552734,22.998703007773578,11.011790710799355,6.20761955028668,4.117184892852244,5.6042905016958855,0.09326033011214374,6.179775280898876,0.4722102542007755,0.6062042223179664,0.8190435157259802,0.7686342093925033,0.8866867729426972,0.935803532959931,0.8242137009909521,65.67784098656537,2026-09-29 15:44:06
356,00951,00951.TW,台新日本半導體,nan,17.639999389648438,17.38400001525879,34.12448755375087,12.00544436865799,-0.35868994456070835,-1.8047281486508027,3.8624545145391487,-2.0190685915292828,5.882350247371442,0.6777251184834123,0.6505816458423094,0.5557949159844895,0.4153382162860836,0.8367083153813012,0.7285652735889703,0.8160275743214132,65.60173318734161,2026-09-29 15:44:06
357,2486,2486.TW,一詮,光電業,237.0,234.2,50.99499233725815,26.976720352698063,-0.21752859448460615,-1.396393235562432,-3.2850438685982475,-14.779845280064997,-0.21052631578947367,0.8423093494183541,0.9164153382162861,0.5626884963377854,0.45196036191296857,0.12193020249892288,0.043084877208099955,0.4105988797931926,65.4521419957639,2026-09-29 15:44:06
358,4707O,4707.TWO,磐亞,化學工業,29.649999618530273,29.530000305175783,44.41392754378108,29.388295026521693,-5.274641736375063,-5.658013678875495,2.99609038751385,-10.19934964370739,13.384321418956539,0.7867298578199052,0.9306333476949591,0.19603619129685482,0.15122791900043084,0.8000861697544162,0.10900473933649289,0.9220163722533391,65.42194575703687,2026-09-29 15:44:06
359,5210O,5210.TWO,寶碩,資訊服務業,30.25,29.85999984741211,29.0364454418722,8.609393026381369,3.7291043838806326,2.3917699528882785,4.247437165622414,-0.05489623140894073,6.326886428085182,0.5997414907367514,0.4765187419215855,0.7406290392072382,0.7070228349849202,0.8522188711762172,0.9319258940112021,0.8276604911676002,65.2675569837308,2026-09-29 15:44:06
360,00981A,00981A.TW,主動統一台股增長,nan,30.309999465942383,30.305999755859375,29.560505059568214,9.556028380984642,5.05337383145974,5.039510979398654,2.2708087025656853,-2.3928736455802624,2.9551593617612495,0.6053425247738043,0.5286514433433864,0.7789745799224472,0.7906074967686342,0.7574321413183972,0.6833261525204654,0.6876346402412753,64.86003742528673,2026-09-29 15:44:06
361,6698,6698.TW,旭暉應材,其他電子業,33.900001525878906,32.150000762939456,37.34705728282536,8.557182852690955,1.2271933540596969,-3.998401266182172,6.369630822978767,2.0052432316466806,9.003219003423231,0.7251184834123223,0.47264110297285655,0.6406721240844464,0.23050409306333478,0.8974579922447221,0.96984058595433,0.8849633778543731,64.83721649598426,2026-09-29 15:44:06
362,3231,3231.TW,緯創,電腦及週邊設備業,185.5,183.4,36.0492494329293,10.767524642352615,5.462642725162259,4.268726015066093,-0.04041492657954615,-5.147071169488782,0.0,0.7048685911245153,0.5975872468763465,0.7931925894011203,0.7725118483412322,0.5398535114174925,0.3610512710038776,0.43408013787160704,64.78548819180287,2026-09-29 15:44:06
363,3483O,3483.TWO,力致,電腦及週邊設備業,77.5,76.73999938964843,41.237902280318615,10.91555332177104,0.6646032941843849,-0.3225600599366274,1.0035194348461118,-4.223735192486289,1.3071895424836601,0.7604480827229643,0.6031882809133994,0.6057733735458853,0.5398535114174925,0.6639379577768203,0.4597156398104265,0.5695820766910814,64.75139942865728,2026-09-29 15:44:06
364,1773,1773.TW,勝一,化學工業,167.5,164.1,33.21120860824644,8.386141463487181,2.7397260273972712,0.6542629319157722,3.0135301353013677,-1.1320720160739817,5.345911949685535,0.6635071090047393,0.46230073244291253,0.7083153813011633,0.6062042223179664,0.8009478672985783,0.8500646273158121,0.7957776820336062,64.72108908528372,2026-09-29 15:44:06
365,6751O,6751.TWO,智聯服務,資訊服務業,44.95000076293945,44.05,19.70272832372471,11.093894469360805,7.839022640442894,5.679841305543687,6.283621543553819,0.6979588971298689,9.63414820229135,0.4006893580353296,0.6087893149504524,0.8470486859112452,0.8065489013356312,0.8948728996122362,0.95260663507109,0.8931495045239121,64.4618277686831,2026-09-29 15:44:06
366,8054O,8054.TWO,安國,半導體業,87.19999694824219,85.45999908447266,31.939984231790753,8.782179558697857,1.1663235137962857,-0.8523598917077879,4.776205404917033,0.3689161846879063,8.999996185302734,0.6436880654890134,0.48944420508401554,0.6359327875915554,0.5006462731581215,0.8655751831107281,0.9465747522619561,0.8841016803102111,64.38699586687038,2026-09-29 15:44:06
367,4526,4526.TW,東台,電機機械,32.150001525878906,31.93000030517578,30.363446224621327,10.15952135329585,1.7646642045389127,1.0682925315415925,2.6582632847479637,-2.304437482829269,6.105618268648614,0.6199913830245584,0.5622576475657044,0.6635071090047393,0.6277466609220164,0.7837139164153382,0.6919431279620853,0.8224903059026282,64.17934615651723,2026-09-29 15:44:06
368,5468O,5468.TWO,凱鈺,半導體業,25.549999237060547,24.809999847412108,56.32483644780659,14.814611930868768,-2.4250552114058466,-5.251098332526771,2.0673091348821337,-4.971725882660872,-2.8517111093415557,0.8720379146919431,0.7376130978026713,0.3907798362774666,0.16803102111158982,0.7397673416630762,0.3791469194312796,0.13227057302886686,63.59533264279275,2026-09-29 15:44:06
369,4739,4739.TW,康普,化學工業,83.19999694824219,80.95999908447266,37.84155323546833,15.536621276511223,-2.2345857232268673,-4.866729078553544,2.8684438911183774,-4.546667492621781,6.530087802512581,0.7294269711331323,0.7526928048255063,0.4032744506678156,0.1887117621714778,0.7923308918569582,0.41706161137440756,0.8332615252046531,63.579217954760296,2026-09-29 15:44:06
370,3489O,3489.TWO,森寶,建材營造業,23.25,22.719999694824217,26.450451555304426,10.070725174417971,3.0052424736911165,0.6571646265615572,4.015210560259552,-0.9712462563285951,6.164385410890369,0.5445928479103834,0.5588108573890564,0.7156398104265402,0.6066350710900474,0.8440327445066782,0.8647134855665661,0.8237828522188712,63.5092199406998,2026-09-29 15:44:06
371,6206,6206.TW,飛捷,電腦及週邊設備業,143.0,140.7,29.884694397570854,6.936575802074032,5.108416023520745,3.417861080485096,3.5106768005790823,0.0409680109741517,3.6231884057971016,0.6100818612666954,0.37526928048255065,0.7811288237828522,0.7496768634209392,0.8207669108143042,0.93537268418785,0.7259801809564843,63.39992324906548,2026-09-29 15:44:06
372,5345O,5345.TWO,馥鴻,其他業,22.0,21.639999771118163,56.7488520179423,10.237138404950892,-1.5696652245790088,-3.180344454036621,1.1726843516612684,-3.7537467269115665,-0.2267539174174239,0.8741921585523481,0.5657044377423525,0.46014648858250756,0.28608358466178374,0.6794485135717363,0.5161568289530375,0.4075829383886256,63.349006643846764,2026-09-29 15:44:06
373,1101,1101.TW,台泥,水泥工業,25.299999237060547,24.979999542236328,28.60687805830699,7.985790911636319,4.59948073722769,3.2764845742217386,2.9187411823192067,-1.0329112087808956,3.2653030084103953,0.5928479103834554,0.44205084015510554,0.7660491167600172,0.7445066781559673,0.7957776820336062,0.8578199052132701,0.7074536837570012,63.325874520053816,2026-09-29 15:44:06
374,2498,2498.TW,宏達電,通信網路業,43.0,41.32999954223633,25.185357651105683,9.355596345388793,4.574103819934394,0.512736349015408,5.761544412003561,1.0353162353694545,7.63454112343835,0.5165876777251185,0.5178802240413615,0.7643257216716932,0.5954330030159414,0.8892718655751831,0.958638517880224,0.8599741490736751,63.23797244964056,2026-09-29 15:44:06
375,6934,6934.TW,心誠鎂,生技醫療業,76.0999984741211,74.43999938964843,39.532696656456004,8.637203030710815,1.3923102025851675,-0.8193999877389002,1.6292710523145848,-2.577997043648006,1.3315579498241836,0.7479534683326152,0.4786729857819905,0.6467040068935803,0.5023696682464455,0.7113313227057303,0.6570443774235244,0.5725980180956485,63.221173133729025,2026-09-29 15:44:06
376,3041,3041.TW,揚智,半導體業,23.600000381469727,23.570000457763673,31.148319503332438,9.423356088946946,0.9229908882908644,0.7946992790579754,2.70917256793326,-1.9123993750627344,4.8888905843098955,0.6316242998707454,0.5213270142180095,0.6238690219732874,0.6130978026712623,0.7845756139595003,0.7423524342955623,0.7785437311503662,63.09467775992038,2026-09-29 15:44:06
377,6579,6579.TW,研揚,電腦及週邊設備業,157.5,153.4,33.78527927940402,8.461568002526178,0.4037399065023317,-2.209944751381221,5.017502917152861,0.7547855688010863,6.418918918918918,0.6729857819905213,0.46531667384747954,0.5945713054717794,0.3791469194312796,0.8720379146919431,0.9543300301594141,0.8302455838000862,63.040483239401865,2026-09-29 15:44:06
378,00400A,00400A.TW,主動國泰動能高息,nan,15.510000228881836,15.489999961853027,23.058576068332247,9.33307710493897,8.336536274892037,8.196835461062314,2.943617852331215,-1.6461045946165265,4.797297493221985,0.47307195174493755,0.5161568289530375,0.8556656613528651,0.8664368806548901,0.7966393795777682,0.7858681602757432,0.7755277897457993,63.01895376723491,2026-09-29 15:44:06
379,5284,5284.TW,jpp-KY,其他業,300.0,299.7,49.426843412078235,22.244211667829923,-1.8309681842370695,-1.9291372160528342,-2.967574997978495,-12.679458084561624,0.8403361344537815,0.8293838862559242,0.8720379146919431,0.43601895734597157,0.4054286945282206,0.14864282636794485,0.06376561826798793,0.5312365359758725,62.930444867565214,2026-09-29 15:44:06
380,5481O,5481.TWO,新華,其他業,22.0,21.989999771118164,19.12397451062916,13.74799354476556,6.301590823844072,6.253270812992184,3.8225579971928436,-2.8551741932968056,4.761904761904762,0.38431710469625163,0.7057302886686773,0.8224903059026282,0.8211977595863852,0.8349849202929772,0.6264541146057734,0.7738043946574752,62.84011029355131,2026-09-29 15:44:06
381,5536O,5536.TWO,聖暉*,其他電子業,902.0,890.0,48.38860999775714,12.248672206460135,-8.269631688672696,-9.489991355785698,4.792332268370614,-1.255135140316721,7.894736842105263,0.8181818181818182,0.6574752261956054,0.0913399396811719,0.05428694528220594,0.8664368806548901,0.8388625592417062,0.8655751831107281,62.72536769833346,2026-09-29 15:44:06
382,6202,6202.TW,盛群,半導體業,58.400001525878906,58.18000030517578,32.043213142040585,12.17604798676697,-0.9847806692440897,-1.3577852677337132,2.4561426850163492,-3.4234602282663396,5.797102751288169,0.6454114605773373,0.6548901335631193,0.5118483412322274,0.4554071520896165,0.7690650581645843,0.5506247307195175,0.8125807841447652,62.69198171607889,2026-09-29 15:44:06
383,6788O,6788.TWO,華景電,半導體業,344.5,339.5,41.10534046394354,18.49950611476719,-2.7568686488520844,-4.168234851336095,0.38610038610038533,-8.113201561771554,5.51301684532925,0.7587246876346403,0.8224903059026282,0.36449806118052563,0.22102542007755277,0.5962947005601034,0.17320120637656183,0.8043946574752262,62.687158201476336,2026-09-29 15:44:06
384,3131O,3131.TWO,弘塑,半導體業,2475.0,2425.0,48.59288405714785,14.244949619733232,-4.825995000961358,-6.7487021726591045,2.0723785957315277,-4.714319962359525,6.451612903225806,0.8194743644980612,0.7233950883239982,0.22619560534252478,0.11589831968978888,0.7406290392072382,0.4049978457561396,0.8311072813442482,62.62581658082625,2026-09-29 15:44:06
385,3019,3019.TW,亞光,光電業,135.5,135.3,56.91319777152232,16.188631225058884,-1.2630556230264656,-1.4087928102987424,-2.675525228945952,-9.963373911427997,-1.4545454545454546,0.8754847048685911,0.7789745799224472,0.4872899612236105,0.44894442050840155,0.17923308918569583,0.11762171477811288,0.25678586816027577,62.61500775885662,2026-09-29 15:44:06
386,6909,6909.TW,創控,半導體業,41.95000076293945,41.93000030517578,48.678340535553374,10.538843944379117,-1.369539322423119,-1.4165632634747793,1.7648141913233717,-3.329179276572869,-4.441915023146262,0.8216286083584662,0.5825075398535114,0.4795346833261525,0.44765187419215857,0.7186557518311073,0.5631193451098664,0.07152089616544594,62.54528463326273,2026-09-29 15:44:06
387,4749O,4749.TWO,新應材,半導體業,764.0,736.2,39.001281434061845,15.213774577318562,-2.1140294682895577,-5.6758488148622614,1.8870440754817697,-5.315499181603345,5.9639389736477115,0.7401981904351572,0.7445066781559673,0.4157690650581646,0.15036622145626885,0.7281344248168893,0.3494183541576906,0.8199052132701422,62.52415971393342,2026-09-29 15:44:06
388,1301,1301.TW,台塑,塑膠工業,64.5999984741211,64.31999816894532,34.57786421661837,9.483163114743492,5.994310480370713,5.534891904791506,-0.5847963858930605,-5.085256365302548,0.0,0.6850495476087893,0.5256355019388195,0.8125807841447652,0.8013787160706592,0.4627315812149935,0.36880654890133563,0.43408013787160704,62.299941490249196,2026-09-29 15:44:06
389,3630O,3630.TWO,新鉅科,光電業,26.649999618530273,26.589999771118165,35.09293271603792,9.908338268801861,1.0873673002252726,0.8597790563181995,0.4712520962498523,-4.271309158200653,2.107276739547602,0.6902197328737613,0.5501938819474365,0.6324859974149074,0.6156828953037484,0.6062042223179664,0.45282205945713055,0.6329168461869884,61.87126329973937,2026-09-29 15:44:06
390,3583,3583.TW,辛耘,半導體業,713.0,701.6,42.5655632296399,15.455997659293732,-1.8131742024328656,-3.383061739729165,0.19673974142777606,-6.99099507095503,1.278409090909091,0.7716501507970702,0.7501077121930203,0.4390348987505386,0.2727272727272727,0.5743214131839725,0.23265833692373977,0.5674278328306764,61.82488494750693,2026-09-29 15:44:06
391,00876,00876.TW,元大全球5G,nan,89.55000305175781,89.12000274658203,26.07578755807823,9.82488243428889,1.4826737157036085,0.9953752323905052,3.5529501878817094,-1.2958339482816106,4.614491411271343,0.5385609651012495,0.5463162429987074,0.6505816458423094,0.6217147781128823,0.8233520034467902,0.8354157690650582,0.7694959069366653,61.6948367699319,2026-09-29 15:44:06
392,1708,1708.TW,東鹼,化學工業,52.0,51.019998931884764,28.270907901434516,9.28440423011471,1.0346340307797686,-0.8694823012739938,3.5083361927901846,-1.0835646606714655,7.216494845360824,0.5859543300301594,0.5135717363205515,0.6286083584661784,0.4993537268418785,0.8203360620422232,0.8548039638087032,0.8492029297716501,61.68759112487835,2026-09-29 15:44:06
393,6275O,6275.TWO,元山,電子零組件業,46.54999923706055,45.92000045776367,33.0075132576792,6.647041923526931,3.236058968901556,1.838881907767509,1.8432405171149524,-1.4326655062367744,3.1007700196404095,0.6609220163722533,0.35674278328306763,0.7255493321844033,0.6729857819905213,0.7246876346402413,0.8186126669538992,0.6940973718224903,61.62705342332869,2026-09-29 15:44:06
394,1558,1558.TW,伸興,電機機械,114.0,112.1,16.012190189351216,11.10298829075393,14.718905256304282,12.806923502032541,5.263157894736836,-0.2731711691764338,5.0691244239631335,0.2856527358897027,0.6092201637225334,0.925463162429987,0.9198621283929341,0.8802240413614821,0.9211546747091771,0.7875915553640672,61.611026907068556,2026-09-29 15:44:06
395,1725,1725.TW,元禎,化學工業,34.0,33.95999984741211,18.39014826900885,11.964966725658638,8.421248153026761,8.293693256853496,3.461392164321042,-2.3787810197628323,3.343460252595559,0.36449806118052563,0.6488582507539854,0.8565273588970271,0.8672985781990521,0.8181818181818182,0.6841878500646273,0.7117621714778113,61.56378758341242,2026-09-29 15:44:06
396,5439O,5439.TWO,高技,電子零組件業,253.0,251.5,36.64069763243172,16.093384308814763,-0.8491182233834049,-1.4369693011103801,-0.7259172061997221,-8.119276199654824,1.402805611222445,0.7147781128823782,0.7750969409737182,0.5208961654459284,0.44549763033175355,0.43688065489013356,0.17190866006031882,0.5803532959931064,61.52728965625299,2026-09-29 15:44:06
397,1409,1409.TW,新纖,紡織纖維,24.350000381469727,24.260000228881836,50.90332531416063,11.05302373147783,-0.6831838723421524,-1.0502692302887917,-1.176947115756033,-6.352393216620045,-0.4089995024511574,0.8414476518741921,0.6074967686342094,0.5303748384317105,0.4829814735028005,0.36837570012925464,0.26497199482981476,0.3774235243429556,61.45953742909885,2026-09-29 15:44:06
398,3323O,3323.TWO,加百裕,電腦及週邊設備業,29.350000381469727,28.190000534057617,29.997382566816437,14.166048949149681,-2.1150043467415447,-5.983712304013089,5.0371307551732025,-1.9105677388552067,9.719627594279352,0.6118052563550194,0.7195174493752693,0.4153382162860836,0.13830245583800085,0.8724687634640241,0.7432141318397243,0.8948728996122362,61.389197101098844,2026-09-29 15:44:06
399,3402O,3402.TWO,漢科,其他電子業,131.0,128.6,25.46544052433721,10.002966482619433,0.94394143710268,-0.9054132151801286,4.946925695974369,-0.05195883300999071,6.504065040650407,0.5260663507109005,0.5562257647565705,0.6251615682895304,0.4950452391210685,0.8703145196036192,0.9323567427832831,0.8323998276604911,61.32678185945657,2026-09-29 15:44:06
400,7734O,7734.TWO,印能科技,半導體業,2680.0,2631.0,64.57999353330634,23.018591369820225,-9.708574316356888,-11.359425009826484,-1.1617186059376783,-11.363191035348342,3.875968992248062,0.9172770357604481,0.8789314950452392,0.06031882809133994,0.03015941404566997,0.3696682464454976,0.08616975441619991,0.7406290392072382,61.14393434999534,2026-09-29 15:44:06
401,00980A,00980A.TW,主動野村臺灣優選,nan,25.399999618530273,25.370000076293945,22.696679604605325,8.489580526865263,6.8881104794064285,6.761866604089639,2.6158963964741933,-1.5625662086729997,4.440789215700114,0.46402412753123656,0.46919431279620855,0.8358466178371392,0.8349849202929772,0.7819905213270142,0.8000861697544162,0.7613097802671263,60.95748735759416,2026-09-29 15:44:06
402,3115O,3115.TWO,富榮綱,電子零組件業,8.600000381469727,8.188000202178955,46.621924289475245,17.424920549949555,-2.8541254602257093,-7.508092431434821,1.1169962485641838,-6.986746512036246,-1.4891084488338955,0.8043946574752262,0.8074105988797932,0.35932787591555365,0.0973718224903059,0.6729857819905213,0.23308918569582077,0.24773804394657475,60.91788785867952,2026-09-29 15:44:06
403,3672O,3672.TWO,康聯訊,通信網路業,12.5,12.210000038146973,33.48093462069343,10.458143483929602,-1.2768201442929228,-3.5671976156660956,3.584006465655021,-1.5633182437869486,2.880661666325751,0.6682464454976303,0.5786299009047824,0.48599741490736753,0.25678586816027577,0.8246445497630331,0.7996553209823352,0.6833261525204654,60.90993683944754,2026-09-29 15:44:06
404,00991A,00991A.TW,主動復華未來50,nan,17.950000762939453,17.90200004577637,27.973268578571286,9.098459053922998,2.2869776168031652,2.013448476225732,1.7948828195033295,-2.634497374988176,3.3986182709929205,0.5790607496768634,0.5028005170185265,0.6872037914691943,0.6837570012925464,0.7203791469194313,0.6514433433864714,0.7152089616544592,60.82595581961444,2026-09-29 15:44:06
405,8109O,8109.TWO,博大,電子零組件業,134.5,132.6,27.479448244300354,8.043759294512013,1.9196766860318348,0.4799191715079587,3.025660666411323,-0.9577013838078186,5.905511811023622,0.5661352865144335,0.44506678155967255,0.6699698405859543,0.5928479103834554,0.8018095648427402,0.8668677294269711,0.8177509694097371,60.5313843014931,2026-09-29 15:44:06
406,6910O,6910.TWO,德鴻,數位雲端,26.5,25.8,22.00313239340124,7.846456898613219,5.5776892430278835,2.7888446215139417,5.231807882741468,1.2591789660125752,7.287446078792492,0.4515295131408876,0.43343386471348555,0.7975010771219302,0.7272727272727273,0.8793623438173201,0.9638087031451961,0.8517880224041362,60.530912323182505,2026-09-29 15:44:06
407,6414,6414.TW,樺漢,電腦及週邊設備業,398.0,378.9,34.05339109805669,10.546816045216277,-2.6259990213668316,-7.298972435165563,4.923218875634361,-0.3326472976903916,7.567567567567568,0.6764325721671693,0.5842309349418354,0.3744075829383886,0.1008186126669539,0.8690219732873762,0.9172770357604481,0.8582507539853511,60.49454924696897,2026-09-29 15:44:06
408,3003,3003.TW,健和興,電子零組件業,59.70000076293945,59.119999694824216,44.1041986360051,26.53633038488779,-4.378001689283595,-5.306994326582826,-1.5907017217841934,-13.118308122130074,4.736843443753426,0.7841447651874193,0.9116760017233951,0.25721671693235676,0.16544592847910383,0.31064196467040067,0.05730288668677294,0.7729426971133132,60.429779300348685,2026-09-29 15:44:06
409,6233O,6233.TWO,旺玖,半導體業,21.799999237060547,21.399999618530273,23.443094468268786,10.636483794871392,0.7781767879083468,-1.0709623718219818,4.757325309502836,-0.5325920541657925,8.728179883245526,0.4791038345540715,0.5898319689788885,0.6156828953037484,0.4791038345540715,0.8647134855665661,0.9073675140025851,0.8806548901335631,60.24385096543163,2026-09-29 15:44:06
410,1310,1310.TW,台苯,塑膠工業,8.899999618530273,8.833999824523925,35.828622784612776,7.039297626792569,0.30052142367054113,-0.4432779062652381,1.6910382650816125,-1.7664381296452425,3.1286153013782085,0.7022834984920293,0.3817320120637656,0.5885394226626454,0.5273588970271434,0.7169323567427833,0.7677725118483413,0.6971133132270573,60.23434916032207,2026-09-29 15:44:06
411,6462O,6462.TWO,神盾,半導體業,103.0,99.71999816894531,28.02781962837613,6.981175120088387,2.7072845264176637,-0.5633958746435574,3.888244810168695,0.3842448472850757,7.0686104651504005,0.5807841447651875,0.3778543731150366,0.7070228349849202,0.5191727703576045,0.8384317104696252,0.9470056010340371,0.8453252908229212,60.21554782652172,2026-09-29 15:44:06
412,2401,2401.TW,凌陽,半導體業,26.049999237060547,25.85999984741211,33.700284971636115,10.604201578518298,-3.0216572696955657,-3.728982661922875,3.5373577009705004,-1.6758859273096727,8.09128143039432,0.6725549332184403,0.5863851788022404,0.3455407152089617,0.24558380008616976,0.8224903059026282,0.7806979750107712,0.8690219732873762,60.19609298429136,2026-09-29 15:44:06
413,2546,2546.TW,根基,建材營造業,106.0,105.7,27.0285452175992,6.4109529347670735,8.910037702692208,8.601801746929883,0.832342449464929,-2.2994264443598644,4.9504950495049505,0.5536406721240844,0.3412322274881517,0.8672985781990521,0.8716070659198621,0.6510124946143904,0.6928048255062473,0.7819905213270142,60.15232347920419,2026-09-29 15:44:06
414,4139O,4139.TWO,馬光-KY,生技醫療業,41.650001525878906,41.29000015258789,27.587768671296065,6.822558223809104,11.214956967855194,10.253671595175163,0.49463401098077675,-2.8204322835689744,1.5853695753144055,0.5682895303748384,0.3692373976734166,0.894011202068074,0.8918569582076691,0.6100818612666954,0.6299009047824213,0.5950021542438604,60.13806039839014,2026-09-29 15:44:06
415,3593,3593.TW,力銘,電子零組件業,10.300000190734863,9.434000015258789,55.75644723105867,22.472635026034656,-15.679745103981169,-22.769196966499038,1.8692545035999153,-8.420867589689173,-0.4830936124831633,0.8681602757432141,0.8741921585523481,0.014218009478672985,0.0034467901766479965,0.7268418785006463,0.15725980180956484,0.3662214562688496,60.13261449480659,2026-09-29 15:44:06
416,3484O,3484.TWO,崧騰,電子零組件業,46.75,46.05,37.043049699857036,16.5413286030505,-4.11895389992919,-5.554605927096034,1.2178619756427533,-6.514047338105355,5.411503063025682,0.7199482981473503,0.7884532529082292,0.27832830676432574,0.15682895303748384,0.6820336062042223,0.2563550193881947,0.8009478672985783,60.10839837687176,2026-09-29 15:44:06
417,2316,2316.TW,楠梓電,電子零組件業,162.0,159.6,36.9760911088054,8.060497292875377,-0.8618491509000958,-2.3305624968126937,2.1759697256385824,-1.782442073267687,2.5316455696202533,0.7186557518311073,0.44679017664799653,0.5200344679017664,0.3653597587246876,0.7483843171046962,0.7643257216716932,0.6647996553209823,60.05720169661161,2026-09-29 15:44:06
418,6190O,6190.TWO,萬泰科,通信網路業,69.30000305175781,69.03999938964844,32.94745302165376,8.963851062930651,-0.35228569648668717,-0.7261496142182855,1.3602500722920574,-2.9877660114841276,3.742514799083102,0.6596294700560104,0.4971994829814735,0.5566566135286515,0.5058164584230935,0.6910814304179234,0.6079276174062904,0.7328737613097802,59.8079712157544,2026-09-29 15:44:06
419,2476,2476.TW,鉅祥,電子零組件業,124.5,123.4,24.973978415743723,9.733009387635,2.188782489740082,1.2859097127223107,2.258726899383978,-2.4867595254056907,5.508474576271186,0.5101249461439035,0.5402843601895735,0.6824644549763034,0.6432572167169324,0.7552778974579922,0.6708315381301163,0.8039638087031452,59.7296435624985,2026-09-29 15:44:06
420,8067O,8067.TWO,志旭,電子通路業,12.300000190734863,11.750000190734863,42.145906710400595,11.825962086410355,-3.17501851763502,-7.504590793204169,2.542727073788842,-3.1820971671465914,0.40816482232541457,0.7660491167600172,0.6406721240844464,0.33520034467901766,0.0978026712623869,0.7772511848341233,0.5790607496768634,0.4911676001723395,59.67437542098779,2026-09-29 15:44:06
421,4741O,4741.TWO,泓瀚,化學工業,40.04999923706055,38.439999389648435,39.2070166282391,20.050505877050558,-7.439864691513309,-11.160758738003318,2.0447156686110635,-7.253368710157126,7.228918000653247,0.7432141318397243,0.8492029297716501,0.1098664368806549,0.03188280913399397,0.7384747953468332,0.21456268849633778,0.8504954760878931,59.56647391798582,2026-09-29 15:44:06
422,2049,2049.TW,上銀,電機機械,335.5,329.9,53.877404329774016,17.876848834659516,-1.8168516034629878,-3.4556761370564626,-2.463841848971593,-10.466707525180151,-6.545961002785515,0.8582507539853511,0.8125807841447652,0.43817320120637654,0.2641102972856527,0.20853080568720378,0.1038345540715209,0.034898750538560966,59.50913114653853,2026-09-29 15:44:06
423,6153,6153.TW,嘉聯益,電子零組件業,17.649999618530273,17.279999923706054,30.189085270876966,7.3687503257283415,3.0356075080189893,0.8756559976534906,1.5097030540921486,-2.0973961653876105,2.023123681531418,0.6169754416199914,0.4041361482119776,0.7177940542869453,0.6169754416199914,0.7022834984920293,0.7199482981473503,0.6286083584661784,59.44189239029368,2026-09-29 15:44:06
424,6649O,6649.TWO,台生材,生技醫療業,36.79999923706055,36.23000030517578,30.206021098426145,7.221441776459684,0.9140745143540352,-0.6489938518918326,2.958659642877959,-0.6293376204334122,2.9370608029665646,0.6174062903920724,0.3942266264541146,0.6221456268849633,0.5122791900043084,0.7970702283498492,0.8965962947005601,0.6863420939250323,59.26954250831161,2026-09-29 15:44:06
425,8921O,8921.TWO,沈氏,其他業,17.350000381469727,17.160000228881835,25.033340021502276,9.201206552906031,0.6964621374607516,-0.40626655133008116,3.845580734859788,-0.7218147103776773,5.792687713639044,0.5127100387763894,0.5101249461439035,0.6096510124946144,0.5316673847479535,0.8358466178371392,0.8888410168031021,0.8117190866006032,59.25693913144683,2026-09-29 15:44:06
426,2901,2901.TW,欣欣,貿易百貨業,23.799999237060547,23.54000015258789,35.34019459267983,6.777361974489353,0.09462395796515644,-0.9988429085875605,1.6442412212844149,-1.6872637790741218,3.4782575524371606,0.6945282205945713,0.36492890995260663,0.5781990521327014,0.4877208099956915,0.7126238690219733,0.7802671262386902,0.7208099956915123,59.236685556690894,2026-09-29 15:44:06
427,8272O,8272.TWO,全景軟體,資訊服務業,65.5,64.68000183105468,32.282609686604,6.684903295919423,0.8390413479997694,-0.42336825907749454,1.8266599749790835,-1.466765737418585,5.4750428493098715,0.6488582507539854,0.35932787591555365,0.6191296854803964,0.5295131408875484,0.7238259370960792,0.8155967255493322,0.8026712623869022,59.13861261301351,2026-09-29 15:44:06
428,6558,6558.TW,興能高,其他電子業,25.399999618530273,24.65,29.577219899789046,9.661870131874775,-1.4708267975890976,-4.380151341909211,5.078083685455392,0.23575924355014877,5.833331743876139,0.6057733735458853,0.5355450236966824,0.4709177078845325,0.2111158983196898,0.8750538560965101,0.941404566996984,0.8138733304610082,59.0871202979874,2026-09-29 15:44:06
429,2397,2397.TW,友通,電腦及週邊設備業,63.0,62.31999969482422,21.427881594791938,9.175338084367288,3.6354662078540656,2.5168606737528743,2.966412630441684,-1.5501410697737805,5.351171912651597,0.4386040499784576,0.5092632485997415,0.7384747953468332,0.7139164153382163,0.7975010771219302,0.8031021111589832,0.7964239551917277,58.997960483175085,2026-09-29 15:44:06
430,2495,2495.TW,普安,電腦及週邊設備業,38.95000076293945,38.87999954223633,27.489693568434493,9.375158663810632,-0.8800744826294227,-1.058213523612983,3.2814073926137333,-1.3432079987573342,4.005340372340929,0.5674278328306764,0.5196036191296854,0.5191727703576045,0.48125807841447654,0.8125807841447652,0.8285221887117622,0.7445066781559673,58.879091967670824,2026-09-29 15:44:06
431,00674R,00674R.TW,期元大S&P黃金反1,nan,29.600000381469727,28.513999938964844,25.415184910297295,7.326750514113031,2.8772028011889494,-0.8972798449565,5.439390617573947,1.7132524926121606,4.890152734561476,0.5239121068504955,0.4011202068074106,0.7109004739336493,0.4954760878931495,0.8832399827660491,0.968548039638087,0.7789745799224472,58.779883164103175,2026-09-29 15:44:06
432,1784O,1784.TWO,訊聯,生技醫療業,61.29999923706055,60.78000030517578,27.304039804203313,9.073105914662497,0.17703842266063585,-0.6727487490767015,2.6113144897952134,-1.841689258992374,4.9657493757026,0.5605342524773804,0.5015079707022835,0.5807841447651875,0.5109866436880655,0.7815596725549332,0.7561395950021542,0.7832830676432572,58.74554803865264,2026-09-29 15:44:06
433,7728O,7728.TWO,光焱科技,其他電子業,607.0,590.6,43.565865659693834,15.717307944252084,-0.7538914357123394,-3.435334896098363,-2.0651823168764016,-9.200778911599494,-1.461038961038961,0.7811288237828522,0.7587246876346403,0.5269280482550625,0.26712623869021973,0.25333907798362776,0.13528651443343387,0.25549332184403273,58.40702029874982,2026-09-29 15:44:06
434,5227O,5227.TWO,立凱-KY,電子零組件業,30.649999618530273,30.54000015258789,51.173963902799535,11.602498992599088,-6.694742492674055,-7.029604764229102,0.4424036220459726,-5.065011897086336,3.898303791628045,0.8436018957345972,0.6329168461869884,0.12753123653597587,0.10943558810857389,0.6014648858250754,0.37182249030590264,0.7414907367514002,58.19332304213153,2026-09-29 15:44:06
435,6743,6743.TW,安普新,其他電子業,31.100000381469727,30.280000305175783,12.95710869563326,11.430810888663965,8.665270085830556,5.800140546669041,6.397538012918247,0.6452537032982208,6.143348775696967,0.2093925032313658,0.6264541146057734,0.8612666953899182,0.8087031451960361,0.8983196897888841,0.951744937526928,0.8233520034467902,58.041693526641126,2026-09-29 15:44:06
436,6823O,6823.TWO,濾能,半導體業,63.0,60.6,28.54983196626084,7.627153066481346,0.36908221662428353,-3.454501867818538,4.746861950076098,0.8990013137025521,5.88235294117647,0.5919862128392934,0.4222317966393796,0.5924170616113744,0.2645411460577337,0.8638517880224041,0.957345971563981,0.8166738474795346,57.994778363912594,2026-09-29 15:44:06
437,3289O,3289.TWO,宜特,其他電子業,139.5,138.2,32.59979262860104,10.526696039491206,-2.253882984935185,-3.1647786990540827,1.676384839650158,-3.4076088663098525,5.681818181818182,0.6561826798793623,0.5820766910814305,0.4019819043515726,0.28694528220594573,0.7143472641102973,0.5519172770357604,0.8087031451960361,57.95498436844141,2026-09-29 15:44:06
438,4561O,4561.TWO,健椿,電機機械,41.900001525878906,41.85,22.74461615423071,12.25202767880971,2.130775012976782,2.0088968649130123,0.6244033723920905,-5.184035721287028,3.7128711468962434,0.46574752261956054,0.6579060749676864,0.6794485135717363,0.6828953037483844,0.6268849633778544,0.3571736320551486,0.7285652735889703,57.81165337269736,2026-09-29 15:44:06
439,6270O,6270.TWO,倍微,電子通路業,30.25,29.650000381469727,24.791668505450406,9.369281135463176,-0.4060576120098802,-2.381473395174183,4.616980943829185,-0.06463185385693349,7.843140188156378,0.5049547608789315,0.5191727703576045,0.5532098233520034,0.36018957345971564,0.8612666953899182,0.9306333476949591,0.8651443343386471,57.65833822038346,2026-09-29 15:44:06
440,6150O,6150.TWO,撼訊,電腦及週邊設備業,62.099998474121094,61.41999969482422,28.89774718713315,5.54743590983135,4.150941170269595,3.0104819979893005,1.9537002530805259,-0.7978865785461475,-0.3210285158727228,0.5984489444205084,0.2852218871176217,0.7557087462300732,0.7337354588539423,0.7337354588539423,0.8841016803102111,0.3929340801378716,57.65350433263122,2026-09-29 15:44:06
441,2451,2451.TW,創見,半導體業,286.0,285.2,25.30345658913039,8.942448896976963,3.1777049574602367,2.889095992544255,0.45662100456620447,-3.8427839485137283,3.4358047016274864,0.5200344679017664,0.4950452391210685,0.7233950883239982,0.7294269711331323,0.6040499784575614,0.5062473071951745,0.7186557518311073,57.56481908941691,2026-09-29 15:44:06
442,6655,6655.TW,科定,其他業,124.5,124.5,17.518032729901627,12.320083614052294,4.673159111609326,4.673159111609326,2.765167148163439,-3.197883686814851,1.6326530612244898,0.33563119345109865,0.6630762602326583,0.7682033606204223,0.7850064627315813,0.7884532529082292,0.5751831107281344,0.6018957345971564,57.529747470338876,2026-09-29 15:44:06
443,2027,2027.TW,大成鋼,鋼鐵工業,47.150001525878906,46.9,26.6955732633331,12.92270346563317,2.7028044570581944,2.158247574865624,-1.41654500119901,-7.3997714717981005,1.397852743825605,0.5476087893149505,0.6828953037483844,0.7065919862128393,0.6936665230504093,0.3369237397673417,0.2068074105988798,0.5799224472210254,57.481797585929485,2026-09-29 15:44:06
444,9105,9105.TW,泰金寶-DR,nan,8.65999984741211,8.430000114440919,29.034758087922057,7.795221851238071,2.3318073977845355,-0.386008859796938,1.3754729849186909,-2.427522556323225,0.8148974805679147,0.5993106419646704,0.4312796208530806,0.6902197328737613,0.5325290822921155,0.6923739767341663,0.6777251184834123,0.5282205945713054,57.47160596636599,2026-09-29 15:44:06
445,8255O,8255.TWO,朋程,電機機械,145.0,141.1,25.687499012030397,14.629474022606745,-2.1262234222072296,-4.758690516368558,3.40524157603852,-3.6430182322984006,8.614232209737828,0.5303748384317105,0.7333046100818613,0.4136148211977596,0.19388194743644982,0.8164584230934941,0.5256355019388195,0.8776389487289962,57.440170136251844,2026-09-29 15:44:06
446,4163O,4163.TWO,鐿鈦,生技醫療業,135.0,133.6,24.74741872535542,10.378611833190375,1.5292053146152007,0.4763098520932596,0.9534492428491248,-4.026889080440055,5.058365758754864,0.5032313657906075,0.5738905644118915,0.6518741921585524,0.5924170616113744,0.6596294700560104,0.4872899612236105,0.7871607065919862,57.37177477381735,2026-09-29 15:44:06
447,6435O,6435.TWO,大中,半導體業,252.5,249.1,40.97042920174931,8.77141349012742,-6.313771566384263,-7.575289097767602,3.2931069748414865,-1.0466948055356196,8.137044967880087,0.7574321413183972,0.4890133563119345,0.14174924601464886,0.0952175786299009,0.8134424816889272,0.8560965101249461,0.8703145196036192,57.353808478566506,2026-09-29 15:44:06
448,3030,3030.TW,德律,其他電子業,276.0,269.4,30.187910660943494,17.426871980060366,-3.327495621716292,-5.639229422066561,1.0156464452374392,-7.0808078823842,4.942965779467681,0.6165445928479104,0.8078414476518742,0.3252908229211547,0.15208961654459285,0.6660922016372254,0.22490305902628177,0.7811288237828522,57.04992705860471,2026-09-29 15:44:06
449,6874O,6874.TWO,倍力,資訊服務業,70.19999694824219,69.46000061035156,30.85658665410696,14.242641374226139,-1.8845104049594275,-2.918771176284063,0.052470368769030884,-6.598920059052671,3.387327497314824,0.6281775096940974,0.7229642395519172,0.4304179233089186,0.30288668677294267,0.5557949159844895,0.25032313657906075,0.7147781128823782,57.04165965830741,2026-09-29 15:44:06
450,2467,2467.TW,志聖,電子零組件業,544.0,529.8,35.79824717037105,28.569736649419468,-1.264444310000612,-3.8417327122028055,-3.2802915814739153,-15.369628686342773,-1.4492753623188406,0.7005601034037053,0.9250323136579061,0.4868591124515295,0.23998276604911675,0.12236105127100388,0.03920723825937096,0.25807841447651875,56.98451397670408,2026-09-29 15:44:06
451,3013,3013.TW,晟銘電,電腦及週邊設備業,84.0,83.8,37.314836791149006,10.824590848030903,-1.0171719354404973,-1.2528453355942215,-1.0120885425475956,-6.094529998347243,-0.8264427077487809,0.7246876346402413,0.5997414907367514,0.5092632485997415,0.4635932787591555,0.3933649289099526,0.2852218871176217,0.33261525204653164,56.86186185485297,2026-09-29 15:44:06
452,3305,3305.TW,昇貿,其他電子業,104.5,103.0,35.817225595977405,18.17805916379029,-5.07335238757225,-6.435935846123842,-0.21484841250895004,-8.528701767779046,4.604603006867295,0.7018526497199483,0.8181818181818182,0.2093925032313658,0.12451529513140888,0.5161568289530375,0.15295131408875484,0.7682033606204223,56.755308861309786,2026-09-29 15:44:06
453,8931O,8931.TWO,大汽電,油電燃氣業,43.150001525878906,43.05,18.782828198263605,9.911645001955105,3.3904433980411097,3.150832697334627,2.4636426853758664,-2.3745036303998046,4.606064305160984,0.37225333907798364,0.5506247307195175,0.7311503662214562,0.7393364928909952,0.7699267557087462,0.6846186988367083,0.7686342093925033,56.67164940911687,2026-09-29 15:44:06
454,4909O,4909.TWO,新復興,通信網路業,35.79999923706055,34.88999938964844,33.87014114081622,19.385522397108172,-5.572042420922951,-7.972305795773593,0.6466104926664329,-8.246807361803288,5.294115403119255,0.6747091770788454,0.8375700129254632,0.17750969409737183,0.08444635932787592,0.6281775096940974,0.16458423093494184,0.7936234381732012,56.667873582632275,2026-09-29 15:44:06
455,6139,6139.TW,亞翔,其他電子業,732.0,730.8,45.900730734628716,11.18451191197303,-5.979063643953497,-6.133196326504398,0.3220722264099196,-4.991070303274259,3.244005641748942,0.8005170185264971,0.6152520465316674,0.15639810426540285,0.13399396811719086,0.5876777251184834,0.3778543731150366,0.7052994398965963,56.59312466601698,2026-09-29 15:44:06
456,3236O,3236.TWO,千如,電子零組件業,44.099998474121094,43.67999954223633,44.913577079545036,8.767017632267184,-4.179043383091341,-5.09162163306327,0.7769616903056109,-3.4550928271445014,2.797195584056807,0.7901766479965532,0.4885825075398535,0.27445066781559674,0.17837139164153382,0.6436880654890134,0.5480396380870315,0.6803102111158983,56.57433889194117,2026-09-29 15:44:06
457,2029,2029.TW,盛餘,鋼鐵工業,22.149999618530273,21.470000076293946,18.96911228122902,8.558541779046957,4.59213611228928,1.3811832498622945,3.6621022469553344,-0.5918421152196207,4.976299611741566,0.3782852218871176,0.47307195174493755,0.7651874192158552,0.6475657044377423,0.8280913399396812,0.9009047824213701,0.7837139164153382,56.56732145618067,2026-09-29 15:44:06
458,2388,2388.TW,威盛,半導體業,71.19999694824219,70.53999938964844,49.69629920754299,19.106839777698163,-3.3943193589525356,-4.289818180612981,-3.043511818361755,-11.498437675420314,-5.319149152031316,0.8315381301163292,0.8336923739767341,0.32313657906074966,0.21671693235674278,0.14002585092632486,0.08401551055579491,0.05040930633347695,56.54806370379427,2026-09-29 15:44:06
459,6026O,6026.TWO,福邦證,金融保險業,15.899999618530273,15.889999961853027,16.307052215585752,8.829451009979056,7.154889245338869,7.087498545373516,3.448273829469395,-0.9255894423377597,5.298008058610927,0.2938388625592417,0.4915984489444205,0.8384317104696252,0.8427401981904351,0.8177509694097371,0.8703145196036192,0.7940542869452822,56.53552256582761,2026-09-29 15:44:06
460,8048O,8048.TWO,德勝,通信網路業,50.400001525878906,49.81999969482422,35.783014771649235,11.230495038622415,-3.9142027122882617,-5.0199554241529,0.719427586531407,-4.635523797721175,6.105266370271382,0.7001292546316243,0.6178371391641534,0.2912537699267557,0.18224903059026282,0.6350710900473934,0.4101680310211116,0.8220594571305472,56.48086125357333,2026-09-29 15:44:06
461,7750,7750.TW,新代,電機機械,1960.0,1957.0,59.01283059034243,36.06316950067638,-9.311740890688258,-9.45054945054945,-6.8441064638783295,-21.07545303812862,-1.7543859649122806,0.8927186557518311,0.959069366652305,0.06635071090047394,0.055579491598448945,0.03188280913399397,0.012063765618267988,0.2193020249892288,56.38576540385497,2026-09-29 15:44:06
462,8383O,8383.TWO,千附,半導體業,67.5999984741211,67.0,36.00027009451925,8.563828194188416,-4.314799983763895,-5.164074766332005,2.4708185270347016,-1.7367302717259725,4.643962957989553,0.7044377423524343,0.47393364928909953,0.26540284360189575,0.17492460146488584,0.7712193020249892,0.7712193020249892,0.7707884532529082,56.03202543994213,2026-09-29 15:44:06
463,2028,2028.TW,威致,鋼鐵工業,16.600000381469727,16.129999923706055,19.08982634911606,6.604390002990349,5.676394894469494,2.6843495430333153,4.963644777174703,1.608339276484383,5.732487790690717,0.3825937096079276,0.3532959931064196,0.8026712623869022,0.7208099956915123,0.8707453683757002,0.966824644549763,0.8104265402843602,55.989485153092375,2026-09-29 15:44:06
464,009818,009818.TW,華南永昌NASDAQxT,nan,20.989999771118164,20.97400016784668,14.88583420957483,10.222104174980132,5.039281450115518,4.959215378202719,4.044808643339293,-1.0143970809684988,6.0101039389448045,0.25506247307195173,0.5652735889702715,0.7781128823782852,0.7893149504523912,0.8453252908229212,0.8608358466178372,0.8211977595863852,55.96653455941887,2026-09-29 15:44:06
465,1213,1213.TW,大飲,食品工業,7.289999961853027,7.277999973297119,49.14291382150048,9.927459942721073,-1.9040572236588504,-2.065531873433457,-1.5862304336960675,-6.240213078216417,-2.6702245043630923,0.8267987936234382,0.5514864282636794,0.42826367944851357,0.3942266264541146,0.3115036622145627,0.27445066781559674,0.14390348987505386,55.91306097280331,2026-09-29 15:44:06
466,1734,1734.TW,杏輝,生技醫療業,32.099998474121094,32.05999908447266,18.661249542890374,8.065748696024427,5.783505738341788,5.6516902908171796,2.367850710429664,-1.6004783564978586,2.8846079781212444,0.36794485135717364,0.44808272296423957,0.8048255062473072,0.8056872037914692,0.7651874192158552,0.7944851357173632,0.6837570012925464,55.86636623950554,2026-09-29 15:44:06
467,6525,6525.TW,捷敏-KY,半導體業,133.5,133.1,39.4154380597049,13.990355110091352,-8.868536321747545,-9.141589396438942,0.6218202374222548,-5.956677172991764,7.228915662650602,0.7453683757001293,0.7134855665661353,0.07712193020249893,0.05902628177509694,0.6260232658336924,0.2942697113313227,0.8500646273158121,55.82828122044462,2026-09-29 15:44:06
468,009807O,009807.TWO,台新標普科技精選,nan,17.65999984741211,17.647999954223632,15.235568829271637,9.73171174340907,5.080475913948623,5.009074186991835,3.88235262636496,-0.9378679429678405,5.811859091167261,0.26626454114605774,0.5394226626454115,0.7802671262386902,0.7897457992244722,0.8380008616975442,0.8685911245152951,0.8134424816889272,55.731893913590724,2026-09-29 15:44:06
469,3485O,3485.TWO,敘豐,電子零組件業,201.0,198.9,41.70714279368977,19.46596333441847,-9.466256287065544,-10.412131221379784,-0.912003943800832,-9.70080776925707,4.145077720207254,0.7638948728996122,0.8380008616975442,0.06419646704006894,0.03963808703145196,0.4097371822490306,0.12408444635932787,0.7531236535975873,55.604553128082934,2026-09-29 15:44:06
470,6446,6446.TW,藥華藥,生技醫療業,1195.0,1167.0,59.70393556986045,26.894077108603952,-7.280064991394686,-9.45258229703565,-4.989067779765454,-16.2508484743239,-6.640625,0.8987505385609651,0.9159844894442051,0.11374407582938388,0.055148642826367944,0.05471779405428694,0.03532959931064197,0.034037052994398964,55.57743252823689,2026-09-29 15:44:06
471,2458,2458.TW,義隆,半導體業,136.0,132.5,33.533052233178786,11.761564356382582,-8.704408144998887,-11.053927053031998,3.5795887281035776,-2.1733816116081828,7.5098814229249005,0.6691081430417923,0.6389487289961223,0.08143041792330892,0.03317535545023697,0.8237828522188712,0.7091770788453253,0.8565273588970271,55.54312852223538,2026-09-29 15:44:06
472,4609O,4609.TWO,唐鋒,居家生活,4.25,4.19399995803833,54.81158293892627,11.648364527614518,-10.017996812542417,-11.20364291943482,-0.05878749083153556,-5.559192264744595,1.1904807858458375,0.8621283929340802,0.6342093925032314,0.05471779405428694,0.031451960361912966,0.5376992675570874,0.32830676432572165,0.5601034037052994,55.489265942506705,2026-09-29 15:44:06
473,4164,4164.TW,承業醫,生技醫療業,26.899999618530273,26.639999771118163,21.473320932466414,7.827684874499452,1.0360248062901478,0.05946899196715982,3.5910264613692178,-0.3106573371833843,5.490194582471661,0.4394657475226196,0.43257216716932356,0.6290392072382593,0.5657044377423525,0.8250753985351141,0.91813873330461,0.8035329599310642,55.488555381753436,2026-09-29 15:44:06
474,1776,1776.TW,展宇,化學工業,18.200000762939453,18.190000152587892,16.309239057016285,11.87073062960984,3.1551149962582015,3.098432904631654,2.8539179573737306,-2.908799481904978,3.409093002642436,0.2942697113313227,0.6432572167169324,0.7221025420077553,0.7367514002585093,0.7910383455407152,0.6161137440758294,0.7156398104265402,55.453810516890414,2026-09-29 15:44:06
475,2321,2321.TW,東訊,通信網路業,25.0,24.979999923706053,71.91542729403751,18.119135733018574,-7.741920579921757,-7.815727325007149,-5.971678968421967,-13.7826025987282,-9.457226912048782,0.95260663507109,0.8177509694097371,0.1008186126669539,0.08961654459284792,0.04179233089185696,0.05170185264971995,0.01680310211115898,55.232670525374616,2026-09-29 15:44:06
476,5471,5471.TW,松翰,半導體業,52.70000076293945,52.1,41.18403178200033,31.548024408854946,-6.857545362316175,-7.917992099234716,-3.717911921340533,-16.83618262391238,2.330098568814472,0.7595863851788023,0.941835415769065,0.12149935372684188,0.08660060318828092,0.09909521757862991,0.029297716501507972,0.6490736751400259,55.19221783489857,2026-09-29 15:44:06
477,6246O,6246.TWO,臺龍,光電業,12.899999618530273,12.889999961853027,32.169848654701006,8.042713295724932,-1.3510096078153788,-1.4274790701913176,0.7418953173778942,-3.152680791874629,1.1764675963158702,0.6471348556656613,0.44463593278759156,0.48168892718655754,0.44592847910383454,0.6389487289961223,0.5829383886255924,0.5583800086169755,55.155354254212796,2026-09-29 15:44:06
478,2038,2038.TW,海光,鋼鐵工業,12.649999618530273,12.29000015258789,22.650179958817844,10.822583392822512,0.24433434513877472,-2.6084646996245686,2.512152024897474,-2.7503122529447865,4.545448096868086,0.46230073244291253,0.5993106419646704,0.5846617837139164,0.33520034467901766,0.7755277897457993,0.6385178802240413,0.7669108143041792,55.15079006835231,2026-09-29 15:44:06
479,3689O,3689.TWO,湧德,電子零組件業,110.0,109.5,27.478295270779636,14.325184751740752,-0.6368276505476111,-1.0884784339542097,-1.145809930352737,-7.753080736495788,1.3824884792626728,0.5657044377423525,0.7251184834123223,0.5342524773804395,0.47738043946574754,0.3731150366221456,0.18828091339939682,0.5781990521327014,55.139192887006786,2026-09-29 15:44:06
480,6498O,6498.TWO,久禾光,光電業,67.5,67.28000030517578,48.41643984866788,23.061744556348486,-10.810632433339883,-11.101323302172927,-3.0172413793103314,-13.044023919403646,3.0534351145038165,0.8186126669538992,0.8797931925894011,0.043084877208099955,0.03274450667815597,0.14390348987505386,0.05902628177509694,0.6919431279620853,55.12989335831602,2026-09-29 15:44:06
481,2233,2233.TW,宇隆,汽車工業,168.0,164.2,36.65965114252401,12.894916301254645,-12.723494523572453,-14.697605956967841,2.3454157782516027,-3.8535841471866616,4.672897196261682,0.7152089616544592,0.6807410598879793,0.02886686772942697,0.012063765618267988,0.7626023265833692,0.5040930633347694,0.7716501507970702,55.05151902588654,2026-09-29 15:44:06
482,6189,6189.TW,豐藝,電子通路業,50.20000076293945,48.95,16.94168929024098,8.58477877943913,3.7851262075924152,1.2008336783175366,5.070379996903607,0.7459706424759904,7.841034555749199,0.3123653597587247,0.4747953468332615,0.7432141318397243,0.6342093925032314,0.8746230073244291,0.9538991813873331,0.8647134855665661,55.04743200491148,2026-09-29 15:44:06
483,6756,6756.TW,威鋒電子,半導體業,98.80000305175781,97.88000030517578,23.61060997106903,10.29992968111826,1.196677543840563,0.2543575194521308,0.4984258349751691,-4.423719030850048,2.9166698455810547,0.4829814735028005,0.5695820766910814,0.6380870314519603,0.5764756570443774,0.6109435588108574,0.42998707453683754,0.6850495476087893,54.94397539654865,2026-09-29 15:44:06
484,3306O,3306.TWO,鼎天,通信網路業,47.599998474121094,45.85,18.8385240015989,6.3087897825546,5.6154399320462955,1.732522607475473,5.549085506946327,2.32146252051888,5.777774386935764,0.3739767341663076,0.33520034467901766,0.7992244722102542,0.6673847479534684,0.8849633778543731,0.973287376130978,0.8108573890564412,54.89642487840204,2026-09-29 15:44:06
485,3587O,3587.TWO,閎康,其他電子業,239.5,238.5,40.19315286879365,14.753190725264934,-4.632333421821078,-5.030528271834345,-1.592193117616847,-8.352647474023467,1.4830508474576272,0.7526928048255063,0.7367514002585093,0.23955191727703576,0.18181818181818182,0.3102111158983197,0.15941404566996983,0.5885394226626454,54.86703255877543,2026-09-29 15:44:06
486,1563,1563.TW,巧新,汽車工業,76.0999984741211,74.17999877929688,42.9891646712322,29.68055715458371,-6.5136099435102786,-8.872267551627278,-3.205292369934365,-15.713625193865122,0.1315769396330181,0.7746660922016372,0.9319258940112021,0.13528651443343387,0.06376561826798793,0.12623869021973289,0.037483843171046964,0.45626884963377856,54.752082500563894,2026-09-29 15:44:06
487,2367,2367.TW,燿華,電子零組件業,42.25,41.880000305175784,27.330967494229615,13.82647741369368,-2.7039473807119685,-3.556006783711674,1.0101001810037369,-5.521428961692331,3.808351862420462,0.5618267987936234,0.7083153813011633,0.36665230504093066,0.25721671693235676,0.6643688065489013,0.33218440327445065,0.7367514002585093,54.72175141089098,2026-09-29 15:44:06
488,6028O,6028.TWO,公勝保經,金融保險業,98.80000305175781,98.13999938964844,17.503972145806333,6.211537848643661,10.909469124960403,10.168571822085482,2.5481382073797354,-0.5408336728000118,3.23929592724252,0.33476949590693666,0.32830676432572165,0.8918569582076691,0.8914261094355881,0.7781128823782852,0.9056441189142611,0.7040068935803533,54.695745924635844,2026-09-29 15:44:06
489,6284O,6284.TWO,佳邦,電子零組件業,77.0,75.44000091552735,39.48728148098512,9.217864621030511,-3.6737418041254744,-5.62528563005068,0.35842293906811484,-4.063237505216266,1.9867549668874174,0.7466609220163722,0.5118483412322274,0.3080568720379147,0.15338216286083584,0.5915553640672124,0.4829814735028005,0.6260232658336924,54.64998996138437,2026-09-29 15:44:06
490,1418,1418.TW,東華,紡織纖維,18.299999237060547,17.949999618530274,23.831246164506698,6.375581381004372,1.2961813104799047,-0.6411753176800428,3.316863424823291,0.12508527749008902,4.571424211774554,0.4881516587677725,0.33864713485566567,0.6445497630331753,0.5135717363205515,0.8147350280051702,0.9375269280482551,0.7677725118483413,54.56541248544452,2026-09-29 15:44:06
491,8086O,8086.TWO,宏捷科,半導體業,110.0,109.8,38.47638697567446,15.546605784799498,-6.283280085197019,-6.453674121405751,-0.945520036019809,-8.089965412978373,3.7735849056603774,0.7350280051701853,0.7531236535975873,0.14347264110297286,0.12408444635932787,0.40456699698405857,0.17406290392072382,0.7341663076260233,54.554287282409575,2026-09-29 15:44:06
492,5212O,5212.TWO,凌網,資訊服務業,48.900001525878906,48.130000305175784,18.652600910857593,7.061568630301713,3.8345191360694253,2.1994945145756395,3.8767960148872405,0.33421141549851985,4.042556438040227,0.36751400258509265,0.38388625592417064,0.7436449806118053,0.6971133132270573,0.8375700129254632,0.9457130547177941,0.7466609220163722,54.47081454691093,2026-09-29 15:44:06
493,9912,9912.TW,偉聯,電腦及週邊設備業,12.949999809265137,12.939999771118163,35.30788896158288,4.491211697498683,1.1455336778738667,1.0674287195671317,0.2904151565330748,-1.9122491142637088,-0.3846168518066406,0.6928048255062473,0.2068074105988798,0.6355019388194744,0.6268849633778544,0.5842309349418354,0.7427832830676433,0.38000861697544164,54.403207543852346,2026-09-29 15:44:06
494,4767O,4767.TWO,誠泰科技,化學工業,28.299999237060547,27.899999618530273,25.695754013410056,9.091758300712055,2.5486142653712296,1.0991652302900112,-0.5272431215284423,-4.852532030065381,1.4336904085998865,0.5308056872037915,0.5023696682464455,0.7009909521757863,0.6307626023265833,0.47264110297285655,0.3903489875053856,0.5838000861697544,54.37255488653926,2026-09-29 15:44:06
495,2031,2031.TW,新光鋼,鋼鐵工業,45.70000076293945,45.49000015258789,18.060428291060386,6.855715868654369,6.765309215298898,6.27470134384851,2.111497801015183,-1.272732665649745,3.9817974280348043,0.3498492029297717,0.3700990952175786,0.8323998276604911,0.8220594571305472,0.7440758293838863,0.8380008616975442,0.7432141318397243,54.30063265321259,2026-09-29 15:44:06
496,3528,3528.TW,安馳,電子通路業,84.69999694824219,84.36000061035156,28.620140770292586,7.137138037977271,-1.6088789011651228,-2.0038331167478995,1.9008619848136066,-1.6102443530616628,3.5452246800644303,0.5937096079276174,0.3886255924170616,0.45842309349418353,0.3976734166307626,0.7294269711331323,0.7897457992244722,0.7242567858681602,54.151819447861094,2026-09-29 15:44:06
497,3558O,3558.TWO,神準,通信網路業,124.5,123.4,29.712847959316797,6.60598571910892,-1.8009727882213777,-2.668594715393713,2.4691358024691468,-0.8071954490408539,4.621848739495799,0.6074967686342094,0.3537268418785006,0.44032744506678156,0.3291684618698837,0.7707884532529082,0.8836708315381301,0.7699267557087462,54.1341850934001,2026-09-29 15:44:06
498,5434,5434.TW,崇越,電子通路業,540.0,539.0,27.48594646231524,5.0667371604815115,1.8675721561969505,1.6789285040558433,0.9817671809256634,-1.5132648237347612,2.4667931688804554,0.5669969840585954,0.24299870745368377,0.6691081430417923,0.6639379577768203,0.6617837139164153,0.8078414476518742,0.6591986212839294,54.108501174785125,2026-09-29 15:44:06
499,8933O,8933.TWO,愛地雅,運動休閒,4.579999923706055,4.488000011444091,25.388848853231096,8.479124913435314,1.346117373680955,-0.6896542555300367,0.5157465126514271,-3.5723633679030753,2.92135101152703,0.5226195605342525,0.4674709177078845,0.6458423093494183,0.5092632485997415,0.6122361051271004,0.5351141749246014,0.6854803963808703,54.08955980346407,2026-09-29 15:44:06
500,00886O,00886.TWO,永豐美國科技,nan,49.47999954223633,49.241999816894534,14.56548084363658,8.474867807516933,6.335804975677428,5.8243277603915455,3.607847171838552,-0.6039929306982161,6.271473545575021,0.24256785868160274,0.4670400689358035,0.8237828522188712,0.8091339939681171,0.8263679448513572,0.8987505385609651,0.8259370960792761,54.08838763754991,2026-09-29 15:44:06
501,3078O,3078.TWO,僑威,電子零組件業,45.650001525878906,45.630001068115234,35.871296041941385,17.136350903764473,-10.330487671956979,-10.369774226919947,0.11514073520157986,-7.785923159800245,3.868033523159725,0.7027143472641103,0.8000861697544162,0.049547608789314954,0.04093063334769496,0.5648427401981905,0.1874192158552348,0.7397673416630762,54.08459106476595,2026-09-29 15:44:06
502,8171O,8171.TWO,天宇,綠能環保,20.600000381469727,20.520000076293947,18.370874416077047,7.595907677139382,2.7730449624139952,2.3739248260749246,2.87141362138017,-0.8926382292954615,3.7783374588754985,0.36363636363636365,0.4192158552348126,0.7087462300732443,0.7061611374407583,0.7931925894011203,0.8750538560965101,0.7345971563981043,53.921701495294705,2026-09-29 15:44:06
503,6613O,6613.TWO,朋億*,其他電子業,270.0,268.7,32.52689318351586,9.734153824252703,-4.915627292736602,-5.373440939104912,2.031176192725548,-2.7042812700664443,3.8461538461538463,0.6544592847910383,0.5407152089616545,0.2193020249892288,0.16415338216286082,0.7376130978026713,0.6432572167169324,0.7389056441189142,53.91947126811287,2026-09-29 15:44:06
504,6679O,6679.TWO,鈺太,半導體業,206.0,201.7,28.28490696026742,9.143920570193782,-3.0702270321138703,-5.0935184095988735,2.6024156393973374,-1.8834347566306864,5.912596401028278,0.5863851788022404,0.5058164584230935,0.3420939250323137,0.17794054286945282,0.7806979750107712,0.7483843171046962,0.8181818181818182,53.81375849969401,2026-09-29 15:44:06
505,3050,3050.TW,鈺德,光電業,11.649999618530273,11.589999961853028,22.252833352095728,7.318340485346324,0.6986928669039605,0.18007594006290706,2.1034147963857386,-1.5008372560240346,4.954947911341627,0.45669969840585956,0.4002585092632486,0.6105127100387764,0.5738905644118915,0.7427832830676433,0.8104265402843602,0.7824213700990952,53.69659377402518,2026-09-29 15:44:06
506,6171O,6171.TWO,大城地產,建材營造業,26.600000381469727,26.370000076293945,19.428716976601216,5.250089805565828,8.519754139531766,7.581424206759246,1.9547731817966207,-0.653126847955332,2.504815412023308,0.39207238259370963,0.25807841447651875,0.8595433003015941,0.8565273588970271,0.7341663076260233,0.8944420508401552,0.6630762602326583,53.679032031611975,2026-09-29 15:44:06
507,4743O,4743.TWO,合一,生技醫療業,45.70000076293945,44.95000076293945,30.060770188919523,9.318313522662297,-2.9122763683966046,-4.505619727435517,1.4090766998313908,-3.1053948474965787,4.1002259100138145,0.6139595002154243,0.5152951314088755,0.35588108573890564,0.2055148642826368,0.6966824644549763,0.5915553640672124,0.7501077121930203,53.38315868320539,2026-09-29 15:44:06
508,00678,00678.TW,群益那斯達克生技,nan,43.43000030517578,43.034000396728516,22.159757269340684,6.954214939687442,2.893154429219691,1.954962408784322,0.7504670042869588,-2.6350180559032155,3.08568526964603,0.45411460577337354,0.37656182679879363,0.7126238690219733,0.6807410598879793,0.6406721240844464,0.6510124946143904,0.6932356742783283,52.99292597870797,2026-09-29 15:44:06
509,6967O,6967.TWO,汎瑋材料,電子零組件業,67.19999694824219,66.33999938964844,28.565672676554005,16.412721469064053,-4.318402302654767,-5.542895519305402,-0.45182222955695295,-8.001547141327968,4.186041780220446,0.5924170616113744,0.7850064627315813,0.2641102972856527,0.15725980180956484,0.4808272296423955,0.17923308918569583,0.7552778974579922,52.92522561730224,2026-09-29 15:44:06
510,4952,4952.TW,凌通,半導體業,49.20000076293945,48.92999954223633,24.473108235492237,12.359658882428278,-2.0196809156189155,-2.5573802112984323,0.6546662023994898,-5.203590237328104,4.1269857416708,0.4989228780697975,0.6639379577768203,0.42050840155105557,0.3416630762602327,0.6303317535545023,0.35545023696682465,0.7522619560534253,52.86481239354879,2026-09-29 15:44:06
511,8096O,8096.TWO,擎亞,電子通路業,88.69999694824219,85.57999877929687,49.10876166425204,40.87602173345051,-24.7241892130464,-27.371995299874264,-6.286320860294237,-22.1892835448704,-2.2050717390225456,0.8263679448513572,0.968978888410168,0.003877638948728996,0.0012925463162429987,0.037483843171046964,0.00990952175786299,0.17147781128823783,52.80209114399088,2026-09-29 15:44:06
512,3060,3060.TW,銘異,電腦及週邊設備業,27.450000762939453,26.820000076293944,32.93695381806606,6.88283328051717,-4.291480902591527,-6.488072198523264,3.6925130819005725,0.24274265550250362,3.195490110074809,0.6587677725118484,0.37139164153382165,0.26669538991813874,0.12279190004308488,0.8293838862559242,0.941835415769065,0.7005601034037053,52.77644871797463,2026-09-29 15:44:06
513,8473,8473.TW,山林水,綠能環保,39.5,39.02000045776367,22.58540113065865,14.148275463220598,-0.6445648188770803,-1.851920854462652,-0.31064399247461294,-6.896886475607622,3.1331613233513758,0.46100818612666955,0.7190866006031883,0.5338216286083585,0.4110297285652736,0.5023696682464455,0.23567427832830676,0.6975441619991383,52.74637695704379,2026-09-29 15:44:06
514,3416,3416.TW,融程電,電腦及週邊設備業,162.0,161.8,33.633045537734795,13.103937808334404,-3.6791588653607654,-3.7980734840454944,-1.4260570827645425,-7.487450554862274,0.9345794392523363,0.6712623869021973,0.6880654890133563,0.30719517449375267,0.24256785868160274,0.33476949590693666,0.2003446790176648,0.5389918138733305,52.502426409375204,2026-09-29 15:44:06
515,5469,5469.TW,瀚宇博,電子零組件業,73.5999984741211,73.07999877929687,26.095316897780503,5.510743217390657,0.7437134145072966,0.03193758139470315,1.2379626689316137,-1.4767198210738797,1.7980572164466524,0.5389918138733305,0.28220594571305474,0.6135286514433433,0.5639810426540285,0.6828953037483844,0.8143041792330892,0.6143903489875053,52.417247290753735,2026-09-29 15:44:06
516,6661O,6661.TWO,威健生技,生技醫療業,16.200000762939453,16.029999923706054,45.61608582485343,11.358949429062418,-5.56688525219351,-6.557854881977532,-1.5347157307108894,-6.826482119379918,0.30960461665775585,0.7966393795777682,0.6230073244291254,0.17837139164153382,0.11977595863851788,0.3162429987074537,0.23869021973287377,0.47824213700990953,52.394789421690156,2026-09-29 15:44:06
517,4755,4755.TW,三福化,化學工業,118.0,115.8,22.22090141217501,8.510731576892706,-0.6664328305857614,-2.518414591371454,2.4750325662179717,-1.7076657961576869,5.357142857142857,0.45583800086169757,0.4704868591124515,0.5316673847479535,0.3455407152089617,0.7725118483412322,0.7759586385178803,0.7975010771219302,52.3318244031147,2026-09-29 15:44:06
518,4722,4722.TW,國精化,化學工業,190.0,188.7,37.69720176497809,15.816843990801496,-9.30426826842755,-9.924818011854097,-1.2345679012345734,-8.472915948140736,3.260869565217391,0.7277035760448083,0.7643257216716932,0.06678155967255493,0.046100818612666954,0.35889702714347266,0.15510555794915984,0.7070228349849202,52.22513137205079,2026-09-29 15:44:06
519,3152O,3152.TWO,璟德,通信網路業,226.0,224.4,31.26625040399541,14.102577885494858,-4.162838363135202,-4.841331542865213,-0.9206488382288436,-7.446839603435118,1.8018018018018018,0.6333476949590694,0.7173632055148643,0.2766049116760017,0.1895734597156398,0.40887548470486856,0.2033606204222318,0.6152520465316674,52.041288040220024,2026-09-29 15:44:06
520,1268O,1268.TWO,漢來美食,觀光餐旅,175.5,174.6,22.684964400596254,9.438736365598524,0.44355415653170027,-0.0715409929889832,0.1998287182415126,-4.315858224687153,2.3323615160349855,0.4631624299870745,0.5221887117621715,0.5958638517880224,0.5566566135286515,0.5751831107281344,0.44506678155967255,0.6497199482981474,52.03537015832589,2026-09-29 15:44:06
521,2732O,2732.TWO,六角,觀光餐旅,64.4000015258789,63.74000015258789,24.040646218058807,6.0859262362464595,0.6984279010503913,-0.33357674379783653,1.6975941979927356,-1.3056388126069574,3.04000244140625,0.4907367514002585,0.3158121499353727,0.6100818612666954,0.5372684187850064,0.7173632055148643,0.8341232227488151,0.6910814304179234,52.03528717312843,2026-09-29 15:44:06
522,3663O,3663.TWO,鑫科,其他電子業,62.400001525878906,61.45999984741211,28.651812301276692,7.895976855746523,-3.790310149237852,-5.239625337266817,2.2783174674034123,-1.6062561534111675,5.942274888502684,0.5941404566996984,0.4355881085738906,0.2985781990521327,0.16846186988367085,0.7591555364067213,0.7927617406290393,0.8190435157259802,51.907323998639654,2026-09-29 15:44:06
523,2596O,2596.TWO,綠意,建材營造業,35.25,35.07000045776367,23.478754755547712,6.644687772936699,6.4338374257611575,5.890346872141516,-0.1345700052906018,-3.3457563598803364,-2.2191380138452876,0.4808272296423955,0.35631193451098664,0.8250753985351141,0.8117190866006032,0.5295131408875484,0.5609651012494614,0.16975441619991383,51.87121506459334,2026-09-29 15:44:06
524,1459,1459.TW,聯發,紡織纖維,16.0,15.860000038146973,18.089103561980373,5.280023770047047,5.67062305933097,4.746005359500227,2.646350614972337,0.0061756909731425225,3.225806451612903,0.35200344679017664,0.26109435588108576,0.8018095648427402,0.7867298578199052,0.7832830676432572,0.934510986643688,0.7024989228780698,51.85644629273225,2026-09-29 15:44:06
525,2258,2258.TW,鴻華先進-創,汽車工業,30.950000762939453,30.860000228881837,28.50731823009049,7.713599089326569,-1.3073953462633514,-1.594386845695217,0.15371183931740529,-3.5655707874508225,1.3093339962956854,0.5902628177509694,0.4261094355881086,0.4847048685911245,0.4347264110297286,0.5695820766910814,0.5359758724687634,0.5700129254631624,51.8331663515563,2026-09-29 15:44:06
526,3057,3057.TW,喬鼎,電腦及週邊設備業,16.25,16.249999809265137,31.452382936635363,13.680254554107238,-1.7137098663973949,-1.7137110200356798,-2.2556393780940986,-8.513436746065395,-2.9850746268656714,0.6367944851357173,0.7040068935803533,0.44851357173632056,0.4230934941835416,0.23179663937957776,0.15381301163291686,0.12623869021973289,51.804365301461615,2026-09-29 15:44:06
527,2337,2337.TW,旺宏,半導體業,118.5,118.5,40.25893756669227,11.851814683918686,-4.9630412214494495,-4.9630412214494495,-1.5780730897010042,-7.084178573458266,-0.42016806722689076,0.7531236535975873,0.6415338216286084,0.21671693235674278,0.18397242567858682,0.3119345109866437,0.22447221025420078,0.3735458853942266,51.71448195945892,2026-09-29 15:44:06
528,3588,3588.TW,通嘉,半導體業,53.70000076293945,52.87999954223633,27.26389760099815,6.90186966625934,-2.112984869645429,-3.6077236174569927,2.4613640894544764,-0.956560465375611,4.069771997903395,0.5588108573890564,0.3731150366221456,0.41619991383024557,0.2520465316673847,0.7694959069366653,0.8672985781990521,0.7473071951744937,51.63981343475369,2026-09-29 15:44:06
529,3308,3308.TW,聯德,電子零組件業,22.200000762939453,21.79000015258789,21.523200429371137,3.5322277529845527,6.2539924556723525,4.291641092520959,1.9517830674601777,0.18244696971847496,3.255817502043968,0.44032744506678156,0.12968548039638086,0.8207669108143042,0.7733735458853942,0.7333046100818613,0.9396811719086601,0.7057302886686773,51.61575550735152,2026-09-29 15:44:06
530,6952,6952.TW,大武山,其他業,38.79999923706055,38.59000015258789,20.69558324536094,6.688258606965941,4.582208365369622,4.016173096279241,0.6028369013540757,-2.652586480339625,0.0,0.42567858681602755,0.35975872468763465,0.7647565704437742,0.7660491167600172,0.6234381732012064,0.6484274019819044,0.43408013787160704,51.553851143331144,2026-09-29 15:44:06
531,8131,8131.TW,福懋科,半導體業,61.599998474121094,61.50000076293945,30.522201533584152,10.650579636151585,-4.798703952891947,-4.9532479779252565,0.6042759547627119,-4.482317467597285,2.155885992551661,0.6225764756570443,0.5915553640672124,0.22834984920292978,0.18569582076691082,0.6238690219732874,0.42524773804394655,0.6380870314519603,51.45275183323377,2026-09-29 15:44:06
532,6134O,6134.TWO,萬旭,電子零組件業,29.25,29.210000228881835,18.93941225574474,5.704876140704933,3.883035303354476,3.7409738457409913,1.580134834610658,-1.2370180616151583,3.723401449124994,0.3778543731150366,0.2912537699267557,0.7453683757001293,0.7613097802671263,0.7091770788453253,0.8414476518741921,0.7302886686772943,51.446833951339656,2026-09-29 15:44:06
533,8938O,8938.TWO,明安,運動休閒,52.70000076293945,52.48000030517578,26.815086248980613,5.851627299023146,-1.0297649225081806,-1.4429242528081976,1.6491470684281584,-1.2403755052457277,2.330098568814472,0.5497630331753555,0.3011632916846187,0.5084015510555795,0.44420508401551057,0.7130547177940543,0.8405859543300301,0.6490736751400259,51.41671291794781,2026-09-29 15:44:06
534,6712O,6712.TWO,長聖,生技醫療業,161.5,160.2,18.111666803236506,5.518495410912984,3.736216679156401,2.90118830960282,2.5234089827011585,-0.22950608146853346,4.870129870129871,0.35286514433433863,0.28306764325721673,0.7414907367514002,0.7307195174493752,0.7763894872899613,0.9250323136579061,0.7781128823782852,51.39485409827843,2026-09-29 15:44:06
535,6841O,6841.TWO,長佳智能,生技醫療業,55.29999923706055,53.87999954223633,23.845145715338848,6.451520554772299,-1.0438424761888276,-3.5848499883664897,3.7134271488205917,0.472427493024985,6.756756856274062,0.4885825075398535,0.3455407152089617,0.5079707022834985,0.25506247307195173,0.8306764325721672,0.949590693666523,0.8380008616975442,51.218318650399276,2026-09-29 15:44:06
536,6509O,6509.TWO,聚和,化學工業,48.150001525878906,47.470000457763675,16.933250905885128,7.086431395328117,1.955113118643692,0.5152463767241766,3.8051126145961067,0.25293488826612087,6.881248260417575,0.3119345109866437,0.3847479534683326,0.6721240844463593,0.5962947005601034,0.8341232227488151,0.942266264541146,0.8410168031021111,51.151287357148114,2026-09-29 15:44:06
537,4735O,4735.TWO,豪展,生技醫療業,36.20000076293945,35.96999969482422,19.826103089992664,9.460508357972596,5.199430030854235,4.53103277222815,-0.6586157467676212,-5.145475839812463,-0.9575881844785549,0.4028436018957346,0.5230504093063335,0.7854373115036622,0.7819905213270142,0.45282205945713055,0.3614821197759586,0.3162429987074537,51.10783941970111,2026-09-29 15:44:06
538,6552,6552.TW,易華電,半導體業,24.799999237060547,24.61999969482422,19.839944474149547,9.082561167470779,-1.636096357792749,-2.3500261228274533,2.9793391670758895,-1.4940905716267938,6.437768451142813,0.4037052994398966,0.5019388194743645,0.45583800086169757,0.36320551486428265,0.7996553209823352,0.8121499353726842,0.8306764325721672,51.08208288903836,2026-09-29 15:44:06
539,3067O,3067.TWO,全域,居家生活,16.899999618530273,16.689999389648438,30.673511373416584,13.943849453705406,-4.072656780377315,-5.264654679007974,-0.6904658238619521,-7.16299213114111,0.0,0.6251615682895304,0.7117621714778113,0.2800517018526497,0.16716932356742784,0.44506678155967255,0.2193020249892288,0.43408013787160704,50.94770651475812,2026-09-29 15:44:06
540,1516,1516.TW,川飛,其他業,13.5,13.219999885559082,53.033930075994064,16.13854853521602,-11.596179621781976,-13.429741090146086,-3.1911081226048466,-10.41959656574466,-3.225805128443525,0.8526497199482982,0.7763894872899613,0.03576044808272297,0.01809564842740198,0.12839293408013788,0.1046962516156829,0.11331322705730289,50.87230668300023,2026-09-29 15:44:06
541,1305,1305.TW,華夏,塑膠工業,12.100000381469727,12.060000228881837,28.088027904937015,7.769246569933265,-0.3089566923194509,-0.6385151070497419,-0.6160132938831553,-4.332341434693432,-0.41151636732804314,0.5829383886255924,0.42912537699267556,0.5592417061611374,0.5140025850926325,0.45756139595002154,0.44248168892718653,0.37656182679879363,50.76956582196552,2026-09-29 15:44:06
542,3556O,3556.TWO,禾瑞亞,半導體業,57.900001525878906,57.35999984741211,29.1645555073684,15.627497636739157,-6.863268322982985,-7.731903730704371,-0.13797617868939183,-7.375427609381246,3.9497320158085985,0.6001723395088324,0.7557087462300732,0.12106850495476087,0.09220163722533391,0.5286514433433864,0.2093925032313658,0.7423524342955623,50.66180954305912,2026-09-29 15:44:06
543,6138O,6138.TWO,茂達,半導體業,278.5,275.9,30.043439446327724,12.261647016432441,-6.825025092004012,-7.694881231180995,0.47803734103002427,-5.326243574043854,5.09433962264151,0.6130978026712623,0.6583369237397674,0.12236105127100388,0.0926324859974149,0.6070659198621284,0.34812580784144764,0.7884532529082292,50.639875518054545,2026-09-29 15:44:06
544,6855O,6855.TWO,數泓科,其他電子業,116.0,114.3,25.428179589217052,9.507746667712702,-0.5785301049925029,-2.0355688879365785,0.28095958504430474,-4.269926835599314,-0.8547008547008548,0.5252046531667385,0.5269280482550625,0.5368375700129254,0.39638087031451963,0.5825075398535114,0.45325290822921155,0.32830676432572165,50.56918250296529,2026-09-29 15:44:06
545,6725O,6725.TWO,矽科宏晟,其他電子業,217.5,217.5,39.00264012975828,12.277004053036336,-13.404114134041134,-13.404114134041134,-0.6735928758990761,-6.418118564284314,2.112676056338028,0.7406290392072382,0.6596294700560104,0.024989228780697974,0.01852649719948298,0.44808272296423957,0.2598018095648427,0.6337785437311504,50.51028894564038,2026-09-29 15:44:06
546,6461O,6461.TWO,益得,生技醫療業,24.299999237060547,24.20999946594238,39.176012464855965,18.317726630807353,-4.979192077899752,-5.3311201121776115,-4.697351882032363,-12.693623565316802,-4.892368052155796,0.7423524342955623,0.8194743644980612,0.2154243860404998,0.16501507970702284,0.06290392072382593,0.06333476949590694,0.05816458423093494,50.509485026539956,2026-09-29 15:44:06
547,4192O,4192.TWO,杏國,生技醫療業,18.450000762939453,18.29000015258789,39.61561030423064,8.485427058780846,-4.234608958915553,-5.065097868591262,-1.1121490992854643,-5.136917917208795,1.095894591449058,0.7488151658767772,0.46833261525204656,0.27057302886686774,0.17923308918569583,0.37656182679879363,0.36363636363636365,0.5519172770357604,50.493297726459716,2026-09-29 15:44:06
548,3064O,3064.TWO,泰偉,文化創意業,17.200000762939453,17.140000534057616,34.79577622998578,21.1566429414132,-7.493722701350947,-7.816420234183907,-2.907137893352907,-12.195391632556074,0.29155186892922336,0.6867729426971133,0.8604049978457562,0.10900473933649289,0.08918569582076691,0.15338216286083584,0.07022834984920293,0.47436449806118053,50.44741209883723,2026-09-29 15:44:06
549,1736,1736.TW,喬山,運動休閒,128.0,125.8,30.241135812365204,5.543535902495724,-1.475304682488765,-3.1686978832584978,1.8500099462900321,-0.8968980716524078,-0.38910505836575876,0.6182679879362344,0.2843601895734597,0.46962516156828954,0.28651443343386473,0.7264110297285653,0.8741921585523481,0.3791469194312796,50.42451337091213,2026-09-29 15:44:06
550,00952,00952.TW,凱基台灣AI50,nan,18.290000915527344,18.27800064086914,20.657624507323916,5.896098463938309,1.9509517489290307,1.8840605864680393,0.8213469285515806,-2.065801459360872,2.752818536343458,0.42524773804394655,0.3050409306333477,0.6716932356742783,0.6777251184834123,0.6497199482981474,0.7233950883239982,0.6768634209392503,50.217174855049485,2026-09-29 15:44:06
551,6624O,6624.TWO,萬年清,綠能環保,39.20000076293945,38.49999923706055,31.24992547866326,11.85758735822651,-3.5551705384923804,-5.277403356661425,-0.6588927660366006,-6.21897617856928,-0.3811886073649738,0.6329168461869884,0.6423955191727704,0.3179663937957777,0.16630762602326582,0.45239121068504956,0.2761740629039207,0.3808703145196036,50.21158372737039,2026-09-29 15:44:06
552,4142,4142.TW,國光生,生技醫療業,18.100000381469727,17.88000030517578,16.675607876102195,5.784007369408284,3.9135038214298534,2.6504663470168666,2.63680320065105,-0.24802751906272125,5.232555689587452,0.30676432572167167,0.2972856527358897,0.7462300732442912,0.7186557518311073,0.7824213700990952,0.9224472210254201,0.7919000430848772,50.167171087002856,2026-09-29 15:44:06
553,8104,8104.TW,錸寶,光電業,31.399999618530273,31.05,22.85692531355518,8.649397025452593,-3.1760725821104785,-4.255319017542458,3.1368028845526474,-1.1386523470554133,5.36912893433869,0.46919431279620855,0.4803963808703145,0.33476949590693666,0.21800947867298578,0.8082722964239551,0.8496337785437311,0.7983627746660922,50.15812570047934,2026-09-29 15:44:06
554,3594O,3594.TWO,磐儀,電腦及週邊設備業,47.20000076293945,46.83000030517578,33.79780738240291,10.663118797580996,-7.142973045670786,-7.870878594915021,0.005298426379485299,-5.056662032549541,2.7203481594023735,0.6734166307626023,0.5919862128392934,0.11676001723395088,0.08746230073244292,0.5489013356311935,0.3731150366221456,0.6747091770788454,50.15253975937508,2026-09-29 15:44:06
555,4533O,4533.TWO,協易機,電機機械,25.5,25.179999923706056,24.218950468334775,9.8560681921915,-2.214552870743458,-3.441664656696386,0.8004742031729295,-3.93370554254614,4.081632653061225,0.4954760878931495,0.5480396380870315,0.4049978457561396,0.26540284360189575,0.6462731581214993,0.4954760878931495,0.7488151658767772,50.12880599290052,2026-09-29 15:44:06
556,2614,2614.TW,東森,其他業,18.850000381469727,18.35999984741211,17.154209327603677,5.604501875544663,3.623621979714886,0.929954654330678,3.9569855303899004,1.1232580824680038,5.01392523831231,0.31925894011202066,0.2882378285221887,0.7380439465747523,0.6199913830245584,0.8405859543300301,0.960361912968548,0.7854373115036622,50.08824179106536,2026-09-29 15:44:06
557,6156O,6156.TWO,松上,電子零組件業,21.649999618530273,21.059999465942383,22.46428498352253,8.035689916756036,-2.802201487211875,-5.451010584865101,4.488416205384627,0.45239472822657945,5.8679648450943835,0.46014648858250756,0.44420508401551057,0.36277466609220166,0.16070659198621284,0.8582507539853511,0.949159844894442,0.8151658767772512,49.95301741179852,2026-09-29 15:44:06
558,3290O,3290.TWO,東浦,電子零組件業,47.79999923706055,46.599999237060544,30.05449496090674,10.386967698845794,-11.102846472319428,-13.334574211563988,2.180418351443736,-2.8643081184497543,4.939626866490367,0.6135286514433433,0.5743214131839725,0.03963808703145196,0.01938819474364498,0.7488151658767772,0.6251615682895304,0.7806979750107712,49.885674924056865,2026-09-29 15:44:06
559,5223O,5223.TWO,安力-KY,電腦及週邊設備業,23.0,22.770000076293947,31.317364725316914,7.9768817636201845,-1.9503355009244827,-2.930831820671942,-0.6908464502738965,-4.499814875965225,0.8771963580347817,0.6342093925032314,0.44118914261094355,0.42438604049978457,0.3011632916846187,0.44463593278759156,0.4226626454114606,0.5342524773804395,49.76558497017746,2026-09-29 15:44:06
560,4728O,4728.TWO,雙美,生技醫療業,399.5,397.5,21.75859659818031,5.253404883598476,2.4884556182657835,1.975371985633645,0.5221110901427961,-2.050724910361401,2.1739130434782608,0.44506678155967255,0.25850926324859974,0.6988367083153812,0.6816027574321413,0.6130978026712623,0.7251184834123223,0.6387333046100818,49.698919330452604,2026-09-29 15:44:06
561,6124O,6124.TWO,業強,電子零組件業,27.450000762939453,27.079999923706055,20.764748053435383,5.117410731648808,1.641573310215727,0.2715381050962806,1.8363974689416418,-0.7042872609461237,3.0018805097952908,0.4274019819043516,0.24773804394657475,0.6566135286514433,0.5777682033606204,0.7242567858681602,0.8897027143472641,0.6889271865575183,49.57981741908048,2026-09-29 15:44:06
562,00656R,00656R.TW,國泰中國A50反1,nan,6.150000095367432,5.9520000457763675,17.10889235102716,5.254932522763397,4.556274551339201,1.190071750494326,4.113764223336114,1.4482457923778114,3.7099540201916823,0.3171046962516157,0.25937096079276173,0.7638948728996122,0.6337785437311504,0.8461869883670832,0.965101249461439,0.7281344248168893,49.576560250080036,2026-09-29 15:44:06
563,2230O,2230.TWO,泰茂,居家生活,21.75,21.570000076293944,37.93142311341777,9.80642102534884,-5.827169532470089,-6.606530557727042,-0.6622515690926201,-5.305330556203158,-0.2293543064696393,0.7302886686772943,0.5445928479103834,0.16501507970702284,0.11762171477811288,0.4515295131408876,0.35028005170185267,0.4071520896165446,49.56285731934887,2026-09-29 15:44:06
564,8016,8016.TW,矽創,半導體業,285.0,282.7,27.232604777117515,9.672554553220932,-3.57233484647701,-4.350523021400177,0.45823052520268526,-4.1760799459297,2.7027027027027026,0.5579491598448945,0.5359758724687634,0.3162429987074537,0.2132701421800948,0.6044808272296424,0.4666092201637225,0.6729857819905213,49.51352261945679,2026-09-29 15:44:06
565,5301O,5301.TWO,寶得利,觀光餐旅,4.989999771118164,4.951999950408935,44.18896705114394,20.852884016631553,-10.294827059481126,-10.977949433185408,-4.69824711390917,-13.696619077055805,-7.076352375030924,0.7850064627315813,0.8582507539853511,0.05040930633347695,0.034037052994398964,0.06247307195174494,0.052132701421800945,0.03059026281775097,49.41821412016993,2026-09-29 15:44:06
566,6241O,6241.TWO,鑫永洋,通信網路業,15.550000190734863,15.529999923706054,38.255591324322495,17.452341514045198,-19.60193832844672,-19.705345574897294,-2.324118995348312,-10.163412980914877,0.0,0.7320120637656182,0.8082722964239551,0.005601034037052995,0.004739336492890996,0.22490305902628177,0.11029728565273589,0.43408013787160704,49.409425469101045,2026-09-29 15:44:06
567,1780O,1780.TWO,立弘,食品工業,25.200000762939453,25.020000457763672,17.948818260696278,4.753760826724525,4.459570344856711,3.7134293142477848,1.797620430970115,-0.565811323858767,3.4907612655175733,0.34812580784144764,0.22188711762171479,0.7613097802671263,0.7582938388625592,0.7212408444635933,0.9034898750538561,0.7212408444635933,49.402846298914646,2026-09-29 15:44:06
568,7820O,7820.TWO,立盈,綠能環保,108.5,106.3,29.977668541817913,21.46426305341633,-4.072851607092609,-6.017918210451101,-2.9733959311424085,-12.377191036501323,-1.3636363636363635,0.6109435588108574,0.8651443343386471,0.2796208530805687,0.13744075829383887,0.14821197759586385,0.06850495476087894,0.27057302886686774,49.384319853580905,2026-09-29 15:44:06
569,6670,6670.TW,復盛應用,運動休閒,273.0,272.5,26.44427956987877,5.782311385672467,2.0560747663551426,1.869158878504673,-0.7994186046511587,-3.586872236623495,-0.7272727272727273,0.5441619991383024,0.2968548039638087,0.6751400258509264,0.6768634209392503,0.42481688927186556,0.5329599310641965,0.34295562257647566,49.38386862156971,2026-09-29 15:44:06
570,4503O,4503.TWO,金雨,電機機械,24.0,23.799999618530272,27.435043280159505,12.587080369962603,-18.71524906035369,-19.392623276837075,2.2690967213718993,-3.7861599647595834,5.263161417079773,0.5635501938819474,0.6721240844463593,0.007755277897457992,0.005601034037052995,0.7565704437742352,0.5131408875484705,0.7927617406290393,49.3289531671482,2026-09-29 15:44:06
571,6796,6796.TW,晉弘,生技醫療業,51.70000076293945,51.140000915527345,34.0587696595015,29.15941286871817,-10.040019871384365,-11.014441039697642,-4.805743794776108,-16.918746637076453,0.0,0.6768634209392503,0.9297716501507971,0.05385609651012495,0.03360620422231796,0.058595433003015944,0.02886686772942697,0.43408013787160704,49.22375646292607,2026-09-29 15:44:06
572,3207O,3207.TWO,耀勝,電子零組件業,38.25,38.10999984741211,33.583910580978504,11.962634268964399,-12.832102170466031,-13.151148418751003,-0.27375910400294634,-5.902055576972998,3.3783783783783785,0.6704006893580353,0.6484274019819044,0.027574321413183972,0.02068074105988798,0.5092632485997415,0.3015941404566997,0.7139164153382163,49.04415834260303,2026-09-29 15:44:06
573,3164,3164.TW,景岳,生技醫療業,16.600000381469727,16.189999961853026,17.186832895417965,5.419203784094143,2.733370278253444,0.19597726892914835,4.12419859877442,1.377277957141887,4.075238745940381,0.3201206376561827,0.27488151658767773,0.7078845325290823,0.5743214131839725,0.8470486859112452,0.9642395519172771,0.7479534683326152,48.89718118474544,2026-09-29 15:44:06
574,3213O,3213.TWO,茂訊,電腦及週邊設備業,125.5,125.0,24.42041016316437,7.671093378887073,-1.902032308494006,-2.2928608650338744,0.6012024048096087,-3.114871917906259,3.71900826446281,0.4984920292977165,0.4239551917277036,0.42869452822059456,0.3705299439896596,0.6230073244291254,0.5902628177509694,0.7298578199052133,48.894510098702085,2026-09-29 15:44:06
575,9110,9110.TW,越南控-DR,nan,2.8499999046325684,2.8360000133514403,49.59324687633174,12.276213642224224,-7.527582626323149,-7.98182958528979,-3.716219515642427,-9.284437636864274,-3.0612296202803058,0.8311072813442482,0.6591986212839294,0.10728134424816889,0.08401551055579491,0.0995260663507109,0.13442481688927185,0.12063765618267988,48.8617465054285,2026-09-29 15:44:06
576,9914,9914.TW,美利達,運動休閒,67.0999984741211,66.87999877929687,37.823785179965306,34.02252127016778,-14.25650848495944,-14.537634303073254,-8.038101781111529,-21.407651092928038,-3.7302705709611437,0.7289961223610513,0.9538991813873331,0.02068074105988798,0.013356311934510987,0.021542438604049977,0.01120206807410599,0.08918569582076691,48.81166493875926,2026-09-29 15:44:06
577,8440O,8440.TWO,綠電,綠能環保,20.950000762939453,20.320000076293944,16.295154805330473,5.1551666961510865,3.970227275388072,0.8436729942991716,4.228859517111694,1.6097826787680347,5.54156352811254,0.2934080137871607,0.25118483412322273,0.7483843171046962,0.6148211977595864,0.8513571736320551,0.967255493321844,0.8048255062473072,48.63824662235983,2026-09-29 15:44:06
578,5455O,5455.TWO,昇益,建材營造業,30.700000762939453,30.50999984741211,14.979289274933762,5.349339091392262,6.08460548824199,5.428052665270888,2.146068020151848,-0.5148314846136648,3.541319250989007,0.25764756570443775,0.26669538991813874,0.8147350280051702,0.7987936234381732,0.7475226195605342,0.9082292115467471,0.7229642395519172,48.58788498064914,2026-09-29 15:44:06
579,00681R,00681R.TW,元大美債20反1,nan,22.860000610351562,22.126000213623048,15.009026696104813,5.443630635327251,5.2478142119926074,1.86846446029445,4.200381003723996,1.4393881976169753,3.3453876267746554,0.25850926324859974,0.2774666092201637,0.7862990090478242,0.6755708746230074,0.8496337785437311,0.964670400689358,0.7121930202498923,48.55843042212443,2026-09-29 15:44:06
580,4571,4571.TW,鈞興-KY,電機機械,152.5,151.9,27.45090196349988,9.613128766921296,-3.3178360101436932,-3.698224852070997,-0.2779140101356936,-4.851297648679265,1.3289036544850499,0.5644118914261095,0.5342524773804395,0.32744506678155966,0.24687634640241277,0.5084015510555795,0.3907798362774666,0.5721671693235675,48.32992549433373,2026-09-29 15:44:06
581,4131O,4131.TWO,浩泰,生技醫療業,31.950000762939453,31.730000305175782,21.038206586311723,7.523338872387327,-1.4066378029579663,-2.0855293302773914,2.2072953583029964,-1.4980233898862827,0.1567434012762016,0.43300301594140456,0.4149073675140026,0.47694959069366655,0.3916415338216286,0.7505385609651013,0.8117190866006032,0.45993106419646707,48.28042741733417,2026-09-29 15:44:06
582,8114,8114.TW,振樺電,電腦及週邊設備業,179.0,177.0,32.53919025754989,16.58146445731376,-9.895549309954276,-10.902302948949206,-1.9312422955759523,-9.439380742803582,0.8450704225352111,0.6557518311072813,0.7893149504523912,0.05773373545885394,0.03532959931064197,0.2684187850064627,0.13140887548470487,0.5320982335200345,48.24432626315011,2026-09-29 15:44:06
583,4968,4968.TW,立積,半導體業,92.80000305175781,92.54000091552734,22.571075857860887,7.721420912942978,-3.11972277839091,-3.3911568108032752,2.0902119497409943,-1.7046855340668188,5.215426601675526,0.46057733735458856,0.4265402843601896,0.33864713485566567,0.2718655751831107,0.7414907367514002,0.7768203360620423,0.7910383455407152,48.08175826131904,2026-09-29 15:44:06
584,6431,6431.TW,光麗-KY,生技醫療業,17.549999237060547,17.36999969482422,30.543425369358516,24.181901850203946,-4.86086404371866,-5.836647614394108,-4.39875016946778,-14.71100116332138,-3.8356206188463187,0.6234381732012064,0.8914261094355881,0.22404136148211978,0.14390348987505386,0.07410598879793193,0.043515725980180955,0.08660060318828092,48.0557787079381,2026-09-29 15:44:06
585,6962,6962.TW,奕力-KY,半導體業,31.850000381469727,31.59000015258789,19.88692059343739,7.473810554387969,-1.2454127050655739,-2.051573301369758,1.5544059790175702,-2.1038793208112305,4.769739411626859,0.4054286945282206,0.4101680310211116,0.4881516587677725,0.3946574752261956,0.7052994398965963,0.7190866006031883,0.7746660922016372,48.020089886453945,2026-09-29 15:44:06
586,6597O,6597.TWO,立誠,電子零組件業,68.5,68.43999938964843,23.603295118944896,13.781119355430773,0.671140977223339,0.5829609786332401,-4.383026445979787,-10.54684918638844,-5.517241379310345,0.4825506247307195,0.7065919862128393,0.6066350710900474,0.6014648858250754,0.07539853511417492,0.1025420077552779,0.04782421370099095,48.007408710966544,2026-09-29 15:44:06
587,2482,2482.TW,連宇,其他電子業,16.350000381469727,16.239999961853027,21.9411896403161,5.7494043445113014,-1.5307378843403052,-2.193224728337284,2.411528151395226,-0.45023121436101876,3.8095262315538196,0.44894442050840155,0.2942697113313227,0.4635932787591555,0.38000861697544164,0.7673416630762603,0.9129685480396381,0.7376130978026713,47.94474970030674,2026-09-29 15:44:06
588,7842O,7842.TWO,天能綠電,綠能環保,98.5999984741211,97.35999908447266,20.82270011091616,5.343902745425954,4.441774925593811,3.1283090111341227,0.13201866527852157,-2.4738330902216554,-1.4000015258789062,0.42869452822059456,0.26583369237397675,0.7604480827229643,0.7380439465747523,0.5657044377423525,0.6712623869021973,0.26540284360189575,47.933738601918286,2026-09-29 15:44:06
589,5410O,5410.TWO,國眾,資訊服務業,33.20000076293945,33.060000610351565,32.46834804777413,16.341674894871304,-8.426421644450278,-8.812575700118463,-3.0090539382481074,-10.335402451808228,2.1538485013521633,0.6514433433864714,0.7819905213270142,0.08746230073244292,0.06462731581214994,0.14433433864713485,0.1059887979319259,0.6376561826798793,47.86524988113666,2026-09-29 15:44:06
590,8436O,8436.TWO,大江,生技醫療業,105.5,105.1,31.886576510941683,20.26074512629607,-8.247572111900281,-8.595448615741418,-2.6752767527675303,-11.627718147028776,-0.9389671361502347,0.6423955191727704,0.8530805687203792,0.09220163722533391,0.07065919862128393,0.17966393795777683,0.08143041792330892,0.31968978888410166,47.849238924601046,2026-09-29 15:44:06
591,00689R,00689R.TW,國泰20年美債反1,nan,23.860000610351562,23.158000183105468,14.786308256467539,5.422657705592684,4.855310455576967,1.7702949125806056,3.967409408700373,1.2229230893353593,3.0669589784916163,0.25032313657906075,0.2753123653597587,0.7746660922016372,0.6682464454976303,0.8423093494183541,0.9625161568289531,0.6923739767341663,47.82999673193918,2026-09-29 15:44:06
592,3527O,3527.TWO,聚積,半導體業,51.599998474121094,51.279999542236325,22.379246692907103,7.626431079209193,-2.919322218956333,-3.521370942119839,2.2440151723626123,-1.5115612777097054,3.1999969482421875,0.45842309349418353,0.4218009478672986,0.35458853942266266,0.2598018095648427,0.7535545023696683,0.8087031451960361,0.7012063765618268,47.825258795821505,2026-09-29 15:44:06
593,1295O,1295.TWO,生合,食品工業,47.150001525878906,45.85999984741211,17.430487299011904,6.27821189615915,0.8017137145203801,-1.9561733623801314,3.9634017172862634,0.7992077899353189,4.545461465889247,0.32744506678155966,0.33218440327445065,0.6174062903920724,0.4032744506678156,0.8414476518741921,0.9547608789314951,0.7673416630762603,47.768193506128206,2026-09-29 15:44:06
594,00730,00730.TW,富邦臺灣優質高息,nan,29.350000381469727,29.070000076293944,16.6397507995864,5.31625782342351,2.669645111188501,1.6901721439045891,2.1171486804052897,-0.526972619744237,4.078012721338672,0.3041792330891857,0.26281775096940974,0.7057302886686773,0.6643688065489013,0.7445066781559673,0.9077983627746661,0.7483843171046962,47.6230783286387,2026-09-29 15:44:06
595,6570O,6570.TWO,維田,電腦及週邊設備業,47.75,47.06999969482422,29.757320243901862,15.727333153158757,-6.829268408266065,-8.156098270377687,-1.465126342402867,-8.648688863510067,0.3151292661499942,0.6079276174062904,0.7591555364067213,0.12193020249892288,0.08099956915122791,0.32744506678155966,0.14950452391210686,0.4786729857819905,47.44639765666399,2026-09-29 15:44:06
596,3709O,3709.TWO,鑫聯大投控,電腦及週邊設備業,64.0,63.55999984741211,28.76645032823471,10.555467857219341,-8.460273055683299,-9.089608896673196,0.37641178350416027,-4.655611364535228,3.225806451612903,0.5954330030159414,0.5850926324859974,0.08703145196036191,0.06031882809133994,0.5945713054717794,0.4093063334769496,0.7024989228780698,47.40280708840885,2026-09-29 15:44:06
597,1522,1522.TW,堤維西,汽車工業,26.549999237060547,26.45999984741211,22.427773942924865,12.540156233543115,-4.724883337967967,-5.047847654151349,0.39704766953965187,-5.526513719862425,4.117644066904106,0.4592847910383455,0.6708315381301163,0.23395088323998275,0.18009478672985782,0.5993106419646704,0.33132270573028866,0.7514002585092633,47.3891067509651,2026-09-29 15:44:06
598,6210O,6210.TWO,慶生,電子零組件業,17.75,17.529999923706054,26.18448982295723,7.030297957727573,-2.1364572723916453,-3.349414278953322,1.0101018872054723,-2.4199811490101863,-0.5602262147486451,0.5407152089616545,0.3808703145196036,0.41275312365359756,0.27358897027143475,0.6647996553209823,0.6790176647996553,0.35674278328306763,47.27573859808023,2026-09-29 15:44:06
599,8091O,8091.TWO,翔名,半導體業,220.0,216.7,22.209116684624213,8.686360196643328,-4.895709499621736,-6.3222738571274135,2.815749503446674,-1.463852830089818,6.280193236714976,0.4554071520896165,0.4825506247307195,0.2214562688496338,0.12710038776389487,0.7897457992244722,0.8160275743214132,0.8267987936234382,47.24661598034536,2026-09-29 15:44:06
600,9802,9802.TW,鈺齊-KY,運動休閒,64.69999694824219,63.939998626708984,31.05183533007389,22.502764374493115,-8.712526106018725,-9.784834146341082,-3.8990005722499332,-13.618152387533456,0.0,0.6307626023265833,0.8746230073244291,0.08099956915122791,0.04868591124515295,0.09090909090909091,0.05299439896596295,0.43408013787160704,47.235617848394014,2026-09-29 15:44:06
601,00654R,00654R.TW,富邦印度反1,nan,7.139999866485596,7.0,11.747867625019579,6.592705869731834,5.4263550136124605,3.35917351473749,3.485758431792574,0.1833612625666392,2.145924181388588,0.17233950883239982,0.35286514433433863,0.7914691943127962,0.7479534683326152,0.8194743644980612,0.9401120206807411,0.6367944851357173,47.229583268565975,2026-09-29 15:44:06
602,6612O,6612.TWO,奈米醫材,生技醫療業,71.80000305175781,71.6,18.02618958931076,4.1399856808103435,5.92182870589002,5.6267773397546295,1.1267648616307246,-0.9240991916686703,-0.41608242539832896,0.3494183541576906,0.18181818181818182,0.8095648427401982,0.8039638087031452,0.6738474795346834,0.8707453683757002,0.37570012925463164,47.158257491346056,2026-09-29 15:44:06
603,8905O,8905.TWO,裕國,其他業,35.150001525878906,34.95,16.92402302274402,3.909040200407542,6.507087543392576,5.901068223310535,1.399111913370743,-0.5447607288888712,1.5896042659342449,0.3115036622145627,0.16113744075829384,0.8255062473071951,0.8121499353726842,0.6945282205945713,0.9052132701421801,0.5958638517880224,47.14306601363539,2026-09-29 15:44:06
604,00638R,00638R.TW,元大滬深300反1,nan,6.960000038146973,6.7600000381469725,14.955693798345116,5.090334711493675,4.248839650321212,1.2531833549492166,3.710326692000443,1.1362401235462283,3.725782393125586,0.25721671693235676,0.24558380008616976,0.7582938388625592,0.6393795777682033,0.8302455838000862,0.960792761740629,0.7315812149935372,46.992836873352175,2026-09-29 15:44:06
605,7786,7786.TW,東方風能,綠能環保,118.5,118.3,26.032592074113385,6.523683954173451,-3.80192125558112,-3.964280882153981,1.1955593509820783,-2.001012752186959,3.0434782608695654,0.5372684187850064,0.3494183541576906,0.2981473502800517,0.23308918569582077,0.6811719086600603,0.7307195174493752,0.6915122791900044,46.78844951857434,2026-09-29 15:44:06
606,00634R,00634R.TW,富邦上証反1,nan,3.2699999809265137,3.180000066757202,14.723493630418021,4.8231412326491006,4.768515579303378,1.8849811864035226,3.6778669335664427,1.2364777823649975,3.8095200611441458,0.24946143903489876,0.22447221025420078,0.7716501507970702,0.6781559672554933,0.8289530374838432,0.9633778543731151,0.7371822490305903,46.78837690652655,2026-09-29 15:44:06
607,5703O,5703.TWO,亞都,觀光餐旅,13.899999618530273,13.859999656677246,24.848656151406544,4.594129270935019,-1.4300935331670206,-1.713747677536459,0.651698972694903,-1.6084192333727376,4.511273828502542,0.5071090047393365,0.21240844463593278,0.47350280051701854,0.4226626454114606,0.6294700560103403,0.7919000430848772,0.7638948728996122,46.78148394856225,2026-09-29 15:44:06
608,2393,2393.TW,億光,光電業,63.599998474121094,63.39999923706055,21.444491574596476,8.31917629709722,-1.796285953084975,-2.105101493291117,0.03932153351311474,-3.9557247568599574,2.415458996549081,0.4390348987505386,0.46057733735458856,0.44161999138302455,0.3903489875053856,0.5545023696682464,0.4924601464885825,0.6553209823352003,46.43063290683609,2026-09-29 15:44:06
609,2355,2355.TW,敬鵬,電子零組件業,41.599998474121094,41.539999389648436,24.562360664472653,10.333155706548832,-2.6597028204452533,-2.80009534273592,-0.7870294542938638,-5.661121079621512,0.24096017860504518,0.5006462731581215,0.5713054717794054,0.3696682464454976,0.31495045239121067,0.4261094355881086,0.3183972425678587,0.4679017664799655,46.42040498124871,2026-09-29 15:44:06
610,2072,2072.TW,世紀風電,綠能環保,131.5,128.6,24.991072081675426,14.925010473179062,-8.287806579100309,-10.310356852260838,-0.1329029808240123,-7.0679612397752,3.543307086614173,0.5109866436880655,0.7393364928909952,0.09004739336492891,0.04265402843601896,0.5299439896596295,0.2257647565704438,0.7238259370960792,46.33009634010901,2026-09-29 15:44:06
611,2385,2385.TW,群光,電子零組件業,104.5,104.5,26.41530996890216,7.609237673821691,-1.096300970108055,-1.096300970108055,-1.531213191990577,-5.140264555361107,-0.4761904761904762,0.5437311503662214,0.4200775527789746,0.4993537268418785,0.4760878931495045,0.3166738474795347,0.36277466609220166,0.36708315381301165,46.31919934636707,2026-09-29 15:44:06
612,00706L,00706L.TW,期元大S&P日圓正2,nan,19.280000686645508,19.253999710083008,19.34031356237103,10.416834414649335,1.4879327500565198,1.3510662943079677,-1.3936799679793666,-6.275255678729474,-4.031853956148641,0.3894872899612236,0.5760448082722964,0.6510124946143904,0.6454114605773373,0.34080137871607064,0.27100387763894873,0.08013787160706592,46.18969057257555,2026-09-29 15:44:06
613,3015,3015.TW,全漢,電子零組件業,53.70000076293945,53.23999938964844,20.851192446030158,7.15644965869869,-3.0189914662651307,-3.8497437283666613,2.22730028732665,-1.3042553531385725,4.069771997903395,0.42955622576475655,0.3907798362774666,0.34640241275312367,0.23955191727703576,0.7514002585092633,0.8345540715208961,0.7473071951744937,46.17895176936629,2026-09-29 15:44:06
614,8077O,8077.TWO,洛碁,觀光餐旅,43.400001525878906,43.0,27.339380856103045,6.778353836060266,-2.3823321120453156,-3.2820375206877306,0.011525844758653037,-3.2669290673910445,-0.2298815497036638,0.5622576475657044,0.3653597587246876,0.3937957776820336,0.2791900043084877,0.5510555794915984,0.5669969840585954,0.4067212408444636,46.058776237001986,2026-09-29 15:44:06
615,3349O,3349.TWO,寶德,電腦及週邊設備業,19.950000762939453,19.750000381469725,32.53809148101618,24.86853646061096,-11.214950302724391,-12.105027652558409,-4.613910507330477,-15.16279601047894,-2.6829231076124236,0.6548901335631193,0.8961654459284791,0.03834554071520896,0.026281775096940973,0.06591986212839293,0.040499784575613956,0.14261094355881085,46.05500559709223,2026-09-29 15:44:06
616,3257,3257.TW,虹冠電,半導體業,49.29999923706055,49.01000061035156,20.64170560830931,9.887107988251472,-4.925674199205199,-5.484932299493095,1.7491338564649794,-3.0439412580210212,5.567448461766237,0.4239551917277036,0.5484704868591125,0.21887117621714777,0.15984489444205083,0.7182249030590263,0.6010340370529944,0.8052563550193882,45.89689286304999,2026-09-29 15:44:06
617,2248,2248.TW,華勝-KY,汽車工業,61.5,61.32000045776367,16.339683012167892,6.513321258197904,1.0709684431544186,0.7751517268430375,1.0018062832706232,-2.1837374287435485,3.709950744087911,0.2964239551917277,0.34769495906936665,0.6307626023265833,0.6118052563550194,0.6635071090047393,0.7087462300732443,0.7277035760448083,45.87028054753841,2026-09-29 15:44:06
618,7757O,7757.TWO,金色三麥,觀光餐旅,90.5,89.83999938964844,19.668902282300817,4.307720350059835,0.32888707041969223,-0.4027938876175474,1.6054796201520949,-0.536818240581638,2.029315798971382,0.4002585092632486,0.1947436449806118,0.5906936665230504,0.5320982335200345,0.7104696251615683,0.9065058164584231,0.6290392072382593,45.82635544520599,2026-09-29 15:44:06
619,4523O,4523.TWO,永彰,電機機械,23.850000381469727,23.800000381469726,29.520268137183713,5.723603633305559,-2.6265636459252617,-2.8307008257924093,0.01048471881226476,-2.7719882866944934,-1.0373443819205197,0.6044808272296424,0.2929771650150797,0.3739767341663076,0.3119345109866437,0.5506247307195175,0.6363636363636364,0.3059026281775097,45.81247098435537,2026-09-29 15:44:06
620,6821O,6821.TWO,聯寶,電子零組件業,40.95000076293945,40.83999938964844,27.31234324854079,7.78919530433584,-4.748980022852523,-5.004846758130787,-0.03661466844266936,-3.783846715275818,3.4090968202955776,0.5609651012494614,0.4308487720809996,0.23222748815165878,0.1831107281344248,0.5407152089616545,0.5135717363205515,0.7160706591986212,45.79444763678126,2026-09-29 15:44:06
621,5328O,5328.TWO,華容,電子零組件業,52.29999923706055,52.25999984741211,33.468462078285846,28.83544774581007,-15.697284977067994,-15.761760258058699,-6.939502505234563,-18.666012270846398,-7.433629668919386,0.6673847479534684,0.926324859974149,0.013787160706591986,0.01034037052994399,0.03102111158983197,0.01981904351572598,0.027574321413183972,45.71957424236977,2026-09-29 15:44:06
622,1468,1468.TW,昶和,紡織纖維,13.149999618530273,13.089999961853028,22.22503196115647,5.973194853525256,-0.4604835057680612,-0.9146536189790888,0.019012555707242917,-2.8815253102868366,0.0,0.45626884963377856,0.31107281344248167,0.5476087893149505,0.4941835415769065,0.5527789745799224,0.6217147781128823,0.43408013787160704,45.48443827864427,2026-09-29 15:44:06
623,3048,3048.TW,益登,電子通路業,51.099998474121094,51.0,25.140718632694593,12.478554936575673,-5.2153244352607935,-5.400810212356011,-1.217865872317847,-7.019196212842871,1.7928240986125066,0.5152951314088755,0.6682464454976303,0.2016372253339078,0.16329168461869883,0.36234381732012066,0.23007324429125378,0.6139595002154243,45.33581438327449,2026-09-29 15:44:06
624,6130O,6130.TWO,上亞科技,生技醫療業,23.799999237060547,23.679999923706056,27.75626198491935,20.133747049014396,-7.0917403591760575,-7.560182700321139,-4.012908830939166,-12.792025342948799,-0.4184116446269469,0.5743214131839725,0.8517880224041362,0.11719086600603189,0.0956484274019819,0.08616975441619991,0.06031882809133994,0.3739767341663076,45.310680241592735,2026-09-29 15:44:06
625,8081,8081.TW,致新,半導體業,255.5,252.5,18.694448693772184,6.0020123413235495,-0.9081800846772792,-2.0716848194951565,1.5500794912559623,-1.4086529184013763,3.4412955465587043,0.36880654890133563,0.3127962085308057,0.5174493752692805,0.3937957776820336,0.7048685911245153,0.8229211546747092,0.7195174493752693,45.18107810945404,2026-09-29 15:44:06
626,2010,2010.TW,春源,鋼鐵工業,22.450000762939453,22.10999984741211,15.425644295942433,6.248547714607955,2.2584966959038333,0.7098115593557441,1.1717034452596087,-1.8934149439405523,1.8140659397693017,0.27014218009478674,0.33089185695820766,0.6863420939250323,0.6096510124946144,0.6785868160275743,0.7466609220163722,0.6165445928479104,45.02991538569937,2026-09-29 15:44:06
627,6125O,6125.TWO,廣運,電機機械,49.25,49.00999984741211,23.071551644362202,10.339865687697884,-3.271738970140492,-3.7431054149471454,-0.8206206460827703,-5.696070471801285,1.5463917525773196,0.47393364928909953,0.5721671693235675,0.3300301594140457,0.24515295131408876,0.4222317966393796,0.3166738474795347,0.5937096079276174,44.96431558710446,2026-09-29 15:44:06
628,1444,1444.TW,力麗,紡織纖維,6.940000057220459,6.890000057220459,27.069031611050974,8.750369836045401,-6.294303499231447,-6.969416580846454,0.07209867202639941,-4.122710057353185,2.6627192639666024,0.5553640672124085,0.4877208099956915,0.14304179233089187,0.11115898319689789,0.5588108573890564,0.47307195174493755,0.6712623869021973,44.822670228183874,2026-09-29 15:44:06
629,5011O,5011.TWO,久陽,鋼鐵工業,18.75,18.25,21.14067745023638,4.835151639035088,-1.3244450920384732,-3.9557932229174475,2.8665480139375976,0.4383741665700436,2.4590206650289175,0.43386471348556654,0.22619560534252478,0.4838431710469625,0.23438173201206378,0.7919000430848772,0.9482981473502801,0.6583369237397674,44.76700272041036,2026-09-29 15:44:06
630,4430O,4430.TWO,耀億,其他業,17.799999237060547,17.420000076293945,16.67093774976744,4.800177139778132,2.083726964032029,-0.09558383579612029,1.932708587318821,-0.4564253694480547,1.7142813546316964,0.3059026281775097,0.22317966393795777,0.6768634209392503,0.5532098233520034,0.7320120637656182,0.9116760017233951,0.6092201637225334,44.5762197514417,2026-09-29 15:44:06
631,2425,2425.TW,承啟,電腦及週邊設備業,37.45000076293945,37.35999984741211,30.18510428721048,6.591769699168985,-8.500456102339493,-8.720350429531953,1.0114653079958291,-2.211530057480171,1.3531799449960928,0.6161137440758294,0.35243429556225764,0.08616975441619991,0.06721240844463593,0.6652305040930633,0.7048685911245153,0.5747522619560534,44.54076951240024,2026-09-29 15:44:06
632,6955,6955.TW,邦睿生技-創,生技醫療業,95.30000305175781,94.8,21.82737241059542,15.244612337665245,-1.6226659950082656,-2.138814637727393,-3.214336796544337,-10.069142124102937,-3.7373706547900882,0.44679017664799653,0.7449375269280483,0.45669969840585956,0.3864713485566566,0.12580784144765186,0.11331322705730289,0.08875484704868591,44.503410613817124,2026-09-29 15:44:06
633,00946,00946.TW,群益科技高息成長,nan,15.380000114440918,15.322000122070312,16.755500243736925,5.381440894791037,1.6467484176157399,1.2634252323848738,0.46378012353101017,-2.1685896390271076,2.4650225177687757,0.3084877208099957,0.27358897027143475,0.6574752261956054,0.6402412753123654,0.6053425247738043,0.7100387763894873,0.6587677725118484,44.31174074055056,2026-09-29 15:44:06
634,6692O,6692.TWO,進能服,綠能環保,23.200000762939453,23.09000015258789,27.610708373733384,7.0241401818011875,-2.03736606513526,-2.5018466328124767,-0.8758780430120683,-4.2390690574145795,-3.131523908594441,0.5700129254631624,0.38043946574752263,0.4200775527789746,0.34726411029728566,0.4144765187419216,0.45713054717794055,0.11762171477811288,44.2924985478887,2026-09-29 15:44:06
635,6104O,6104.TWO,創惟,半導體業,91.0,90.60000152587891,22.779838645016223,12.901812501388306,-3.555720859477318,-3.979650139630264,-1.8762136338554614,-7.822497879857471,0.11000932061879509,0.4679017664799655,0.6811719086600603,0.3175355450236967,0.23136579060749676,0.27445066781559674,0.1865575183110728,0.4510986643688065,44.187631191169004,2026-09-29 15:44:06
636,6222O,6222.TWO,立軒,光電業,18.799999237060547,18.689999771118163,31.700422333912954,13.061865819730519,-6.680458802595002,-7.226474765907764,-3.142714064335783,-9.08059913676511,-1.5706865885732244,0.6406721240844464,0.6867729426971133,0.12968548039638086,0.1016803102111159,0.13097802671262387,0.14002585092632486,0.23610512710038775,44.18016770997212,2026-09-29 15:44:06
637,1513,1513.TW,中興電,電機機械,167.0,166.2,17.900365834191323,3.773687249655274,1.793061411083463,1.3054299791740664,1.1048887543514407,-0.7674738392677516,1.2121212121212122,0.34510986643688063,0.15165876777251186,0.6652305040930633,0.6441189142610944,0.6721240844463593,0.8862559241706162,0.5618267987936234,44.0567272287451,2026-09-29 15:44:06
638,8234O,8234.TWO,新漢,電腦及週邊設備業,62.099998474121094,61.51999969482422,27.274760418205897,17.130899596103795,-5.649390750121763,-6.530602336844272,-3.2258089445406757,-10.860967982471493,-2.2047268124077264,0.5596725549332184,0.7996553209823352,0.17363205514864283,0.12149935372684188,0.12494614390348988,0.0947867298578199,0.17190866006031882,44.045669451183095,2026-09-29 15:44:06
639,00941,00941.TW,中信上游半導體,nan,25.190000534057617,24.95400047302246,18.61406391437793,7.772908174113864,-2.6818177731855464,-3.593572297140657,1.9033579366737108,-1.908907342935584,2.2321475569526266,0.36708315381301165,0.42955622576475655,0.36751400258509265,0.25420077552778975,0.7298578199052133,0.7440758293838863,0.6428263679448514,44.01639123620299,2026-09-29 15:44:06
640,3360O,3360.TWO,尚立,電子通路業,15.100000381469727,15.070000076293946,21.968109432150023,9.633770129620373,-8.507950137771292,-8.689724266756949,1.7863187811043346,-2.891295884085854,4.861116538077368,0.45023696682464454,0.5351141749246014,0.08573890564411892,0.06764325721671693,0.7199482981473503,0.6195605342524774,0.7776820336062042,43.97717035725178,2026-09-29 15:44:06
641,00971,00971.TW,野村美國研發龍頭,nan,17.780000686645508,17.763999938964844,13.01530053815764,5.2732808929124175,2.231894372333776,2.1398928715691046,1.847348149509087,-0.7690161072242852,3.6130585358186957,0.2111158983196898,0.2602326583369237,0.6837570012925464,0.6928048255062473,0.7259801809564843,0.8858250753985352,0.7255493321844033,43.879434540939116,2026-09-29 15:44:06
642,1609,1609.TW,大亞,電器電纜,38.5,38.04999923706055,15.104380083116526,4.093187980194225,2.8357752926564617,1.6337966604703436,2.2712193044862827,0.220120344644692,1.7173092525309537,0.26109435588108576,0.17707884532529083,0.7104696251615683,0.6613528651443343,0.7578629900904782,0.940973718224903,0.6096510124946144,43.76137253782271,2026-09-29 15:44:06
643,3646O,3646.TWO,艾恩特,電子零組件業,24.799999237060547,24.719999694824217,9.143902268081545,8.221751198248501,4.785039190678586,4.447024858970727,1.7957899810798539,-2.223673179888108,0.8130034654043017,0.08229211546747092,0.45713054717794055,0.7729426971133132,0.7772511848341233,0.7208099956915123,0.7035760448082723,0.527143472641103,43.66970242078712,2026-09-29 15:44:06
644,3230O,3230.TWO,錦明,光電業,41.70000076293945,41.12000045776367,23.668940133817,11.452905896387522,-3.8376518792285097,-5.175162436447389,-1.0206479296395954,-6.381658222412378,-0.7142838977632069,0.4838431710469625,0.6277466609220164,0.2959931064196467,0.17449375269280482,0.3912106850495476,0.26238690219732874,0.34381732012063765,43.64415594640546,2026-09-29 15:44:06
645,6506O,6506.TWO,雙邦,紡織纖維,18.5,18.289999771118165,12.99780434758047,4.386154066417915,4.235140233837509,3.0519292442896084,1.9424171679393032,-0.24528067120261898,2.2099425972376325,0.21068504954760878,0.1994829814735028,0.7578629900904782,0.7354588539422663,0.7328737613097802,0.9233089185695821,0.6415338216286084,43.63153700981615,2026-09-29 15:44:06
646,1414,1414.TW,東和,紡織纖維,17.5,17.34000015258789,23.78132696755751,13.899151814360684,-6.262553611455635,-7.119580875396658,-1.2275999370077062,-7.645823533966023,1.1560738251999796,0.4868591124515295,0.7104696251615683,0.14390348987505386,0.10641964670400689,0.3610512710038776,0.1934510986643688,0.5566566135286515,43.546798750056205,2026-09-29 15:44:06
647,1785O,1785.TWO,光洋科,其他電子業,98.0,96.74000091552735,24.221277896655927,12.2865366848235,-8.738165667009945,-9.911531255855488,-0.39638228675750176,-6.161154382464218,2.1897793959413057,0.4959069366652305,0.6609220163722533,0.08013787160706592,0.046531667384747954,0.4915984489444205,0.2804825506247307,0.6406721240844464,43.464119560508315,2026-09-29 15:44:06
648,2850,2850.TW,新產,金融保險業,161.0,159.3,15.870828147060934,3.8838297239834403,2.9466616933979672,1.8596472531571262,1.577287066246047,-0.3576819174323842,1.257861635220126,0.2804825506247307,0.15941404566996983,0.7139164153382163,0.6742783283067644,0.7083153813011633,0.9155536406721241,0.5657044377423525,43.377866820894646,2026-09-29 15:44:06
649,8044O,8044.TWO,網家,數位雲端,24.100000381469727,23.929999923706056,25.36827564471722,5.627770539485191,-5.551924997221047,-6.218158015114083,1.2817835712868098,-1.4901700236657378,4.329004257515841,0.5217578629900905,0.2886686772942697,0.1788022404136148,0.13183972425678586,0.6850495476087893,0.8130116329168462,0.7587246876346403,43.2862874689188,2026-09-29 15:44:06
650,4550O,4550.TWO,長佳,電機機械,24.149999618530273,24.079999923706055,21.7703963705598,3.567932848441379,-1.337965224898774,-1.6239408950472045,0.5307498738001737,-1.2312514381658923,3.8709661012054775,0.44549763033175355,0.13571736320551486,0.4829814735028005,0.4308487720809996,0.6139595002154243,0.8423093494183541,0.7401981904351572,43.0863346356304,2026-09-29 15:44:06
651,00666R,00666R.TW,富邦恒生國企反1,nan,9.380000114440918,9.220000076293946,13.507764445224776,5.155466154615943,2.249193291271756,0.5050701966553772,2.267773491742542,-0.3021704382293544,1.4054066426045186,0.22102542007755277,0.2516156828953037,0.6850495476087893,0.5941404566996984,0.7561395950021542,0.919000430848772,0.5812149935372685,42.85942198631606,2026-09-29 15:44:06
652,6136,6136.TW,富爾特,通信網路業,24.950000762939453,24.84000015258789,18.31054510636806,3.195535786948104,1.2581201362271033,0.8116890870312421,1.0326008593233071,-0.5562789870967699,1.0121457177244575,0.3614821197759586,0.0982335200344679,0.6423955191727704,0.6135286514433433,0.6678155967255494,0.9047824213700991,0.5476087893149505,42.821751893242435,2026-09-29 15:44:06
653,3095O,3095.TWO,及成,通信網路業,34.0,33.74000015258789,34.12779990851582,11.367484181780412,-7.533315714234301,-8.240413473204978,-3.133903660277537,-8.343426885456406,-4.36005420625913,0.6781559672554933,0.6234381732012064,0.1068504954760879,0.07712193020249893,0.13140887548470487,0.16027574321413185,0.07324429125376992,42.80083962348163,2026-09-29 15:44:06
654,1341,1341.TW,富林-KY,塑膠工業,60.0,59.9,17.093333353789898,4.253722763761326,1.4484584815992019,1.2793777174632037,0.8064514836874759,-1.2929114635725658,0.3344494406205683,0.3158121499353727,0.1912968548039638,0.6488582507539854,0.6419646704006894,0.6471348556656613,0.8358466178371392,0.48125807841447654,42.78933061390841,2026-09-29 15:44:06
655,8349O,8349.TWO,恒耀,鋼鐵工業,39.599998474121094,38.71999969482422,14.629300573863313,5.338104767929779,0.8553131394993585,-1.3859130187885982,2.5375416661470585,-0.1280918784815399,3.1249919285380074,0.24601464885825075,0.26540284360189575,0.6204222317966394,0.45325290822921155,0.7768203360620423,0.9284791038345541,0.6962516156828953,42.77323148560049,2026-09-29 15:44:06
656,00651R,00651R.TW,復華香港反1,nan,5.360000133514404,5.271999931335449,13.6713272945953,5.096860497099385,2.0628396133054228,0.3871772444240529,2.3193683324493453,-0.2233695001914282,1.3232546723281389,0.22619560534252478,0.24687634640241277,0.6755708746230074,0.5846617837139164,0.7617406290392073,0.92675570874623,0.5713054717794054,42.76982909250447,2026-09-29 15:44:06
657,1583,1583.TW,程泰,電機機械,46.95000076293945,46.84000091552734,18.93499446591635,7.615336636134843,1.0743986590624033,0.8375899636609896,-1.489717319847339,-5.103077377370169,-1.9833000682185715,0.3774235243429556,0.42093925032313656,0.6316242998707454,0.6143903489875053,0.3248599741490737,0.36708315381301165,0.19819043515725981,42.68259090367094,2026-09-29 15:44:06
658,9958,9958.TW,世紀鋼,鋼鐵工業,92.0999984741211,91.83999938964844,27.61733591333836,6.090528128904546,-9.982431791250745,-10.236552157249513,1.292272598867683,-1.7011858638045996,2.2197558644514834,0.5704437742352434,0.3166738474795347,0.055579491598448945,0.043946574752261956,0.6854803963808703,0.7785437311503662,0.6419646704006894,42.48474381976818,2026-09-29 15:44:06
659,00984A,00984A.TW,主動安聯台灣高息,nan,15.619999885559082,15.58400001525879,14.888485603432255,5.06949603976696,2.042593580549057,1.8074130324748028,0.6183967314403738,-1.8689774202902187,1.6265452300678809,0.25549332184403273,0.24386040499784575,0.6747091770788454,0.6704006893580353,0.6251615682895304,0.7522619560534253,0.6014648858250754,42.397593802706936,2026-09-29 15:44:06
660,4128O,4128.TWO,中天,生技醫療業,15.0,14.8,16.77397446919492,5.167715932983669,-0.8045846363050169,-2.1271901744876143,1.8848704927763027,-0.6813815424487668,3.4482758620689653,0.3102111158983197,0.25290822921154676,0.5230504093063335,0.3873330461008186,0.7277035760448083,0.8918569582076691,0.7199482981473503,42.37083626309979,2026-09-29 15:44:06
661,00683L,00683L.TW,期元大美元指正2,nan,22.15999984741211,21.955999755859374,10.313408491555066,5.942370232473078,2.2934463264078664,1.3517553264293936,2.883141790273447,-0.08550287720172633,4.184294172516497,0.11805256355019388,0.3080568720379147,0.6876346402412753,0.6462731581214993,0.7936234381732012,0.9293408013787161,0.7548470486859112,42.361018076924886,2026-09-29 15:44:06
662,6121O,6121.TWO,新普,電腦及週邊設備業,379.5,376.5,19.020086886333605,11.995750107827856,-2.742183495643258,-3.5110199897488426,-1.0623737209150774,-6.660745577435334,-0.2628120893561104,0.3808703145196036,0.6497199482981474,0.3653597587246876,0.26238690219732874,0.3847479534683326,0.24558380008616976,0.3989659629470056,42.35257951965781,2026-09-29 15:44:06
663,8163,8163.TW,達方,電腦及週邊設備業,30.149999618530273,30.139999389648438,23.512420015367038,9.478958601065246,-5.527849066131885,-5.559183830451997,-0.5442861406247057,-5.04467415385601,1.858105506663638,0.48125807841447654,0.5239121068504955,0.18009478672985782,0.15639810426540285,0.46962516156828954,0.3739767341663076,0.6182679879362344,42.2939971568234,2026-09-29 15:44:06
664,3413,3413.TW,京鼎,半導體業,291.0,286.2,20.211944045269647,5.818671007156783,-4.621435594886925,-6.194690265486735,3.109221365931436,0.1942349169537616,4.114490161001789,0.41232227488151657,0.2994398965962947,0.24127531236535976,0.13227057302886686,0.8061180525635502,0.9405428694528221,0.7505385609651013,42.28896099265233,2026-09-29 15:44:06
665,6666,6666.TW,羅麗芬-KY,生技醫療業,45.650001525878906,45.12000045776367,12.292326312631547,3.868306578886331,3.407270737645507,2.2067020167274354,2.2568212104054686,0.3165454467906059,3.750003467906605,0.19000430848772082,0.15769065058164583,0.7320120637656182,0.6975441619991383,0.7539853511417492,0.94398965962947,0.7333046100818613,42.04242234413785,2026-09-29 15:44:06
666,7839O,7839.TWO,達人網,數位雲端,43.29999923706055,43.20999984741211,24.15362968136328,5.602302878103455,-2.778558969694578,-2.9806345010488733,-0.688075144356548,-3.3941512663668516,2.7283455979843194,0.4941835415769065,0.2873761309780267,0.36363636363636365,0.2990090478242137,0.44549763033175355,0.5527789745799224,0.6751400258509264,42.03048284885278,2026-09-29 15:44:06
667,3227O,3227.TWO,原相,半導體業,185.5,184.5,21.92454077553524,10.270847441974478,-5.4496028543516095,-5.959308499341631,-0.5628517823639823,-5.419938686387516,2.203856749311295,0.44851357173632056,0.5682895303748384,0.1869883670831538,0.14045669969840585,0.4670400689358035,0.3420939250323137,0.6411029728565274,42.018273651675955,2026-09-29 15:44:06
668,5203,5203.TW,訊連,資訊服務業,58.599998474121094,58.439998626708984,20.305749835186827,7.613080402706126,-5.648734414424239,-5.9063485524774695,1.2701959717752453,-2.443337601521134,5.017919848287163,0.4149073675140026,0.42050840155105557,0.17406290392072382,0.14131839724256787,0.6841878500646273,0.6738474795346834,0.7858681602757432,41.92053264878843,2026-09-29 15:44:06
669,5009O,5009.TWO,榮剛,鋼鐵工業,32.599998474121094,32.16999893188476,18.701884350194316,7.585527275616573,-1.6195595473809332,-2.9172143430772124,0.015336323748238456,-3.639393712688521,0.7727975634990881,0.3696682464454976,0.4179233089185696,0.45756139595002154,0.3033175355450237,0.5519172770357604,0.5260663507109005,0.5243429556225765,41.91883145224043,2026-09-29 15:44:06
670,6916,6916.TW,華凌,光電業,18.450000762939453,18.220000076293946,20.72956986829665,6.627814212725841,-1.9703304045517345,-3.192384084022315,0.21727767672046205,-2.9973016376724892,-0.2702661462732263,0.4261094355881086,0.35545023696682465,0.4230934941835416,0.2843601895734597,0.5760448082722964,0.6062042223179664,0.3981042654028436,41.89082394809648,2026-09-29 15:44:06
671,2948O,2948.TWO,寶陞,居家生活,36.79999923706055,36.75000076293945,24.090981085013937,6.82249553981684,-1.1145897504583613,-1.2489408300186189,-1.9516441423950148,-5.185985110861391,-1.9973369247362753,0.4924601464885825,0.36880654890133563,0.4980611805256355,0.46445497630331756,0.26626454114605774,0.35674278328306763,0.1964670400689358,41.85732904777027,2026-09-29 15:44:06
672,1447,1447.TW,力鵬,紡織纖維,6.5,6.439999961853028,26.395267697442073,11.24133606040613,-9.279117785080759,-10.116541845638006,-1.2908123095878299,-6.543681713710148,0.15408673704949907,0.5428694528220595,0.6186988367083154,0.06807410598879793,0.04523912106850495,0.35243429556225764,0.25376992675570875,0.4588539422662645,41.65265124480129,2026-09-29 15:44:06
673,6504,6504.TW,南六,其他業,37.20000076293945,37.05999984741211,20.248872788263533,4.369714840820406,-1.0967083435124092,-1.4689274590122925,0.006722317473562001,-2.131563480071541,1.3623977918412256,0.41275312365359756,0.1986212839293408,0.4989228780697975,0.4429125376992676,0.5497630331753555,0.7160706591986212,0.5764756570443774,41.54238466367162,2026-09-29 15:44:06
674,6593O,6593.TWO,台灣銘板,資訊服務業,32.25,32.17999954223633,17.851514145099014,4.253298212786518,-1.0078275199008502,-1.2226956559823088,1.136810001896471,-0.9692270461802766,1.574803149606299,0.34295562257647566,0.1908660060318828,0.5105557949159845,0.4666092201637225,0.6751400258509264,0.8651443343386471,0.5945713054717794,41.384598683844395,2026-09-29 15:44:06
675,8476,8476.TW,台境*,綠能環保,19.850000381469727,19.570000076293944,23.325130780157703,5.468808836200074,-4.360393335447266,-5.709467317227402,1.5734960161911449,-1.1300093756170693,-0.2512524523567785,0.47781128823782854,0.2800517018526497,0.2598018095648427,0.14778112882378286,0.7074536837570012,0.8504954760878931,0.4015510555794916,41.30576793282888,2026-09-29 15:44:06
676,4933O,4933.TWO,友輝,光電業,53.400001525878906,53.119999694824216,15.492503067683572,10.363542631372596,-3.8732681181662842,-4.377306698149708,0.9929106872414328,-3.982496753998055,4.500984580112303,0.27100387763894873,0.5734597156398105,0.2929771650150797,0.2115467470917708,0.6622145626884963,0.4903059026281775,0.7634640241275312,41.14652971204603,2026-09-29 15:44:06
677,1434,1434.TW,福懋,紡織纖維,18.0,17.960000228881835,16.764022652041554,5.163202288356787,-0.060149478310633775,-0.2822367642245971,0.278551532033422,-2.2450903343846473,1.123599839954155,0.3097802671262387,0.2520465316673847,0.5708746230073244,0.5428694528220595,0.5812149935372685,0.6996984058595433,0.5540715208961654,41.06362749977996,2026-09-29 15:44:06
678,5236,5236.TW,凌陽創新,半導體業,135.5,135.5,19.557104954245403,7.242931703771166,-4.639024104158118,-4.639024104158118,0.7247723471473622,-2.7954569846354915,3.435114503816794,0.3955191727703576,0.39638087031451963,0.23912106850495476,0.1977595863851788,0.6355019388194744,0.6324859974149074,0.7182249030590263,40.99022190604861,2026-09-29 15:44:06
679,3390O,3390.TWO,旭軟,電子零組件業,22.299999237060547,21.969999694824217,18.496576922073878,5.396702401559833,-2.902761344870519,-4.339624367509254,1.8032385839643394,-0.8715939509735704,3.2407353853166474,0.3657906074967686,0.27401981904351574,0.35674278328306763,0.2137009909521758,0.7221025420077553,0.8776389487289962,0.7044377423524343,40.909046823204754,2026-09-29 15:44:06
680,4564,4564.TW,元翎,電機機械,16.200000762939453,16.059999847412108,19.330538061618658,8.451919831174669,-5.695153996802016,-6.510139438612416,1.139383748248246,-2.961427431168695,3.1847194888451384,0.3886255924170616,0.46445497630331756,0.17061611374407584,0.12236105127100388,0.6755708746230074,0.6113744075829384,0.7001292546316243,40.90820659808044,2026-09-29 15:44:06
681,1338,1338.TW,廣華-KY,汽車工業,14.75,14.730000114440918,18.311256683076966,5.133526790696418,-2.939240777385188,-3.0708478334346756,1.8470565914816106,-0.701695929599,2.430558269038684,0.3619129685480396,0.24859974149073674,0.35200344679017664,0.2916846186988367,0.7255493321844033,0.8905644118914261,0.6568289530374839,40.70829785067819,2026-09-29 15:44:06
682,5514O,5514.TWO,三豐,建材營造業,15.100000381469727,14.889999961853027,12.513990080412452,3.746342515949488,5.933939885139328,4.4606835099388675,0.7506280665202647,-1.1019026673979138,-0.330027975706295,0.1968978888410168,0.14950452391210686,0.8108573890564412,0.7785437311503662,0.6411029728565274,0.8530805687203792,0.3916415338216286,40.53571197954082,2026-09-29 15:44:06
683,00929,00929.TW,復華台灣科技優息,nan,29.15999984741211,29.133999633789063,15.751012558923879,4.078010702988031,0.7903764040902317,0.7005077027402162,0.46511641355422295,-1.542438533694268,1.8867889320200841,0.27789745799224475,0.17492460146488584,0.6169754416199914,0.6087893149504524,0.6057733735458853,0.8039638087031452,0.6208530805687204,40.533352087987964,2026-09-29 15:44:06
684,6219O,6219.TWO,富旺,建材營造業,12.149999618530273,12.129999923706055,19.417563568140007,5.5119474820373995,-2.363895565559926,-2.5246109856276067,0.0205769119197452,-2.6620319281807525,2.100840403479581,0.3912106850495476,0.28263679448513573,0.3950883239982766,0.34467901766479964,0.5532098233520034,0.6467040068935803,0.6316242998707454,40.4247763302566,2026-09-29 15:44:06
685,2432,2432.TW,倚天酷碁-創,電腦及週邊設備業,27.649999618530273,27.379999923706055,17.91466087181392,3.959394877556657,-0.8457114197006899,-1.8139438980567357,0.9216154029810575,-1.0375418464371178,1.6544075109143113,0.3455407152089617,0.16501507970702284,0.5217578629900905,0.4149073675140026,0.6557518311072813,0.8573890564411891,0.6031882809133994,40.36341396330715,2026-09-29 15:44:06
686,8499,8499.TW,鼎炫-KY,其他電子業,257.0,254.4,20.339980727806182,4.488025029897756,-2.9120100739807864,-3.894223201637015,0.912928241876898,-1.3018701441097735,2.1868787276341948,0.41619991383024557,0.2055148642826368,0.35631193451098664,0.23739767341663076,0.6548901335631193,0.8349849202929772,0.6402412753123654,40.115827626674694,2026-09-29 15:44:06
687,6180O,6180.TWO,橘子,文化創意業,41.099998474121094,40.75999984741211,22.83414880264681,5.245413257954032,-2.9821417778634784,-3.784719388238411,0.06086055781153732,-2.496373517439565,-0.12151409454108034,0.46833261525204656,0.25764756570443775,0.34812580784144764,0.24386040499784575,0.5566566135286515,0.6682464454976303,0.4192158552348126,40.10021084982703,2026-09-29 15:44:06
688,2415,2415.TW,錩新,電子零組件業,27.25,27.05,21.426694491360152,10.71095034580695,-5.266543205371543,-5.961834631387164,-1.4555654799608408,-6.464818882631795,0.739374375528399,0.43817320120637654,0.5958638517880224,0.1964670400689358,0.14002585092632486,0.33046100818612667,0.25764756570443775,0.5230504093063335,40.09745159201136,2026-09-29 15:44:06
689,3028,3028.TW,增你強,電子通路業,62.70000076293945,62.4,19.519319715330667,8.967722217027344,-5.244551437765709,-5.697927937214542,0.07182352591181829,-4.22269768344381,1.6207455229087409,0.3950883239982766,0.4976303317535545,0.1990521327014218,0.14950452391210686,0.5583800086169755,0.46014648858250756,0.6001723395088324,40.05047678367216,2026-09-29 15:44:06
690,3025,3025.TW,星通,通信網路業,52.400001525878906,52.140000915527345,17.44014585592829,6.783741170879133,-4.4376875192554515,-4.911852764447843,1.7772195533727775,-1.5616808390486403,3.3530586535653764,0.32830676432572165,0.3657906074967686,0.25247738043946577,0.1869883670831538,0.7195174493752693,0.8005170185264971,0.7126238690219733,39.72831787396902,2026-09-29 15:44:06
691,4402O,4402.TWO,郡都開發,紡織纖維,14.149999618530273,13.979999923706055,25.8867601227824,9.96148653696951,-8.082068632115302,-9.186381049265524,-1.4109070746062158,-6.0884026385149,-1.0489550363906774,0.5351141749246014,0.5532098233520034,0.0952175786299009,0.05773373545885394,0.3377854373115037,0.2856527358897027,0.3054717794054287,39.5947324523521,2026-09-29 15:44:06
692,9934,9934.TW,成霖,居家生活,9.850000381469727,9.84600009918213,20.36977546225843,21.87605818146256,-7.9252777850370215,-7.962671172463165,-4.355000904224182,-13.785200729001568,-0.8056386832572059,0.41706161137440756,0.8681602757432141,0.0995260663507109,0.08487720809995691,0.07669108143041792,0.05127100387763895,0.33563119345109865,39.531663702279815,2026-09-29 15:44:06
693,5278O,5278.TWO,尚凡*,數位雲端,23.899999618530273,23.89000015258789,17.47054544548364,5.948835067932682,-1.2974513117047337,-1.3387472443318504,-0.18793258559318682,-3.0710055907977596,0.0,0.33132270573028866,0.3089185695820767,0.4851357173632055,0.45669969840585956,0.5213270142180095,0.5958638517880224,0.43408013787160704,39.499613263046946,2026-09-29 15:44:06
694,3073O,3073.TWO,天方能源,綠能環保,20.600000381469727,20.45999946594238,23.957796829354763,15.936218276437158,-5.996880060114074,-6.635740381002664,-4.130306117983984,-11.205545186231259,-7.829977494993316,0.48987505385609653,0.7673416630762603,0.15553640672124083,0.11719086600603189,0.08272296423955192,0.08703145196036191,0.026281775096940973,39.42267301856114,2026-09-29 15:44:06
695,2228,2228.TW,劍麟,汽車工業,75.0,74.81999969482422,22.63781926101308,4.1953785888427495,-3.081992443128323,-3.3145960556251963,0.10677995428125531,-1.9500043085195373,0.40161052746183823,0.46186988367083154,0.18612666953899182,0.3412322274881517,0.2766049116760017,0.5622576475657044,0.7371822490305903,0.48944420508401554,39.25647441434104,2026-09-29 15:44:06
696,3217O,3217.TWO,優群,電子零組件業,130.0,130.0,20.336863604753987,10.923059215018394,-8.654409181402967,-8.654409181402967,-0.7822934554474359,-5.9204745903022165,2.3622047244094486,0.4157690650581646,0.6036191296854804,0.08272296423955192,0.06850495476087894,0.42869452822059456,0.2994398965962947,0.6514433433864714,39.182078184814976,2026-09-29 15:44:06
697,2727,2727.TW,王品,觀光餐旅,235.0,230.4,11.245378459935306,4.718606571523369,1.6106366879256262,-0.37833747702951115,2.1073213121876933,-0.24617398271118418,2.6200873362445414,0.14993537268418786,0.2197328737613098,0.6553209823352003,0.5333907798362775,0.7436449806118053,0.9228780697975011,0.6691081430417923,39.060395952459224,2026-09-29 15:44:06
698,00669R,00669R.TW,國泰美國道瓊反1,nan,5.380000114440918,5.344000053405762,8.467324591616837,5.335617786215617,2.4957162515898856,1.8098701619225332,2.1939427560093705,-0.4615527907017136,1.893937512479722,0.06979750107712193,0.26497199482981476,0.6992675570874624,0.6712623869021973,0.7501077121930203,0.9112451529513141,0.6212839293408013,38.87091481377578,2026-09-29 15:44:06
699,6527O,6527.TWO,明達醫,生技醫療業,75.0,74.81999969482422,14.538681093502904,4.185823551111499,2.4123810523517086,2.166590921109024,0.06003663269762427,-1.9912010613697295,-1.05541295455035,0.24213700990952175,0.1848341232227488,0.6962516156828953,0.6953899181387333,0.5562257647565705,0.7315812149935372,0.3046100818612667,38.80874334115105,2026-09-29 15:44:06
700,5450O,5450.TWO,南良,其他業,14.75,14.75,17.22753596254294,3.7908301107556412,-1.6502752959989486,-1.6502752959989486,0.7857875614054155,-1.088986676553949,2.430558269038684,0.3214131839724257,0.15252046531667385,0.4549763033175355,0.42869452822059456,0.6449806118052563,0.8539422662645412,0.6568289530374839,38.67925272037147,2026-09-29 15:44:06
701,6512O,6512.TWO,啟發電,其他電子業,20.25,20.210000228881835,18.27642892151782,4.06790046341737,-0.016458886681425255,-0.21395610940321275,-0.6500687614028666,-2.6305156146718023,-0.4914023567330483,0.35889702714347266,0.17449375269280482,0.5734597156398105,0.5458853942266264,0.45411460577337354,0.6523050409306334,0.36492890995260663,38.669712015950566,2026-09-29 15:44:06
702,6997O,6997.TWO,博弘,數位雲端,68.0,67.56000061035157,20.48818876951376,4.095305196012093,-2.6229743307920383,-3.2530600934424947,0.43571387139260676,-1.5795941264453273,0.0,0.4200775527789746,0.17837139164153382,0.3748384317104696,0.2809133993968117,0.6010340370529944,0.7975010771219302,0.43408013787160704,38.498350176475796,2026-09-29 15:44:06
703,5438O,5438.TWO,東友,電腦及週邊設備業,17.0,16.75999984741211,13.958734476800508,5.354755416642554,-1.463555697721386,-2.854659325251685,2.0714498981171836,-0.5901278584708125,2.4096362008327756,0.23093494183541577,0.2675570874623007,0.4717794054286945,0.3093494183541577,0.7401981904351572,0.9013356311934511,0.6540284360189573,38.40522781848461,2026-09-29 15:44:06
704,1783,1783.TW,和康生,生技醫療業,36.650001525878906,36.57000045776367,18.697221022076217,14.953523988325493,-6.9107804846370025,-7.113979302677542,-2.1165744793802843,-8.92596343204316,0.6868131580221508,0.3692373976734166,0.7406290392072382,0.11934510986643689,0.1068504954760879,0.24903059026281776,0.14218009478672985,0.5165876777251185,38.329695729068256,2026-09-29 15:44:06
705,8423O,8423.TWO,保綠-KY,綠能環保,18.049999237060547,18.00999984741211,15.615025744825894,4.097055797122218,1.1251656162609702,0.9010689362765056,0.2360086418383922,-1.7761346430439584,-1.634883586771628,0.27358897027143475,0.1788022404136148,0.6346402412753124,0.6191296854803964,0.5781990521327014,0.7651874192158552,0.22921154674709177,38.30688517291547,2026-09-29 15:44:06
706,1795,1795.TW,美時,生技醫療業,177.5,177.0,19.282380382970075,7.933847703128165,-4.2903495946430725,-4.559954243672248,-0.990099009900991,-4.7678845134846215,2.3054755043227666,0.38819474364498063,0.4390348987505386,0.26712623869021973,0.2012063765618268,0.39638087031451963,0.3981042654028436,0.6462731581214993,38.21437223746815,2026-09-29 15:44:06
707,6662O,6662.TWO,樂斯科,生技醫療業,28.5,28.440000152587892,19.780903239086182,6.186293023461154,-2.838149169063431,-3.0426999137698862,-0.6709074276313509,-3.651119464991426,0.0,0.4011202068074106,0.3257216716932357,0.36018957345971564,0.2951314088754847,0.44894442050840155,0.5234812580784145,0.43408013787160704,38.2033222397684,2026-09-29 15:44:06
708,2405,2405.TW,輔信,電腦及週邊設備業,15.149999618530273,15.089999961853028,17.431765266710848,6.15329045875341,-4.164472821940035,-4.544017302002812,0.9327093689835753,-2.079943381570315,3.4129693721463816,0.32787591555364065,0.3209823352003447,0.2761740629039207,0.2029297716501508,0.6587677725118484,0.7212408444635933,0.7169323567427833,38.119504597042805,2026-09-29 15:44:06
709,9962O,9962.TWO,有益,鋼鐵工業,10.149999618530273,10.044000053405762,10.989580226018255,6.153924359566296,1.1896808167242368,0.1329258842335035,0.3311384605110712,-2.6638578215788966,1.703407656227723,0.14218009478672985,0.3214131839724257,0.6376561826798793,0.5708746230073244,0.5898319689788885,0.6458423093494183,0.6062042223179664,37.916522804047,2026-09-29 15:44:06
710,4306,4306.TW,炎洲,塑膠工業,14.649999618530273,14.6,16.373946315823336,7.563442697484186,-1.363409465587917,-1.7000505596674986,-1.1471009623146622,-4.7492200427994735,-0.3401373563511823,0.2977165015079707,0.41619991383024557,0.4803963808703145,0.4239551917277036,0.37268418785006463,0.4011202068074106,0.3894872899612236,37.73745630764521,2026-09-29 15:44:06
711,3332O,3332.TWO,幸康,電子零組件業,61.5,60.52000045776367,19.801165059756972,4.18787449890657,-2.2827179974022838,-3.8398381865262565,0.8692798475362418,-1.1995397914028372,-1.6,0.4019819043515726,0.1852649719948298,0.3998276604911676,0.24041361482119775,0.6527358897027143,0.8444635932787592,0.23352003446790176,37.67741651728034,2026-09-29 15:44:06
712,3310O,3310.TWO,佳穎,電子零組件業,68.9000015258789,68.4000015258789,13.20355212454006,3.500682016585376,1.0313331167090878,0.2981594528539411,0.7530910218225939,-0.9800949820785498,1.3235316557042738,0.21714778112882377,0.12666953899181388,0.6277466609220164,0.5790607496768634,0.6415338216286084,0.8638517880224041,0.5717363205514864,37.5722690855192,2026-09-29 15:44:06
713,2066O,2066.TWO,世德,電機機械,52.70000076293945,52.58000030517578,20.121281900055525,8.563532060491708,-9.569294637460036,-9.775209739590885,-0.1231865620401118,-4.224087067156457,2.729047849317522,0.4101680310211116,0.47350280051701854,0.06204222317966394,0.049547608789314954,0.5320982335200345,0.4592847910383455,0.6755708746230074,37.53113436045149,2026-09-29 15:44:06
714,4438,4438.TW,廣越,紡織纖維,56.70000076293945,56.54000015258789,22.16263360903867,8.593042591307924,-5.075475098383963,-5.343340737135738,-1.2797059048060055,-5.34651312545007,-2.241377994931977,0.45454545454545453,0.4752261956053425,0.20853080568720378,0.16458423093494184,0.35458853942266266,0.34683326152520466,0.16673847479534684,37.175433871248565,2026-09-29 15:44:06
715,6195O,6195.TWO,詩肯,居家生活,28.299999237060547,28.019999694824218,10.632301594559808,2.8224193685132684,3.275245848468611,2.2534429388753496,1.570208118656069,0.15678585719909321,2.350812396014145,0.13183972425678586,0.07367514002585093,0.7272727272727273,0.7005601034037053,0.7065919862128393,0.9388194743644981,0.6505816458423094,37.15074058842831,2026-09-29 15:44:06
716,2231,2231.TW,為升,汽車工業,92.0,91.9000015258789,18.98313671696339,5.231540301084614,-6.132027563357556,-6.234056411319566,1.4165236822767158,-1.1686765752537243,3.0235127166538653,0.3787160706591986,0.25678586816027577,0.14821197759586385,0.12925463162429987,0.6975441619991383,0.8461869883670832,0.6906505816458423,37.094699647266225,2026-09-29 15:44:06
717,8424O,8424.TWO,惠普,建材營造業,70.0,69.5000015258789,11.845181873438207,3.081299621533659,1.6063467023114564,0.8805892978518193,1.4713323280471258,-0.06826574662353035,1.7441815334505686,0.17449375269280482,0.0913399396811719,0.6548901335631193,0.6174062903920724,0.7001292546316243,0.9302024989228781,0.6113744075829384,37.07199282261026,2026-09-29 15:44:06
718,5547O,5547.TWO,久舜,建材營造業,20.0,20.0,14.705531185449644,3.1896635913725198,0.3217310037384902,0.3217310037384902,0.6542517725995234,-0.925814833748928,0.25062273257367,0.24903059026281776,0.0973718224903059,0.5902628177509694,0.5820766910814305,0.6299009047824213,0.8698836708315382,0.46962516156828954,36.978525557392125,2026-09-29 15:44:06
719,6732O,6732.TWO,昇佳電子,半導體業,151.0,149.6,17.757087775620466,6.241037945223734,-7.418761496014714,-8.277130594727167,1.683501683501687,-1.3935318629378135,4.498269896193772,0.3416630762602327,0.33046100818612667,0.11115898319689789,0.07582938388625593,0.7156398104265402,0.8246445497630331,0.7630331753554502,36.951731711761084,2026-09-29 15:44:06
720,6904O,6904.TWO,伯鑫,其他業,121.5,120.5,15.883554770538556,6.366433539355114,-1.4864864864864824,-2.297297297297296,-0.694728238659581,-3.7583098586598362,1.25,0.2817750969409737,0.33821628608358467,0.46876346402412755,0.3696682464454976,0.44420508401551057,0.5157259801809565,0.5648427401981905,36.94246330251937,2026-09-29 15:44:06
721,2065O,2065.TWO,世豐,鋼鐵工業,35.150001525878906,35.130000305175784,11.484487615792622,6.5801416755972815,2.4383182553909366,2.3800283173272208,-1.4578030876044146,-4.596641174599325,0.2853132410702615,0.16070659198621284,0.35200344679017664,0.6971133132270573,0.7065919862128393,0.3291684618698837,0.41232227488151657,0.47350280051701854,36.88577403950209,2026-09-29 15:44:06
722,1612,1612.TW,宏泰,電器電纜,35.349998474121094,35.07999954223633,9.996330251624986,2.3788005016483833,5.672217667464996,4.8651062917460575,1.318425640643639,0.12750879983440822,1.4347202923732978,0.1059887979319259,0.04782421370099095,0.8022404136148212,0.7880224041361482,0.6867729426971133,0.9379577768203361,0.5842309349418354,36.87151095868804,2026-09-29 15:44:06
723,6229O,6229.TWO,研通,半導體業,24.0,23.740000534057618,11.340978981879273,4.12448686259891,0.22620457734543464,-0.8595770753021426,1.5873007671432848,-0.4653460948816579,2.7837242308831187,0.15381301163291686,0.1805256355019388,0.5833692373976734,0.5002154243860405,0.7096079276174063,0.910814304179233,0.6794485135717363,36.75906601612496,2026-09-29 15:44:06
724,2349,2349.TW,錸德,光電業,10.399999618530273,10.370000076293945,17.346245498591404,12.265880069572505,-6.327407522456719,-6.597612810677067,-1.4918347774140805,-7.184173744457878,0.9708682130449126,0.32399827660491165,0.6587677725118484,0.14131839724256787,0.11848341232227488,0.32356742783283066,0.21800947867298578,0.5415769065058165,36.46730043499284,2026-09-29 15:44:06
725,3033,3033.TW,威健,電子通路業,42.0,41.75,18.281221313853123,11.603155081518453,-9.082709229315821,-9.623883579141324,-1.1066632607147575,-6.529430810058234,1.0830343470573993,0.36018957345971564,0.6333476949590694,0.07195174493752693,0.052132701421800945,0.3782852218871176,0.25549332184403273,0.5510555794915984,36.41887338569802,2026-09-29 15:44:06
726,1742O,1742.TWO,台蠟,化學工業,17.700000762939453,17.54000015258789,10.950126634314504,3.4340092471301236,3.2070020114344455,2.2740538417959533,0.36859039461165644,-1.3256527106196403,1.1428615025111606,0.14088754847048685,0.11977595863851788,0.7246876346402413,0.7014218009478673,0.5928479103834554,0.8323998276604911,0.5557949159844895,36.384745723241146,2026-09-29 15:44:06
727,5014O,5014.TWO,建錩,鋼鐵工業,10.199999809265137,9.969999885559082,13.786966721855459,5.095966248093683,-2.418804201470215,-4.619163810145976,2.3993549519679913,-0.1449352464582998,3.2388632704213958,0.22662645411460577,0.24601464885825075,0.3912106850495476,0.19819043515725981,0.7664799655320982,0.9280482550624731,0.7035760448082723,36.36591845656661,2026-09-29 15:44:06
728,4120O,4120.TWO,友華,生技醫療業,46.099998474121094,46.01999969482422,18.861628351818627,5.26197076779999,-2.197552792964086,-2.3672724599441586,-0.5232808976300296,-3.073405433779297,-2.123142319313335,0.3748384317104696,0.2598018095648427,0.4062903920723826,0.3619129685480396,0.47350280051701854,0.5950021542438604,0.1805256355019388,36.298212908586045,2026-09-29 15:44:06
729,00686R,00686R.TW,群益臺灣加權反1,nan,0.949999988079071,0.9399999976158142,23.0300195468671,7.462495625624256,-5.284148475681638,-6.281156500784468,-1.2474031473941327,-4.799567213527078,-2.0618597877583125,0.47264110297285655,0.4093063334769496,0.1943127962085308,0.12796208530805686,0.35846617837139166,0.3950883239982766,0.1891426109435588,36.203194857490296,2026-09-29 15:44:06
730,3004,3004.TW,豐達科,鋼鐵工業,117.5,117.5,23.131751494156475,8.090401299568816,-8.613649620843855,-8.613649620843855,-1.094276094276092,-4.939657679511766,-0.8438818565400843,0.4756570443774235,0.44937526928048255,0.08358466178371392,0.06979750107712193,0.37957776820336064,0.3834554071520896,0.33089185695820766,36.15762042435828,2026-09-29 15:44:06
731,00641R,00641R.TW,富邦日本反1,nan,3.7100000381469727,3.660000038146973,13.85189093304601,4.543512837637223,-0.29561885359140616,-1.6393436530688588,0.8426204384257119,-1.3973906681922776,-1.0666656494140625,0.22921154674709177,0.20853080568720378,0.5601034037052994,0.42955622576475655,0.6518741921585524,0.8242137009909521,0.3037483843171047,36.14942563610877,2026-09-29 15:44:06
732,9949O,9949.TWO,琉園,文化創意業,24.25,24.029999923706054,16.41863647630279,2.082072141190292,-0.5060170902194461,-1.4086432275778105,0.7896926752798183,-0.2487537787515537,0.8316040302872698,0.2985781990521327,0.03102111158983197,0.5437311503662214,0.44937526928048255,0.6454114605773373,0.9220163722533391,0.5299439896596295,36.12541179459275,2026-09-29 15:44:06
733,8415O,8415.TWO,大國鋼,鋼鐵工業,35.150001525878906,35.140000915527345,16.29251168417242,12.511209637333293,-4.279939698107837,-4.307173239625673,-2.068673361272144,-7.834201493789261,-1.12516939455978,0.2929771650150797,0.6695389918138733,0.2679879362343817,0.2158552348125808,0.25247738043946577,0.1852649719948298,0.2968548039638087,36.04139446873576,2026-09-29 15:44:06
734,5538,5538.TW,東明-KY,鋼鐵工業,35.400001525878906,35.35,11.246338823812048,8.846381191853185,0.6611261496513254,0.5189450850405786,-1.7417212519640013,-5.9037765583568325,-0.8403339794098247,0.15036622145626885,0.4920292977165015,0.6053425247738043,0.5967255493321844,0.2934080137871607,0.3011632916846187,0.33175355450236965,35.901030193801034,2026-09-29 15:44:06
735,00707R,00707R.TW,期元大S&P日圓反1,nan,31.899999618530273,31.879999923706055,11.429879372328042,5.123405969889121,-0.9542363125257802,-1.0163330232176082,0.696031877982084,-1.8190718881065604,2.6383516629251007,0.15812149935372685,0.24816889271865575,0.5127100387763894,0.4864282636794485,0.6333476949590694,0.7591555364067213,0.6699698405859543,35.828599676139895,2026-09-29 15:44:06
736,2506,2506.TW,太設,建材營造業,8.40999984741211,8.4,20.45180024491167,5.795795078217219,-2.596275756068611,-2.7120929258049653,-1.3489753969254115,-4.127268911806381,-3.333332967940867,0.4183541576906506,0.2981473502800517,0.3774235243429556,0.3248599741490737,0.34812580784144764,0.4717794054286945,0.10641964670400689,35.78074833665247,2026-09-29 15:44:06
737,8941O,8941.TWO,關中,居家生活,44.0,43.99000015258789,14.844701944093178,4.011152729816107,0.4088619884109024,0.38604214071300547,-0.43559453287870253,-2.3931739663465734,-0.7891735877405345,0.25290822921154676,0.16846186988367085,0.5950021542438604,0.5842309349418354,0.4834123222748815,0.6824644549763034,0.3369237397673417,35.74010633619471,2026-09-29 15:44:06
738,7760,7760.TW,享溫馨,觀光餐旅,33.25,33.00999984741211,14.904859865893552,3.0444713284976026,-1.0858246683541295,-1.7997921021195462,0.9104698255798294,-0.6025929538157393,2.307692307692308,0.2563550193881947,0.08961654459284792,0.5028005170185265,0.41663076260232657,0.6544592847910383,0.8991813873330461,0.6469194312796208,35.734154741564126,2026-09-29 15:44:06
739,3526O,3526.TWO,凡甲,電子零組件業,270.5,270.3,17.592727687500144,10.52640703077212,-6.495751116232185,-6.564885496183203,-1.1962377865035068,-6.136466577273991,0.74487895716946,0.3369237397673417,0.5816458423093495,0.13614821197759586,0.11934510986643689,0.36492890995260663,0.2817750969409737,0.5234812580784145,35.72809422886187,2026-09-29 15:44:06
740,6417O,6417.TWO,韋僑,通信網路業,102.0,102.0,24.87094388177805,8.168284849304476,-9.171861086375777,-9.171861086375777,-1.9466474405191114,-5.794148584677162,-0.9708737864077669,0.5075398535114175,0.4549763033175355,0.06936665230504092,0.058595433003015944,0.26712623869021973,0.3097802671262387,0.3136579060749677,35.600411129414525,2026-09-29 15:44:06
741,4754O,4754.TWO,國碳科,化學工業,37.70000076293945,37.63999938964844,11.326291076765,5.816625911842978,0.6160638926623996,0.45592856410741067,-0.5736115545703968,-3.383521127183664,0.9370878262842967,0.15252046531667385,0.2990090478242137,0.6031882809133994,0.5898319689788885,0.46617837139164153,0.5536406721240844,0.5394226626454115,35.513795329561965,2026-09-29 15:44:06
742,2014,2014.TW,中鴻,鋼鐵工業,16.799999237060547,16.699999618530274,12.349176396456501,5.995449888690802,-1.3360782575372432,-1.9233612923591714,0.2237108056846182,-2.693277099236624,0.9008986304320059,0.1904351572598018,0.3123653597587247,0.4834123222748815,0.4067212408444636,0.5773373545885394,0.6445497630331753,0.5364067212408444,35.476151169362566,2026-09-29 15:44:06
743,2390,2390.TW,云辰,其他電子業,10.199999809265137,10.169999885559083,17.553818225278594,5.017969504703393,-4.714456497112163,-4.994707388173936,0.6512713824870398,-1.8122444333563914,1.9999980926513672,0.33649289099526064,0.24041361482119775,0.23524342955622576,0.18354157690650583,0.6286083584661784,0.7600172339508833,0.6268849633778544,35.368721644671176,2026-09-29 15:44:06
744,8940,8940.TW,新天地,觀光餐旅,15.0,14.969999885559082,15.918234357739694,5.353325972304422,-3.0955584469283703,-3.289368069356735,0.2841385199911839,-2.3301540940064425,1.694915254237288,0.28306764325721673,0.26712623869021973,0.34037052994398964,0.27832830676432574,0.5829383886255924,0.6893580353295993,0.6053425247738043,35.367829553798444,2026-09-29 15:44:06
745,5287O,5287.TWO,數字,數位雲端,137.5,137.2,11.291831135279502,3.3811613013100663,0.4850654333551363,0.265825290591426,1.0472166084879664,-0.6326682747316181,1.8518518518518516,0.15122791900043084,0.11331322705730289,0.5984489444205084,0.5773373545885394,0.6691081430417923,0.8961654459284791,0.6174062903920724,35.24412974382936,2026-09-29 15:44:06
746,6170O,6170.TWO,統振,通信網路業,48.79999923706055,48.25999984741211,10.566937899433015,2.0162933746761076,2.384780579228152,1.2518354995879832,1.339423350381863,0.3279702419144881,1.4553030876208233,0.12882378285221888,0.029297716501507972,0.6940973718224903,0.6389487289961223,0.6889271865575183,0.944420508401551,0.5859543300301594,34.57800237721471,2026-09-29 15:44:06
747,4745O,4745.TWO,合富-KY,生技醫療業,12.100000381469727,11.930000114440919,11.68335079439396,4.200527128754573,-1.9051447845579106,-3.2833390866271683,2.6075926385319637,0.49689301128472696,3.4188083651747805,0.16673847479534684,0.1865575183110728,0.4274019819043516,0.27875915553640673,0.7811288237828522,0.950452391210685,0.7173632055148643,34.41831292442066,2026-09-29 15:44:06
748,6616O,6616.TWO,特昇-KY,居家生活,8.229999542236328,8.181999969482423,20.390916679680966,6.411754525131727,-4.6294740719608924,-5.18570065184929,-1.0757915108496663,-4.148667582682863,-2.0238105239782116,0.4174924601464886,0.3416630762602327,0.23998276604911675,0.17320120637656183,0.3821628608358466,0.46962516156828954,0.1925894011202068,34.3689678513789,2026-09-29 15:44:06
749,4538O,4538.TWO,大詠城,電機機械,17.549999237060547,17.489999771118164,12.230579277225361,4.19534164106801,-0.8101023129942098,-1.1492100706476993,0.18552374715179454,-1.8728606225928202,1.152731130798271,0.1865575183110728,0.18569582076691082,0.5226195605342525,0.47264110297285655,0.5725980180956485,0.7514002585092633,0.5562257647565705,34.206591752816976,2026-09-29 15:44:06
750,4105O,4105.TWO,東洋,生技醫療業,78.80000305175781,78.78000030517578,7.141216219933002,3.8523319112950185,1.7562020874098305,1.7303720944570777,1.0839622131666227,-0.8262880631136227,1.6774232925907258,0.04480827229642396,0.15639810426540285,0.6626454114605773,0.6669538991813874,0.6704006893580353,0.8815165876777251,0.6040499784575614,34.004891043807,2026-09-29 15:44:06
751,8908O,8908.TWO,欣雄,油電燃氣業,40.25,40.25,9.574997183362179,2.783480227800443,3.139882515522796,3.139882515522796,0.3336458952684751,-1.0435704303359494,0.625,0.0913399396811719,0.07152089616544594,0.7212408444635933,0.7384747953468332,0.5902628177509694,0.8569582076691081,0.5118483412322274,33.729432053976474,2026-09-29 15:44:06
752,3313O,3313.TWO,斐成,建材營造業,10.5,10.469999885559082,18.807507688412283,6.865700441534245,-3.677088795216643,-3.9522981627810205,-1.7543846499042726,-5.01507486219297,-2.3255813953488373,0.3731150366221456,0.37096079276174065,0.3076260232658337,0.23481258078414477,0.2916846186988367,0.37613097802671264,0.16113744075829384,33.387595279324806,2026-09-29 15:44:06
753,1474,1474.TW,弘裕,紡織纖維,10.050000190734863,10.01599998474121,12.455858645064437,3.219033050442576,-1.0469642188011274,-1.3817327298863091,0.7771386542134495,-0.8191928270825155,0.5000019073486328,0.1930202498922878,0.1025420077552779,0.5075398535114175,0.45368375700129254,0.6441189142610944,0.8819474364498061,0.5028005170185265,33.28587617353387,2026-09-29 15:44:06
754,4726O,4726.TWO,永昕,生技醫療業,22.649999618530273,22.59000015258789,17.310456742743618,11.69307757469849,-6.623610667585133,-6.870963143785147,-2.517755991344428,-7.902284642011715,-1.0917030749542216,0.32313657906074966,0.6350710900473934,0.13183972425678586,0.1128823782852219,0.1986212839293408,0.1826798793623438,0.3024558380008617,33.183612477384585,2026-09-29 15:44:06
755,7718O,7718.TWO,友鋮,電機機械,46.70000076293945,46.0,10.737627048505077,4.302196680519182,-0.5607193438733726,-2.051245493514864,0.7496916053554958,-1.371895904864462,1.0822510643789602,0.13485566566135287,0.1934510986643688,0.5385609651012495,0.3950883239982766,0.6402412753123654,0.8263679448513572,0.5506247307195175,33.082349790179705,2026-09-29 15:44:06
756,4560,4560.TW,強信-KY,電機機械,29.350000381469727,29.15,19.389686468508142,4.226736581330279,-6.3994886010442675,-7.037312714919642,0.4964912393789378,-1.5834136884837258,-0.33955986037042585,0.3907798362774666,0.1887117621714778,0.13787160706591986,0.10900473933649289,0.6105127100387764,0.7966393795777682,0.3903489875053856,33.01604461740634,2026-09-29 15:44:06
757,8426O,8426.TWO,紅木-KY,其他業,20.649999618530273,20.59000015258789,11.88038751555357,3.818467212965207,-0.34184780922450475,-0.6314088755058678,-0.20538898146366114,-2.075005878379743,0.48661987923280586,0.17535545023696683,0.15381301163291686,0.5575183110728135,0.5157259801809565,0.5174493752692805,0.7225333907798362,0.5019388194743645,32.97025753470583,2026-09-29 15:44:06
758,00943,00943.TW,兆豐電子高息等權,nan,21.010000228881836,20.98400001525879,12.712714783127257,4.386955415360075,-1.802544599555489,-1.9240655319608835,-0.2113556431988406,-2.3532160807344327,0.8157393236527154,0.2037914691943128,0.1999138302455838,0.4394657475226196,0.4062903920723826,0.5165876777251185,0.6863420939250323,0.5286514433433864,32.45884569561226,2026-09-29 15:44:06
759,5353O,5353.TWO,台林,通信網路業,28.450000762939453,28.08000030517578,7.174952440461289,3.2398085424418888,0.9342504187045853,-0.37842859210241997,2.0170344099197823,0.3907995599355285,2.707581152862076,0.04523912106850495,0.1029728565273589,0.6247307195174494,0.5329599310641965,0.7358897027143473,0.9474364498061181,0.6734166307626023,32.39653937204168,2026-09-29 15:44:06
760,2022,2022.TW,聚亨,鋼鐵工業,7.300000190734863,7.173999977111817,12.26051856943539,9.685222950212905,-4.107187414099744,-5.762326394242967,-0.5855895356667085,-5.177475965544809,0.0,0.1874192158552348,0.5368375700129254,0.27875915553640673,0.14605773373545886,0.46230073244291253,0.35846617837139166,0.43408013787160704,32.34564610640974,2026-09-29 15:44:06
761,5016O,5016.TWO,松和,鋼鐵工業,24.799999237060547,24.659999465942384,9.202152427076083,2.11822527810407,1.8097193430613334,1.234987978379154,0.8232519195227939,-0.23338886852455332,1.4314865570540614,0.08358466178371392,0.03231365790607497,0.6660922016372254,0.6367944851357173,0.6501507970702284,0.9246014648858251,0.5833692373976734,32.22079228353843,2026-09-29 15:44:06
762,1441,1441.TW,大東,紡織纖維,10.149999618530273,10.135976028442382,15.211731815466727,4.3493129409657385,-2.6034782438748794,-2.738044642734716,-0.3214061163805737,-2.4429370972091635,-0.2843518595206249,0.26497199482981476,0.1977595863851788,0.37656182679879363,0.3222748815165877,0.5006462731581215,0.6751400258509264,0.39638087031451963,32.10325931105585,2026-09-29 15:44:06
763,1472,1472.TW,三洋實業,建材營造業,88.0999984741211,87.71999969482422,12.416170069779426,4.711762930915076,-0.6260241416543577,-1.0546505908493597,-0.6372319150673489,-2.9242221723575157,-1.5642475149484987,0.19215855234812582,0.21800947867298578,0.5346833261525205,0.48211977595863853,0.4554071520896165,0.6139595002154243,0.23782852218871176,31.89766867091478,2026-09-29 15:44:06
764,00682U,00682U.TW,期元大美元指數,nan,20.790000915527344,20.70800018310547,6.73213125871612,2.9904458550536717,1.1736313248237318,0.7745783423767749,1.3726065208900406,-0.12081002740822466,1.961753496088766,0.037483843171046964,0.08703145196036191,0.6363636363636364,0.6113744075829384,0.6919431279620853,0.9289099526066351,0.6247307195174494,31.876937931273417,2026-09-29 15:44:06
765,1256,1256.TW,鮮活果汁-KY,食品工業,168.5,167.9,18.336235586028234,8.735421733847847,-6.505756693022613,-6.838673879872381,-2.1486643437862885,-6.243669767768544,-1.461988304093567,0.36234381732012066,0.48556656613528654,0.13571736320551486,0.11417492460146489,0.24386040499784575,0.27401981904351574,0.25463162429987074,31.848027963107068,2026-09-29 15:44:06
766,4171O,4171.TWO,瑞基,農業科技業,16.5,16.39000015258789,12.62900776658444,6.795300536217101,-3.776060507531631,-4.417552547626391,-0.31717182847949,-3.5927529174556216,1.2269986030718378,0.2012063765618268,0.36708315381301165,0.2998707453683757,0.2093925032313658,0.5015079707022835,0.5312365359758725,0.5626884963377854,31.786281789619352,2026-09-29 15:44:06
767,8432O,8432.TWO,東生華,生技醫療業,50.599998474121094,50.51999969482422,10.39415411884597,2.215392975724482,0.4965215529474154,0.3376361914798842,0.5015121290345315,-0.5995432394214295,1.1999969482421875,0.12063765618267988,0.03662214562688496,0.5988797931925894,0.5829383886255924,0.6113744075829384,0.9004739336492891,0.5607496768634209,31.677770864073512,2026-09-29 15:44:06
768,7811O,7811.TWO,民盛,運動休閒,73.5,73.2,8.439666585453995,3.4306940675416904,0.9014787977010608,0.48963602709819476,0.5403198738362036,-1.1552112775513934,0.4098402517283393,0.06936665230504092,0.11848341232227488,0.6217147781128823,0.5937096079276174,0.6165445928479104,0.8479103834554071,0.4915984489444205,31.54220157757972,2026-09-29 15:44:06
769,4557,4557.TW,永新-KY,汽車工業,50.099998474121094,49.8,12.035115773901254,2.8308240414387664,-0.6822753040774954,-1.276989211650692,0.1899777211534115,-1.2083314312380966,0.1999969482421875,0.1805256355019388,0.07496768634209393,0.5308056872037915,0.46143903489875054,0.5730288668677295,0.8436018957345972,0.46531667384747954,31.52141378561511,2026-09-29 15:44:06
770,00632R,00632R.TW,元大台灣50反1,nan,9.569999694824219,9.523999977111817,19.114446408822218,7.379279514212868,-5.674018151370341,-6.127410907519415,-1.9266268797740183,-5.41642024221185,-3.43087949367303,0.38388625592417064,0.40456699698405857,0.17233950883239982,0.13442481688927185,0.27014218009478674,0.34295562257647566,0.1029728565273589,31.23853280718643,2026-09-29 15:44:06
771,1580O,1580.TWO,新麥,電機機械,97.0999984741211,96.9,15.908566729415046,12.223914846755571,-10.479411258802319,-10.66379829723706,-2.190885069520765,-7.82460591106704,-0.6141233294397651,0.28263679448513573,0.6566135286514433,0.046962516156828955,0.037483843171046964,0.23955191727703576,0.18569582076691082,0.35114174924601466,31.13464571311177,2026-09-29 15:44:06
772,1587,1587.TW,吉茂,汽車工業,23.850000381469727,23.700000381469728,12.565561877975338,4.622547436825032,-2.9139372334559654,-3.5245413920326762,0.2732829229283418,-1.991951347505716,1.0593220167754542,0.1977595863851788,0.21413183972425678,0.35545023696682465,0.25894011202068073,0.5803532959931064,0.7311503662214562,0.5497630331753555,31.107053134955137,2026-09-29 15:44:06
773,6123O,6123.TWO,上奇,資訊服務業,43.20000076293945,43.07999954223633,7.822717931775819,3.4486109457351954,0.9463739925305692,0.6659645506157164,0.06949517796459581,-1.626759983477477,1.6470606186810663,0.055579491598448945,0.12149935372684188,0.6255924170616114,0.6074967686342094,0.5575183110728135,0.7875915553640672,0.6027574321413184,30.988783668845084,2026-09-29 15:44:06
774,3567O,3567.TWO,逸昌,半導體業,25.799999237060547,25.579999923706055,10.962479862917139,3.5870913531279482,-2.1831877392343824,-3.0172820093218644,1.5448168976458287,-0.24434631612935132,1.976284644576503,0.14131839724256787,0.13700990952175787,0.4071520896165446,0.2959931064196467,0.7044377423524343,0.9237397673416631,0.6251615682895304,30.9756927539452,2026-09-29 15:44:06
775,2916O,2916.TWO,滿心,居家生活,40.54999923706055,40.49999923706055,8.389395518101225,2.6324628560122165,0.7641153550230984,0.6398686013228794,0.6578115691999065,-0.6498661167377517,1.248439474469007,0.06678155967255493,0.05945713054717794,0.6143903489875053,0.6053425247738043,0.6307626023265833,0.8948728996122362,0.5644118914261095,30.878532647439922,2026-09-29 15:44:06
776,1342,1342.TW,八貫,其他業,101.0,100.7,13.971337571071778,4.956211531750836,-3.7866159774628705,-4.072398306242675,-0.3699140617101082,-2.779149562046157,1.7119807613259623,0.23136579060749676,0.23653597587246877,0.2990090478242137,0.2257647565704438,0.4959069366652305,0.6346402412753124,0.6087893149504524,30.76518005427958,2026-09-29 15:44:06
777,7814O,7814.TWO,海昌生技,生技醫療業,28.399999618530273,28.379999923706055,19.828641757945555,6.942876283953141,-9.076357613379072,-9.140387371282744,-1.4060069649313722,-4.713808172082656,-2.0689668326542296,0.4032744506678156,0.37570012925463164,0.07238259370960792,0.05945713054717794,0.33907798362774666,0.4054286945282206,0.18828091339939682,30.724844061737457,2026-09-29 15:44:06
778,3465O,3465.TWO,進泰電子,其他電子業,29.649999618530273,29.4,11.308884613703443,2.847716127718204,-1.7363616457087838,-2.564890226485461,1.4542330830804806,0.029948593754203223,1.5410919309356916,0.15165876777251186,0.07626023265833692,0.44592847910383454,0.3412322274881517,0.6988367083153812,0.934941835415769,0.5932787591555364,30.683325530131476,2026-09-29 15:44:06
779,4527O,4527.TWO,方土霖,電機機械,40.900001525878906,40.84000015258789,9.690323451747407,1.9385479874095026,1.680171638664496,1.5310041641614536,0.13465895331674638,-0.8266029925500296,-0.24389871736852134,0.0943558810857389,0.025850926324859975,0.6587677725118484,0.6553209823352003,0.5669969840585954,0.8810857389056441,0.40456699698405857,30.618768233079695,2026-09-29 15:44:06
780,3373O,3373.TWO,熱映,其他電子業,16.049999237060547,15.989999771118164,10.597658203108457,5.4952915302068,-2.312846740498964,-2.6780291270169565,-0.09337519345221645,-2.7650472547571803,1.261822402380756,0.13054717794054288,0.2817750969409737,0.3972425678586816,0.32787591555364065,0.5338216286083585,0.6376561826798793,0.5661352865144335,30.591637260083953,2026-09-29 15:44:06
781,00671R,00671R.TW,富邦NASDAQ反1,nan,2.380000114440918,2.3659999847412108,15.706982519943457,6.983006715277311,-2.8967736931207355,-3.467974406224761,-1.8961219995124234,-5.205862493399971,-3.2520293685164203,0.2766049116760017,0.3782852218871176,0.3571736320551486,0.26324859974149073,0.2731581214993537,0.35458853942266266,0.11158983196897888,30.51440397411961,2026-09-29 15:44:06
782,3118O,3118.TWO,進階,生技醫療業,31.350000381469727,31.309999847412108,12.647658322601416,2.85248777324146,-1.083296595273553,-1.2095077887428474,-0.4050492910031678,-1.8055417488110903,-0.3179662290742027,0.2016372253339078,0.07669108143041792,0.5032313657906075,0.46876346402412755,0.4907367514002585,0.7613097802671263,0.3935803532959931,30.432852864599734,2026-09-29 15:44:06
783,4121O,4121.TWO,優盛,生技醫療業,12.75,12.710000038146973,11.8563530003664,4.5808896919737006,-2.21142762640264,-2.518215011861924,-0.2347419329320255,-2.4686438530215793,0.3937022951637072,0.17492460146488584,0.2111158983196898,0.4054286945282206,0.3459715639810427,0.5140025850926325,0.6721240844463593,0.4872899612236105,30.405003550988464,2026-09-29 15:44:06
784,6556O,6556.TWO,勝品,光電業,61.900001525878906,61.6,12.047339514516699,2.7607996208890793,-2.1962369641806867,-2.6702479080282004,1.1520569585321772,-0.22523372598578506,0.6504089851689533,0.1809564842740198,0.06893580353295993,0.4067212408444636,0.3287376130978027,0.6768634209392503,0.925894011202068,0.5135717363205515,30.277481235361215,2026-09-29 15:44:06
785,6569O,6569.TWO,醫揚,生技醫療業,92.0,91.96000061035156,13.584174871203658,3.1641250744748994,-3.9348429925086914,-3.9766098147563156,0.9103871043232292,-0.6612146043677769,1.882610067319477,0.22231796639379578,0.0965101249461439,0.29082292115467473,0.23179663937957776,0.6540284360189573,0.8935803532959931,0.6204222317966394,30.171472832176384,2026-09-29 15:44:06
786,00660,00660.TW,元大歐洲50,nan,46.20000076293945,46.01800003051758,9.85945154304654,3.5632743394956106,-0.48429368253872784,-0.8763268240573607,-0.08650304579735923,-1.8354393459299012,0.7633637960007994,0.10211115898319689,0.13399396811719086,0.5458853942266264,0.4984920292977165,0.5342524773804395,0.7578629900904782,0.5239121068504955,30.116168384641778,2026-09-29 15:44:06
787,8450O,8450.TWO,霹靂,文化創意業,14.399999618530273,14.279999923706054,11.891005138919814,4.875775764814202,-2.4775688066009938,-3.2902536879717226,0.08687898509511793,-2.295057957472546,-0.34602208577749505,0.17621714778112882,0.23007324429125378,0.38819474364498063,0.27789745799224475,0.5609651012494614,0.6932356742783283,0.38819474364498063,30.080090570044515,2026-09-29 15:44:06
788,6474O,6474.TWO,華豫寧,電子通路業,35.5,35.44000015258789,13.828031369615237,7.125826634937346,-4.980705917537653,-5.141301499119455,-1.1210917409113175,-4.52285949509873,0.9957281904053693,0.22791900043084878,0.3869021973287376,0.21499353726841877,0.17621714778112882,0.37570012925463164,0.42050840155105557,0.5454545454545454,29.948507166316386,2026-09-29 15:44:06
789,1570O,1570.TWO,力肯,電機機械,33.0,32.60999984741211,11.526577484105072,4.560954163097707,-4.787093501270334,-5.912337381962485,1.2425228070797933,-1.0148117256448486,3.125,0.16242998707453685,0.2098233520034468,0.22921154674709177,0.14088754847048685,0.6833261525204654,0.8599741490736751,0.6966824644549763,29.542050855714823,2026-09-29 15:44:06
790,1760,1760.TW,寶齡富錦,生技醫療業,53.900001525878906,53.82000045776367,13.559041089515667,11.135430279858177,-7.671222360739294,-7.80826133327751,-2.142335849873467,-7.303417507504973,-0.3696801365675762,0.2214562688496338,0.6122361051271004,0.1038345540715209,0.0904782421370099,0.24472210254200777,0.21240844463593278,0.3834554071520896,29.53510084542725,2026-09-29 15:44:06
791,00648R,00648R.TW,元大S&P500反1,nan,3.940000057220459,3.908000087738037,10.297031824215596,2.9159535595626807,-0.5385396914875273,-1.3463477240576727,0.31826830958665564,-1.1233305713048702,-0.5050500185316258,0.11762171477811288,0.08099956915122791,0.5420077552778975,0.45583800086169757,0.5868160275743214,0.8509263248599741,0.3619129685480396,29.184457266694757,2026-09-29 15:44:06
792,5520O,5520.TWO,力泰,建材營造業,83.19999694824219,82.69999847412109,5.196778523799705,2.3531306269635914,0.7772240603301839,0.1715935302272653,0.9096375723016914,-0.26382368323440986,1.4634109124904724,0.01852649719948298,0.04566996984058595,0.6152520465316674,0.5734597156398105,0.6535975872468763,0.9215855234812581,0.5876777251184834,29.067142130355535,2026-09-29 15:44:06
793,00664R,00664R.TW,國泰臺灣加權反1,nan,1.5399999618530273,1.5399999618530273,18.36682484548865,7.278544141242666,-6.183371089376866,-6.183371089376866,-2.5007942757563684,-5.924459158873452,-3.750003818422499,0.36320551486428265,0.3976734166307626,0.14648858250753985,0.13270142180094788,0.2007755277897458,0.2990090478242137,0.0883239982766049,29.064455484587654,2026-09-29 15:44:06
794,00676R,00676R.TW,富邦臺灣加權反1,nan,5.289999961853027,5.2600000381469725,17.33318359841382,7.340948125096287,-5.687288688834846,-6.22214202801239,-1.9553341496140964,-5.426625336706747,-3.290673404803119,0.32356742783283066,0.4015510555794916,0.17190866006031882,0.13140887548470487,0.26497199482981476,0.3412322274881517,0.10814304179233089,28.994265567258022,2026-09-29 15:44:06
795,2414,2414.TW,精技,電子通路業,53.099998474121094,53.01999969482422,12.570008330021773,3.3875093200237476,-3.862404361818328,-4.0072422246544175,0.9601650009070539,-0.7213713974446034,0.18867636626621462,0.19819043515725981,0.11460577337354588,0.2942697113313227,0.22878069797501077,0.6604911676001723,0.8892718655751831,0.4635932787591555,28.990909853335587,2026-09-29 15:44:06
796,3632O,3632.TWO,研勤,通信網路業,7.190000057220459,7.169999980926514,12.360391859248427,6.730412167002495,-6.17455719588963,-6.435546903742395,-0.12501658191447218,-3.376593340892897,1.1251747145398645,0.1908660060318828,0.3619129685480396,0.14691943127962084,0.12494614390348988,0.5312365359758725,0.5557949159844895,0.5545023696682464,28.979654985929592,2026-09-29 15:44:06
797,3666O,3666.TWO,光耀,光電業,25.299999237060547,25.190000152587892,5.647998834959369,1.6952959395250295,0.9241378690637791,0.4853409085276317,0.9476278785458314,0.09913955436351429,1.1999969482421875,0.023696682464454975,0.01981904351572598,0.6242998707453684,0.5932787591555364,0.6591986212839294,0.9366652305040931,0.5607496768634209,28.946333835860568,2026-09-29 15:44:06
798,4129O,4129.TWO,聯合,生技醫療業,82.9000015258789,82.52000122070312,12.612123523772306,2.9125383607449815,-3.5467028113368215,-3.9888292491205513,0.7106857656876908,-0.7348815609997228,1.3447413607369734,0.2003446790176648,0.08056872037914692,0.31882809133993967,0.23093494183541577,0.6342093925032314,0.8879793192589401,0.5738905644118915,28.928038193107277,2026-09-29 15:44:06
799,4168O,4168.TWO,醣聯,生技醫療業,21.700000762939453,21.700000381469728,14.744421030882169,5.749437401249445,-4.956563201657049,-4.956564872449332,-0.8792931641718571,-3.6491102111502305,-0.4587086129392786,0.24989228780697975,0.29470056010340373,0.21714778112882377,0.18440327445066781,0.4136148211977596,0.5239121068504955,0.3692373976734166,28.738152501586185,2026-09-29 15:44:06
800,2420,2420.TW,新巨,電子零組件業,53.900001525878906,53.800000762939455,13.13255382458218,3.5597501411160435,-3.8987254600160504,-4.07702231532946,-0.15744909340947855,-1.90344521706719,1.1257078750597165,0.2158552348125808,0.13356311934510987,0.2921154674709177,0.22404136148211978,0.5256355019388195,0.7449375269280483,0.5549332184403274,28.384054664009266,2026-09-29 15:44:06
801,2736O,2736.TWO,富野,觀光餐旅,11.350000381469727,11.300000190734863,11.21375860417609,6.1557456350196516,-2.5611644868529293,-2.990412081293048,-1.0462044188420339,-4.000933588970323,-0.8733574625432953,0.14950452391210686,0.3218440327445067,0.38000861697544164,0.2981473502800517,0.38776389487289964,0.4890133563119345,0.32701421800947866,28.286951609827245,2026-09-29 15:44:06
802,2064O,2064.TWO,晉椿,鋼鐵工業,11.899999618530273,11.839999961853028,13.902050076568948,7.740977136353387,-4.283131939891172,-4.765735251313541,-1.8961286082568418,-5.551737799566181,-2.8571459711814415,0.22964239551917276,0.42826367944851357,0.2675570874623007,0.1925894011202068,0.2727272727272727,0.3287376130978027,0.13183972425678586,28.201528722188225,2026-09-29 15:44:06
803,1713,1713.TW,國化,化學工業,41.79999923706055,41.529999542236325,13.025162991590497,10.756833602965711,-7.233084226568353,-7.832295695605984,-2.1421059088388428,-7.1366821960223925,-1.7626322290195457,0.2115467470917708,0.5971563981042654,0.11503662214562689,0.08875484704868591,0.24515295131408876,0.22188711762171479,0.21844032744506678,28.1791019725737,2026-09-29 15:44:06
804,1307,1307.TW,三芳,塑膠工業,30.850000381469727,30.74000015258789,8.650186382367618,2.487163062966138,-1.1719468146941803,-1.5243328223410346,0.924185367530761,-0.31547299998764267,0.982000497221764,0.07281344248168893,0.05299439896596295,0.4928909952606635,0.4394657475226196,0.6566135286514433,0.917707884532529,0.5433003015941404,28.145913080163126,2026-09-29 15:44:06
805,6641,6641.TW,基士德-KY,綠能環保,16.950000762939453,16.92000045776367,13.658717718733701,4.0408048913575945,-4.015851743932464,-4.185736912670379,-0.5281643140554793,-2.4980951835504306,0.29586476649594207,0.22447221025420078,0.17190866006031882,0.2856527358897027,0.2197328737613098,0.4722102542007755,0.6678155967255494,0.4752261956053425,28.11011015403246,2026-09-29 15:44:06
806,5903O,5903.TWO,全家,居家生活,186.5,185.9,5.818319547610682,1.7705665426914163,0.07601842328848196,-0.24594195769797045,0.8244357345587261,-0.06031359065853392,1.358695652173913,0.026281775096940973,0.02240413614821198,0.5769065058164584,0.5450236966824644,0.6505816458423094,0.9314950452391211,0.5756139595002154,28.02772141267568,2026-09-29 15:44:06
807,2538,2538.TW,基泰,建材營造業,8.710000038146973,8.65399990081787,14.083010063570589,5.361959932386043,-5.752930155307789,-6.358882948769661,-0.25194662134581103,-2.856348457625235,-0.34324638165697974,0.23352003446790176,0.26928048255062476,0.16803102111158982,0.12666953899181388,0.5131408875484705,0.6260232658336924,0.3886255924170616,28.02079214868748,2026-09-29 15:44:06
808,2002,2002.TW,中鋼,鋼鐵工業,18.799999237060547,18.679999542236327,8.678947007477376,4.217656848681129,-0.7697421494348156,-1.4031251889363827,-0.3841600791508415,-2.4415014274095204,-0.5291025581380563,0.07324429125376992,0.1874192158552348,0.5252046531667385,0.45066781559672553,0.49375269280482553,0.6755708746230074,0.35911245152951315,27.94725429729768,2026-09-29 15:44:06
809,4116O,4116.TWO,明基醫,生技醫療業,39.400001525878906,39.400000762939456,7.746907939608789,3.6810294688893532,0.6428576073313375,0.6428556584886058,-0.8430816961028209,-2.6350970805137153,-0.5050428180518417,0.05428694528220594,0.14476518741921585,0.6044808272296424,0.6057733735458853,0.4196467040068936,0.6505816458423094,0.36255924170616116,27.931606401000963,2026-09-29 15:44:06
810,4972O,4972.TWO,湯石照明,光電業,16.350000381469727,16.34000015258789,8.226990441745821,4.824561168024504,-1.5060217983751456,-1.5662641410368106,-0.5020519972078641,-2.845686635041189,0.615386962890625,0.06247307195174494,0.22490305902628177,0.4666092201637225,0.43644980611805256,0.4756570443774235,0.6277466609220164,0.5114174924601465,27.90629332248717,2026-09-29 15:44:06
811,3205O,3205.TWO,佰研,生技醫療業,46.75,46.710000610351564,13.075484838627736,2.827429301038259,-3.4589568967304363,-3.5415575983380077,-0.037418984839054925,-1.4309047256171548,0.32189169697550163,0.21456268849633778,0.07410598879793193,0.3214131839724257,0.25807841447651875,0.5402843601895735,0.8203360620422232,0.4799655320982335,27.842451772763493,2026-09-29 15:44:06
812,3252O,3252.TWO,海灣,觀光餐旅,15.449999809265137,15.320000076293946,11.825682517700752,4.013223636071233,-4.3442377628739814,-5.149106610867415,0.38986193516308276,-1.584946165800094,0.9803896513746966,0.17406290392072382,0.16932356742783283,0.2602326583369237,0.17578629900904783,0.5971563981042654,0.7962085308056872,0.5428694528220595,27.78635377927815,2026-09-29 15:44:06
813,00625K,00625K.TW,富邦上証+R,nan,8.329999923706055,8.329999923706055,12.415780407006379,9.568993810301876,-3.975102455034041,-3.975102455034041,-2.94769078737247,-7.379133288698658,-5.017109590548598,0.1917277035760448,0.5303748384317105,0.2882378285221887,0.23222748815165878,0.15208961654459285,0.2089616544592848,0.055148642826367944,27.694390620764025,2026-09-29 15:44:06
814,5905O,5905.TWO,南仁湖,觀光餐旅,7.400000095367432,7.300000190734863,11.724942713247543,9.780777201624318,-7.730672731044342,-8.977554326786896,-1.089352855368797,-5.700943180731677,-0.6711371164805039,0.16975441619991383,0.5424386040499785,0.1025420077552779,0.06247307195174494,0.38000861697544164,0.3162429987074537,0.3459715639810427,27.453105972563947,2026-09-29 15:44:06
815,6523O,6523.TWO,達爾膚,生技醫療業,90.4000015258789,89.75999908447265,6.771489208441214,1.3011638614923569,0.34781482570813704,-0.3626148799799944,0.7691473236475455,0.11779901380295499,-0.11049555151502072,0.03920723825937096,0.008616975441619991,0.5911245152951314,0.5355450236966824,0.6423955191727704,0.9370960792761741,0.4200775527789746,27.41671696347619,2026-09-29 15:44:06
816,2722,2722.TW,夏都,觀光餐旅,21.200000762939453,21.160000228881835,12.028596042374385,4.173716993551125,-2.804306462359485,-2.9876970052694074,-0.6211147914244486,-2.652616926482798,-1.1655011240463036,0.18009478672985782,0.18397242567858682,0.36234381732012066,0.2985781990521327,0.45669969840585956,0.6479965532098233,0.2912537699267557,27.32630459083967,2026-09-29 15:44:06
817,6469O,6469.TWO,大樹,生技醫療業,64.5,64.43999938964843,15.287327749899193,9.545643196349424,-9.486852593732042,-9.571051726898204,-2.206049183324954,-6.6609552697407315,-2.420572633972921,0.26669538991813874,0.5282205945713054,0.06376561826798793,0.05299439896596295,0.23696682464454977,0.24515295131408876,0.15682895303748384,27.289910395177063,2026-09-29 15:44:06
818,3038,3038.TW,全台,光電業,20.299999237060547,20.269999694824218,7.594503160518781,2.4000190714712155,-1.3964818469897944,-1.5421991139186297,0.6944409458252254,-0.49957365837188794,1.4999961853027344,0.05084015510555795,0.049547608789314954,0.47824213700990953,0.43817320120637654,0.6329168461869884,0.9090909090909091,0.5911245152951314,27.08611949650598,2026-09-29 15:44:06
819,9928,9928.TW,中視,其他業,17.799999237060547,17.65999984741211,9.224150839553506,2.598210744568981,-1.5032788471456504,-2.277968815393594,0.3948061035973449,-0.8927021273917091,1.1363571094088747,0.08401551055579491,0.05730288668677294,0.4674709177078845,0.37182249030590264,0.5980180956484275,0.8746230073244291,0.5553640672124085,26.981433669905737,2026-09-29 15:44:06
820,4942,4942.TW,嘉彰,光電業,31.950000762939453,31.539999771118165,9.832653925917155,9.526371292706648,-6.540231539132835,-7.7395616439631,-0.6143534488627811,-5.133042740194005,0.1567434012762016,0.0999569151227919,0.5277897457992244,0.13356311934510987,0.09177078845325291,0.45799224472210254,0.36492890995260663,0.45993106419646707,26.89026665062977,2026-09-29 15:44:06
821,6242O,6242.TWO,立康,生技醫療業,34.099998474121094,34.00999984741211,9.263103769988149,1.9329569397475082,-1.5162495325641623,-1.776173365169198,0.3826864556960796,-0.5782037989488398,0.2941131591796875,0.08530805687203792,0.025420077552778975,0.46402412753123656,0.4196467040068936,0.5958638517880224,0.9030590262817751,0.4747953468332615,26.426449415568964,2026-09-29 15:44:06
822,8401O,8401.TWO,白紗科,其他業,22.75,22.679999542236327,7.027315085954358,1.4698989911020703,-0.4303740404867029,-0.7367441238503747,0.11001184134078468,-0.6203781878481363,0.441502795381572,0.04222317966393796,0.014218009478672985,0.5497630331753555,0.5049547608789315,0.5635501938819474,0.8978888410168031,0.4950452391210685,26.30708558216735,2026-09-29 15:44:06
823,1537,1537.TW,廣隆,電機機械,115.5,115.3,12.072500496997614,4.249039616054034,-5.321401735091191,-5.485347359792336,-0.17286084701815252,-2.2495877183694724,0.8733624454148471,0.1826798793623438,0.1904351572598018,0.1925894011202068,0.15941404566996983,0.5239121068504955,0.6992675570874624,0.5333907798362775,26.29943019770134,2026-09-29 15:44:06
824,00865B,00865B.TW,國泰US短期公債,nan,48.91999816894531,48.80799865722656,3.930000226231229,1.5641752349973073,-0.14085129953260722,-0.3694730557411319,0.4878518473987681,-0.29195244616941896,0.7206062926090377,0.006462731581214994,0.017233950883239983,0.5678586816027574,0.5342524773804395,0.6083584661783714,0.9198621283929341,0.5204653166738474,26.278554233964417,2026-09-29 15:44:06
825,8403O,8403.TWO,盛弘,生技醫療業,19.049999237060547,18.970000076293946,6.083142226748413,1.5483294601728832,-0.5005483849375381,-0.9183894843983964,0.39525239165310033,-0.3760014676859158,0.7936487913111288,0.02886686772942697,0.016372253339077984,0.5445928479103834,0.4928909952606635,0.5984489444205084,0.9142610943558811,0.5256355019388195,26.27542672933501,2026-09-29 15:44:06
826,9950O,9950.TWO,萬國通,塑膠工業,10.25,10.219999885559082,9.693592220889375,2.466382699757428,-1.069733712315768,-1.3592868157597637,-0.31607127177049055,-1.530389984738001,-0.4854387360093434,0.0947867298578199,0.052132701421800945,0.5045239121068505,0.45454545454545453,0.5019388194743645,0.8056872037914692,0.3657906074967686,26.233446592568143,2026-09-29 15:44:06
827,4126O,4126.TWO,太醫,生技醫療業,77.9000015258789,77.76000061035157,4.737183249625055,1.0458617417369465,0.2574020571364688,0.07722069896629602,0.1736017141723334,-0.34751190964067424,0.38660187842382604,0.012494614390348987,0.003877638948728996,0.5859543300301594,0.5678586816027574,0.5713054717794054,0.9164153382162861,0.4864282636794485,26.19645075422393,2026-09-29 15:44:06
828,1906,1906.TW,寶隆,造紙工業,10.800000190734863,10.780000114440918,10.105685223212909,7.519649211336704,-3.139011880365705,-3.3183847616700457,-1.7511928574327151,-5.311321105298017,-1.8181800842285156,0.11029728565273589,0.4140456699698406,0.3377854373115037,0.2761740629039207,0.2925463162429987,0.3498492029297717,0.2119775958638518,26.05551595605664,2026-09-29 15:44:06
829,6844O,6844.TWO,諾貝兒,生技醫療業,57.400001525878906,56.960000610351564,11.686311475284048,9.456106199634636,-4.977372979593042,-5.705770919895226,-2.297869743184844,-6.7087305025193995,-3.6912701418901004,0.16716932356742784,0.5226195605342525,0.2158552348125808,0.14864282636794485,0.22748815165876776,0.24342955622576476,0.09177078845325291,26.03466073861908,2026-09-29 15:44:06
830,1752,1752.TW,南光,生技醫療業,31.350000381469727,31.35,8.212386217468502,2.6438060833484385,-1.049473899475839,-1.049475103515063,-0.34172993582929356,-1.6419282776590327,0.0,0.06118052563550194,0.06074967686342094,0.5071090047393365,0.4834123222748815,0.4984920292977165,0.7862990090478242,0.43408013787160704,25.756844450523104,2026-09-29 15:44:06
831,8435O,8435.TWO,鉅邁,其他業,53.0,52.94000015258789,7.065217120857061,2.1937095387358605,-0.2102488706604122,-0.3232181129444234,-0.3946634428878437,-1.475335919854659,-0.37594127832941504,0.043946574752261956,0.03532959931064197,0.5635501938819474,0.5394226626454115,0.4928909952606635,0.8147350280051702,0.3813011632916846,25.640382505745297,2026-09-29 15:44:06
832,1218,1218.TW,泰山,食品工業,14.449999809265137,14.439999771118163,12.45462475317174,2.8933558531174244,-5.4319384407140126,-5.497383716531368,0.13859934625659598,-1.289424756963553,1.4035074334395559,0.1925894011202068,0.07970702283498492,0.1874192158552348,0.15898319689788884,0.5674278328306764,0.8367083153813012,0.5807841447651875,25.466025419299566,2026-09-29 15:44:06
833,00864BO,00864B.TWO,中信美國公債0-1,nan,46.150001525878906,46.066000366210936,4.156309983502902,1.6419569949562312,-0.7889562892570701,-0.9695379241005386,0.4560269777035275,-0.3619797439118333,0.6982319049513653,0.007755277897457992,0.018957345971563982,0.5247738043946575,0.48987505385609653,0.6031882809133994,0.9151227919000431,0.5178802240413615,25.327823946073725,2026-09-29 15:44:06
834,3531O,3531.TWO,先益,光電業,21.25,21.160000228881835,11.712052266432591,2.7039800073269413,-3.0270763051532756,-3.437784113962472,-0.293254239645635,-1.6232974244014708,-0.4683858533160484,0.16889271865575184,0.06376561826798793,0.34510986643688063,0.26669538991813874,0.5053856096510125,0.7884532529082292,0.36794485135717364,25.305557980279293,2026-09-29 15:44:06
835,3130,3130.TW,一零四,數位雲端,209.0,208.8,4.611178493334137,1.4348727883777748,0.003987399816574033,-0.09171019578132489,-0.09560229445506607,-0.8072472034155731,0.0,0.01034037052994399,0.012063765618267988,0.5751831107281344,0.5540715208961654,0.5333907798362775,0.8832399827660491,0.43408013787160704,25.24704563620524,2026-09-29 15:44:06
836,00882,00882.TW,中信中國高股息,nan,14.850000381469727,14.795999908447266,5.779755505370868,2.4165206090723723,-0.8766437494021617,-1.2370954657391797,-0.04374904309198957,-1.2370624135429997,0.3378391222330155,0.025850926324859975,0.05084015510555795,0.5196036191296854,0.46488582507539855,0.5394226626454115,0.8410168031021111,0.48190435157259803,25.212373383389995,2026-09-29 15:44:06
837,4804O,4804.TWO,大略-KY,觀光餐旅,3.2699999809265137,3.2699999809265137,0.0,0.0,0.0,0.0,0.0,0.0,0.0,0.0008616975441619991,0.0006462731581214993,0.574536837570013,0.5616113744075829,0.546962516156829,0.9338647134855665,0.43408013787160704,25.139890999980448,2026-09-29 15:44:06
838,1589,1589.TW,永冠-KY,電機機械,5.539999961853027,5.539999961853027,0.0,0.0,0.0,0.0,0.0,0.0,0.0,0.0008616975441619991,0.0006462731581214993,0.574536837570013,0.5616113744075829,0.546962516156829,0.9338647134855665,0.43408013787160704,25.139890999980448,2026-09-29 15:44:06
839,5523O,5523.TWO,豐謙,建材營造業,30.350000381469727,30.350000381469727,0.0,4.0036502696088417e-07,-0.024704900433969446,-0.024704900433969446,0.0,-2.0018251500886208e-07,0.0,0.0008616975441619991,0.0012925463162429987,0.5725980180956485,0.5596725549332184,0.546962516156829,0.933218440327445,0.43408013787160704,25.108818230105197,2026-09-29 15:44:06
840,9905,9905.TW,大華,其他業,21.200000762939453,21.200000762939453,5.676865771311921,2.0749359698100562,0.4223771691654221,0.4223771691654221,-0.5861637827779154,-1.6069600714118337,-0.7025743131155275,0.024127531236535976,0.03059026281775097,0.5954330030159414,0.5868160275743214,0.46186988367083154,0.7923308918569582,0.34424816889271864,25.074708720660254,2026-09-29 15:44:06
841,8433O,8433.TWO,弘帆,居家生活,53.0,52.94000015258789,6.487706897106836,6.53071540424289,-2.099624085435381,-2.2104544178214502,-1.5875961840447372,-4.699498451518447,-0.5628503590145485,0.03360620422231796,0.3498492029297717,0.41663076260232657,0.3787160706591986,0.31107281344248167,0.4071520896165446,0.35631193451098664,25.06141552934157,2026-09-29 15:44:06
842,2947O,2947.TWO,振宇五金,居家生活,60.400001525878906,60.400000762939456,13.343918567291139,4.226352207712149,-4.78374070148856,-4.783741904207739,-0.8535767038368336,-2.905357487534732,-2.265368492661862,0.21844032744506678,0.18828091339939682,0.22964239551917276,0.1912968548039638,0.4174924601464886,0.6165445928479104,0.16415338216286082,24.93295444366801,2026-09-29 15:44:06
843,2496,2496.TW,卓越,其他業,55.099998474121094,54.939999389648435,7.6220819379936025,1.7358704957241096,-1.8967548336423778,-2.181626518671298,0.4100203474041164,-0.45397469407171265,0.9157509413429495,0.05170185264971995,0.02111158983196898,0.42955622576475655,0.3808703145196036,0.5997414907367514,0.9121068504954761,0.5372684187850064,24.76956696301199,2026-09-29 15:44:06
844,9911,9911.TW,櫻花,居家生活,81.5999984741211,81.5,6.83230992302994,2.289498665036215,-1.0529312269946356,-1.1741880417137418,-0.2079021670713277,-1.337342282734355,-0.244504364517161,0.04006893580353296,0.04222317966393796,0.5066781559672555,0.4709177078845325,0.5170185264971995,0.8293838862559242,0.4039207238259371,24.737552829803008,2026-09-29 15:44:06
845,8916O,8916.TWO,光隆,其他業,41.099998474121094,40.92999954223633,7.573262106899517,1.3726978430222148,-1.5608195301852978,-1.9679863466516512,0.3295459841176074,-0.3543707177937616,0.24389871736852134,0.04997845756139595,0.01120206807410599,0.46100818612666955,0.4019819043515726,0.5889702714347264,0.9159844894442051,0.46876346402412755,24.64610054891077,2026-09-29 15:44:06
846,6281,6281.TW,全國電,電子通路業,51.20000076293945,51.04000015258789,4.868914083815282,1.6394298579878313,-0.5406789648841004,-0.851490524134868,-0.04880280538906989,-0.861456248903969,-0.19492880235532647,0.014648858250753986,0.01852649719948298,0.5415769065058165,0.5010771219302025,0.5385609651012495,0.8785006462731582,0.4131839724256786,24.54785644826363,2026-09-29 15:44:06
847,1720,1720.TW,生達,生技醫療業,56.099998474121094,56.07999954223633,6.7328300772383,1.3340696687549016,-1.2300256093895068,-1.2652358418997478,-0.026733471874074155,-0.6891712936543115,0.1785687037876674,0.037914691943127965,0.00904782421370099,0.4890133563119345,0.46186988367083154,0.5424386040499785,0.8909952606635071,0.46143903489875054,24.479632242798914,2026-09-29 15:44:06
848,2105,2105.TW,正新,橡膠工業,30.100000381469727,30.070000076293944,9.896369882803418,5.320687129335774,-3.419876352237461,-3.5161365896669405,-1.027537074945395,-3.5923127778061725,-0.9868396079771092,0.1034037052994399,0.2636794485135717,0.3222748815165877,0.26109435588108576,0.3899181387333046,0.5320982335200345,0.3127962085308057,24.465514386080436,2026-09-29 15:44:06
849,7708O,7708.TWO,全家餐飲,觀光餐旅,91.9000015258789,91.84000091552734,3.840146187732602,0.865732026366524,-0.7987900799369285,-0.8635575776952509,-0.021757303276648265,-0.45266388833336,0.0,0.005170185264971995,0.0017233950883239983,0.5234812580784145,0.4997845756139595,0.5433003015941404,0.9125376992675571,0.43408013787160704,23.94365937854356,2026-09-29 15:44:06
850,3611O,3611.TWO,鼎翰,電腦及週邊設備業,183.0,182.8,7.003206840953781,1.9630740306287895,-2.165196471531683,-2.2721197540764515,0.28771064529387047,-0.6870824019199584,0.5494505494505495,0.04179233089185696,0.027574321413183972,0.4105988797931926,0.3731150366221456,0.5838000861697544,0.8914261094355881,0.5062473071951745,23.839588161062025,2026-09-29 15:44:06
851,1586O,1586.TWO,和勤,電機機械,18.0,17.980000305175782,6.293510227527678,1.341869202256084,-1.423877705040033,-1.5334050585319225,-0.06939678168632613,-0.7353973475538567,0.0,0.03188280913399397,0.00990952175786299,0.47393364928909953,0.4386040499784576,0.5364067212408444,0.8875484704868591,0.43408013787160704,23.671291587318553,2026-09-29 15:44:06
852,00694BO,00694B.TWO,富邦美債1-3年,nan,41.58000183105469,41.560000610351565,3.535198390257514,1.0663046939305683,-1.0655594149601044,-1.1131498308845966,-0.009615176315791452,-0.5398890919165122,0.2410855591175542,0.003877638948728996,0.004308487720809996,0.5053856096510125,0.47436449806118053,0.5454545454545454,0.9060749676863421,0.46833261525204656,23.65199493562086,2026-09-29 15:44:06
853,1788O,1788.TWO,杏昌,生技醫療業,128.0,127.8,3.4203906569545093,1.365467493528668,-1.0564287554754026,-1.211028085544974,-0.13653208503999759,-0.8137103565989179,0.0,0.0034467901766479965,0.010771219302024989,0.5058164584230935,0.4679017664799655,0.5290822921154674,0.8828091339939681,0.43408013787160704,23.2721276009441,2026-09-29 15:44:06
854,6203O,6203.TWO,海韻電,電子零組件業,59.900001525878906,59.78000030517578,9.88509083733734,2.775159755039944,-3.617686151086452,-3.8107745487731215,-0.10006422986973407,-1.467284364797783,0.0,0.1029728565273589,0.07022834984920293,0.3123653597587247,0.24127531236535976,0.5329599310641965,0.8151658767772512,0.43408013787160704,23.247076444459793,2026-09-29 15:44:06
855,00859BO,00859B.TWO,群益0-1年美債,nan,40.61000061035156,40.53600006103515,6.560800721617814,2.1405986238876653,-1.4033196729698272,-1.5829849868165602,-0.4254144902675838,-1.4798747133369372,-0.806052827129636,0.034467901766479965,0.034467901766479965,0.47738043946574754,0.4351572598018096,0.48556656613528654,0.8134424816889272,0.33520034467901766,22.940251643275474,2026-09-29 15:44:06
856,7753O,7753.TWO,星亞,光電業,35.599998474121094,35.54999923706055,12.990686021710522,4.633110994820628,-6.553508061733016,-6.684751137664446,-1.2277207799915923,-3.4640300977407446,-1.6574648513063703,0.21025420077552778,0.21499353726841877,0.13313227057302887,0.11676001723395088,0.36062042223179663,0.5458853942266264,0.22619560534252478,22.760085593007293,2026-09-29 15:44:06
857,8446O,8446.TWO,華研,文化創意業,84.4000015258789,84.39999847412109,7.425711990256728,2.7815167319756626,-1.4191409173335834,-1.4191444818466348,-0.8516855676460211,-2.2116847430407427,-1.8604633420012717,0.04739336492890995,0.07109004739336493,0.47436449806118053,0.44679017664799653,0.4187850064627316,0.7044377423524343,0.20809995691512279,22.412771795323025,2026-09-29 15:44:06
858,2904,2904.TW,匯僑,其他業,12.600000381469727,12.59000015258789,8.238709033466657,3.715077518318593,-3.9999969773065414,-4.076189197450885,-0.4149348194226077,-2.2310313073194643,0.39840788824669754,0.06333476949590694,0.14562688496337786,0.2873761309780267,0.22533390779836276,0.4881516587677725,0.7022834984920293,0.4881516587677725,22.347586922715415,2026-09-29 15:44:06
859,6803O,6803.TWO,崑鼎,綠能環保,266.5,266.4,5.273179576665779,2.6613859453596933,-1.372397841171924,-1.4094063222821918,-0.8372093023255811,-2.1394329905450538,-1.2962962962962963,0.01981904351572598,0.061611374407582936,0.4791038345540715,0.44851357173632056,0.4200775527789746,0.7152089616544592,0.2770357604480827,21.73209608627805,2026-09-29 15:44:06
860,8929O,8929.TWO,富堡,其他業,12.899999618530273,12.879999923706055,9.989850324644761,3.2151535831358102,-4.017859595234341,-4.166666848989065,-0.7501471206349253,-2.32042135700109,-0.386101864643198,0.1055579491598449,0.1016803102111159,0.2852218871176217,0.2214562688496338,0.43343386471348555,0.6906505816458423,0.37957776820336064,21.63534053261041,2026-09-29 15:44:06
861,6968O,6968.TWO,萬達寵物,居家生活,41.54999923706055,41.54999923706055,3.6356993019880184,1.1587813525731598,-1.7967216163056965,-1.7967216163056965,-0.1981645086944317,-0.7730760544012116,-0.3597158828165273,0.004308487720809996,0.006893580353295993,0.44118914261094355,0.4174924601464886,0.5178802240413615,0.8853942266264541,0.3851788022404136,21.606046757905776,2026-09-29 15:44:06
862,8049O,8049.TWO,晶采,光電業,24.5,24.47000045776367,6.275095386321709,1.3358965113396974,-3.30855735171085,-3.4269532299810113,0.08169926842700459,-0.5823591295949782,0.20449585071724888,0.03102111158983197,0.009478672985781991,0.32830676432572165,0.2688496337785437,0.5601034037052994,0.9026281775096942,0.4670400689358035,20.710423827705714,2026-09-29 15:44:06
863,6248O,6248.TWO,沛波,鋼鐵工業,16.850000381469727,16.809999847412108,6.235776153548253,2.4990438050028896,-3.6362751198782295,-3.8650347858557588,-0.19250409779154598,-1.424229935309318,0.29762587309455296,0.03059026281775097,0.05342524773804395,0.3102111158983197,0.23869021973287377,0.5204653166738474,0.8216286083584662,0.4760878931495045,20.416713281008054,2026-09-29 15:44:06
864,8279O,8279.TWO,生展,生技醫療業,78.69999694824219,78.33999786376953,10.031755438134537,3.145825772704202,-6.795889793677922,-7.222235354598738,-0.228197051014567,-1.7732187511269815,0.0,0.1077121930202499,0.0956484274019819,0.12365359758724688,0.10211115898319689,0.5148642826367945,0.7664799655320982,0.43408013787160704,19.902788546403794,2026-09-29 15:44:06
865,6961O,6961.TWO,旅天下,觀光餐旅,47.650001525878906,47.41999969482422,7.408692160983536,9.479595395697235,-6.736255488664,-7.186430332771277,-2.66571014168302,-7.07038585361307,-3.542510012035601,0.046962516156828955,0.5243429556225765,0.12580784144765186,0.1034037052994399,0.1809564842740198,0.22533390779836276,0.0973718224903059,19.8338667466229,2026-09-29 15:44:06
866,6220O,6220.TWO,岳豐,電子零組件業,25.25,25.179999923706056,8.4267281014244,4.579339454993221,-7.537381428699819,-7.79371371996036,-0.941545555952128,-3.1588871995156587,-1.1741653464529063,0.06807410598879793,0.21068504954760878,0.10641964670400689,0.09090909090909091,0.4054286945282206,0.5825075398535114,0.2899612236105127,18.052029332985207,2026-09-29 15:44:06
