Rank,ID,Ticker,Name,Industry,Close,AI_Potential_Score,Tag,RSI14,Hist_Vol,MA_Compression,Drawdown_52W,Rebound_Space,P_to_MA60,P_to_MA120,Volume_Ratio,Reason,Risk,Updated_At
1,8271,8271.TW,宇瞻,半導體業,202.0,95,護城河價值型,42.0,28.27,6.42,-22.46,28.96,-5.61,-6.36,0.94,股價距離52週高點有修復空間、潛在反彈空間較大、RSI位於低檔整理區,仍低於中長期均線，需耐心等待,2026-10-08 16:44:20
2,4555,4555.TW,氣立,電機機械,42.25,95,護城河價值型,44.41,26.65,6.42,-27.28,37.51,-5.63,-7.54,1.36,股價距離52週高點有修復空間、潛在反彈空間較大、RSI位於低檔整理區,仍低於中長期均線，需耐心等待,2026-10-08 16:44:20
3,5392O,5392.TWO,能率,光電業,38.95000076293945,95,護城河價值型,36.12,18.4,6.33,-24.47,32.4,-7.26,-7.69,1.04,股價距離52週高點有修復空間、潛在反彈空間較大、RSI位於低檔整理區,仍低於中長期均線，需耐心等待,2026-10-08 16:44:20
4,00665L,00665L.TW,富邦恒生國企正2,nan,8.640000343322754,95,護城河價值型,39.91,25.24,5.03,-29.06,40.97,-6.69,-6.82,0.86,股價距離52週高點有修復空間、潛在反彈空間較大、RSI位於低檔整理區,仍低於中長期均線，需耐心等待,2026-10-08 16:44:20
5,2417,2417.TW,圓剛,電腦及週邊設備業,37.900001525878906,90,護城河價值型,35.45,18.85,6.44,-33.39,50.13,-7.72,-13.87,1.19,股價距離52週高點有修復空間、潛在反彈空間較大、RSI位於低檔整理區,仍低於中長期均線，需耐心等待,2026-10-08 16:44:20
6,3669,3669.TW,圓展,通信網路業,32.20000076293945,90,護城河價值型,36.64,14.96,9.44,-25.29,33.85,-9.69,-11.96,1.41,股價距離52週高點有修復空間、潛在反彈空間較大、RSI位於低檔整理區,仍低於中長期均線，需耐心等待,2026-10-08 16:44:20
7,7402O,7402.TWO,邑錡,光電業,99.5999984741211,90,護城河價值型,42.48,20.03,6.54,-30.83,44.58,-6.49,-8.15,0.85,股價距離52週高點有修復空間、潛在反彈空間較大、RSI位於低檔整理區,仍低於中長期均線，需耐心等待,2026-10-08 16:44:20
8,6928,6928.TW,攸泰科技,電腦及週邊設備業,45.0,90,護城河價值型,41.86,31.47,6.26,-22.55,29.11,-7.0,-7.18,1.19,股價距離52週高點有修復空間、潛在反彈空間較大、RSI位於低檔整理區,仍低於中長期均線，需耐心等待,2026-10-08 16:44:20
9,4973O,4973.TWO,廣穎,半導體業,135.5,90,護城河價值型,39.76,24.87,6.5,-35.48,54.98,-6.72,-5.1,1.11,股價距離52週高點有修復空間、潛在反彈空間較大、RSI位於低檔整理區,仍低於中長期均線，需耐心等待,2026-10-08 16:44:20
10,6947,6947.TW,台鎔科技,綠能環保,68.0999984741211,90,護城河價值型,43.79,16.73,6.14,-27.55,38.03,-5.79,-12.92,1.04,股價距離52週高點有修復空間、潛在反彈空間較大、RSI位於低檔整理區,仍低於中長期均線，需耐心等待,2026-10-08 16:44:20
11,8222,8222.TW,寶一,電機機械,35.04999923706055,90,護城河價值型,40.09,18.25,6.27,-25.98,35.09,-6.4,-5.72,0.93,股價距離52週高點有修復空間、潛在反彈空間較大、RSI位於低檔整理區,仍低於中長期均線，需耐心等待,2026-10-08 16:44:20
12,4564,4564.TW,元翎,電機機械,15.850000381469727,90,護城河價值型,43.13,15.36,5.99,-26.62,36.28,-6.06,-6.56,0.94,股價距離52週高點有修復空間、潛在反彈空間較大、RSI位於低檔整理區,仍低於中長期均線，需耐心等待,2026-10-08 16:44:20
13,00650L,00650L.TW,復華香港正2,nan,15.520000457763672,90,護城河價值型,37.98,25.62,5.64,-24.51,32.47,-7.72,-6.76,0.7,股價距離52週高點有修復空間、潛在反彈空間較大、RSI位於低檔整理區,仍低於中長期均線，需耐心等待,2026-10-08 16:44:20
14,2349,2349.TW,錸德,光電業,10.300000190734863,90,護城河價值型,40.17,19.94,4.51,-36.81,58.25,-5.16,-14.44,0.83,股價距離52週高點有修復空間、潛在反彈空間較大、RSI位於低檔整理區,仍低於中長期均線，需耐心等待,2026-10-08 16:44:20
15,6138O,6138.TWO,茂達,半導體業,270.5,90,護城河價值型,42.73,32.31,4.98,-38.52,62.66,-6.23,-10.46,2.01,股價距離52週高點有修復空間、潛在反彈空間較大、RSI位於低檔整理區,仍低於中長期均線，需耐心等待,2026-10-08 16:44:20
16,5289O,5289.TWO,宜鼎,電腦及週邊設備業,1260.0,90,護城河價值型,38.12,30.08,5.93,-35.42,54.85,-7.54,-14.85,1.06,股價距離52週高點有修復空間、潛在反彈空間較大、RSI位於低檔整理區,仍低於中長期均線，需耐心等待,2026-10-08 16:44:20
17,6104O,6104.TWO,創惟,半導體業,87.5,90,護城河價值型,35.42,21.74,3.21,-22.57,29.14,-6.05,-9.6,1.24,股價距離52週高點有修復空間、潛在反彈空間較大、RSI位於低檔整理區,仍低於中長期均線，需耐心等待,2026-10-08 16:44:20
18,2012,2012.TW,春雨,鋼鐵工業,14.0,90,護城河價值型,35.91,13.73,4.97,-20.0,25.0,-5.9,-6.46,0.9,股價距離52週高點有修復空間、潛在反彈空間較大、RSI位於低檔整理區,仍低於中長期均線，需耐心等待,2026-10-08 16:44:20
19,6109O,6109.TWO,亞元,通信網路業,10.300000190734863,90,護城河價值型,36.28,14.21,5.87,-27.46,37.86,-6.53,-10.26,0.96,股價距離52週高點有修復空間、潛在反彈空間較大、RSI位於低檔整理區,仍低於中長期均線，需耐心等待,2026-10-08 16:44:20
20,3687O,3687.TWO,歐買尬,數位雲端,60.70000076293945,90,護城河價值型,37.36,10.74,6.73,-28.59,40.03,-6.36,-11.23,1.08,股價距離52週高點有修復空間、潛在反彈空間較大、RSI位於低檔整理區,仍低於中長期均線，需耐心等待,2026-10-08 16:44:20
21,3596,3596.TW,智易,通信網路業,157.0,90,護城河價值型,49.94,18.32,7.39,-25.94,35.03,-5.34,-10.03,1.0,股價距離52週高點有修復空間、潛在反彈空間較大、RSI位於低檔整理區,仍低於中長期均線，需耐心等待,2026-10-08 16:44:20
22,8076O,8076.TWO,伍豐,電腦及週邊設備業,21.350000381469727,90,護城河價值型,39.83,17.34,5.09,-25.35,33.96,-5.69,-9.86,0.93,股價距離52週高點有修復空間、潛在反彈空間較大、RSI位於低檔整理區,仍低於中長期均線，需耐心等待,2026-10-08 16:44:20
23,4513O,4513.TWO,福裕,電機機械,16.200000762939453,88,護城河價值型,48.59,19.97,7.86,-28.95,40.74,-6.24,-1.58,0.97,股價距離52週高點有修復空間、潛在反彈空間較大、RSI位於低檔整理區,仍低於中長期均線，需耐心等待,2026-10-08 16:44:20
24,1810,1810.TW,和成,玻璃陶瓷,23.399999618530273,88,護城河價值型,41.39,18.22,6.6,-31.48,45.94,-7.67,3.3,0.87,股價距離52週高點有修復空間、潛在反彈空間較大、RSI位於低檔整理區,仍需觀察技術面是否轉強,2026-10-08 16:44:20
25,1736,1736.TW,喬山,運動休閒,122.0,88,護城河價值型,42.75,29.44,3.35,-26.95,36.89,-5.64,-2.43,2.17,股價距離52週高點有修復空間、潛在反彈空間較大、RSI位於低檔整理區,仍低於中長期均線，需耐心等待,2026-10-08 16:44:20
26,8033,8033.TW,雷虎,其他業,174.0,88,護城河價值型,48.85,25.42,7.13,-35.44,54.89,-5.51,3.49,1.21,股價距離52週高點有修復空間、潛在反彈空間較大、RSI位於低檔整理區,仍需觀察技術面是否轉強,2026-10-08 16:44:20
27,3530,3530.TW,晶相光,半導體業,58.599998474121094,87,護城河價值型,51.51,22.26,2.84,-25.82,34.81,2.4,-5.65,1.1,股價距離52週高點有修復空間、潛在反彈空間較大、RSI位於低檔整理區,仍低於中長期均線，需耐心等待,2026-10-08 16:44:20
28,3607,3607.TW,谷崧,電子零組件業,14.0,87,護城河價值型,54.34,15.14,2.57,-23.5,30.71,-0.73,-6.0,2.06,股價距離52週高點有修復空間、潛在反彈空間較大、RSI位於低檔整理區,仍低於中長期均線，需耐心等待,2026-10-08 16:44:20
29,3059,3059.TW,華晶科,光電業,38.54999923706055,87,護城河價值型,49.7,16.32,3.49,-24.41,32.3,-2.16,-7.89,1.08,股價距離52週高點有修復空間、潛在反彈空間較大、RSI位於低檔整理區,仍低於中長期均線，需耐心等待,2026-10-08 16:44:20
30,5215,5215.TW,科嘉-KY,電腦及週邊設備業,37.70000076293945,87,護城河價值型,44.6,18.33,2.41,-25.05,33.42,-2.75,-8.05,0.88,股價距離52週高點有修復空間、潛在反彈空間較大、RSI位於低檔整理區,仍低於中長期均線，需耐心等待,2026-10-08 16:44:20
31,8032O,8032.TWO,光菱,電子通路業,36.150001525878906,87,護城河價值型,53.01,14.68,1.41,-24.53,32.5,0.26,-8.08,0.95,股價距離52週高點有修復空間、潛在反彈空間較大、RSI位於低檔整理區,仍低於中長期均線，需耐心等待,2026-10-08 16:44:20
32,5522,5522.TW,遠雄,建材營造業,61.20000076293945,87,護城河價值型,46.54,18.49,4.54,-25.55,34.31,-3.71,-8.73,0.82,股價距離52週高點有修復空間、潛在反彈空間較大、RSI位於低檔整理區,仍低於中長期均線，需耐心等待,2026-10-08 16:44:20
33,5222,5222.TW,全訊,半導體業,103.0,87,護城河價值型,44.18,22.42,0.97,-28.07,39.02,-2.02,-6.29,1.77,股價距離52週高點有修復空間、潛在反彈空間較大、RSI位於低檔整理區,仍低於中長期均線，需耐心等待,2026-10-08 16:44:20
34,5438O,5438.TWO,東友,電腦及週邊設備業,17.100000381469727,87,護城河價值型,54.2,16.66,1.6,-29.48,41.81,0.3,-5.46,0.91,股價距離52週高點有修復空間、潛在反彈空間較大、RSI位於低檔整理區,仍低於中長期均線，需耐心等待,2026-10-08 16:44:20
35,6134O,6134.TWO,萬旭,電子零組件業,28.350000381469727,87,護城河價值型,45.08,18.36,3.67,-28.77,40.39,1.63,-7.02,1.31,股價距離52週高點有修復空間、潛在反彈空間較大、RSI位於低檔整理區,仍低於中長期均線，需耐心等待,2026-10-08 16:44:20
36,8390O,8390.TWO,金益鼎,綠能環保,91.80000305175781,87,護城河價值型,46.1,27.56,5.2,-29.11,41.07,-3.57,-9.31,1.1,股價距離52週高點有修復空間、潛在反彈空間較大、RSI位於低檔整理區,仍低於中長期均線，需耐心等待,2026-10-08 16:44:20
37,6229O,6229.TWO,研通,半導體業,23.899999618530273,87,護城河價值型,52.12,10.24,1.05,-23.27,30.33,0.82,-5.59,1.29,股價距離52週高點有修復空間、潛在反彈空間較大、RSI位於低檔整理區,仍低於中長期均線，需耐心等待,2026-10-08 16:44:20
38,3545,3545.TW,敦泰,半導體業,49.5,87,護城河價值型,43.02,22.92,2.15,-21.3,27.07,-1.09,-6.72,1.23,股價距離52週高點有修復空間、潛在反彈空間較大、RSI位於低檔整理區,仍低於中長期均線，需耐心等待,2026-10-08 16:44:20
39,6215,6215.TW,和椿,其他電子業,97.0,87,護城河價值型,46.55,21.84,0.31,-28.15,39.18,-0.74,-8.53,0.94,股價距離52週高點有修復空間、潛在反彈空間較大、RSI位於低檔整理區,仍低於中長期均線，需耐心等待,2026-10-08 16:44:20
40,1514,1514.TW,亞力,電機機械,103.5,87,護城河價值型,54.12,19.91,0.76,-29.38,41.61,1.56,-6.16,1.84,股價距離52週高點有修復空間、潛在反彈空間較大、RSI位於低檔整理區,仍低於中長期均線，需耐心等待,2026-10-08 16:44:20
41,2540,2540.TW,愛山林,建材營造業,48.75,87,護城河價值型,50.54,29.75,3.42,-20.08,25.13,-2.79,-6.55,0.89,股價距離52週高點有修復空間、潛在反彈空間較大、RSI位於低檔整理區,仍低於中長期均線，需耐心等待,2026-10-08 16:44:20
42,1466,1466.TW,聚隆,紡織纖維,14.550000190734863,85,護城河價值型,39.36,18.45,8.77,-27.07,37.11,-8.72,-7.19,1.13,股價距離52週高點有修復空間、潛在反彈空間較大、RSI位於低檔整理區,仍低於中長期均線，需耐心等待,2026-10-08 16:44:20
43,8906O,8906.TWO,花王,其他業,28.649999618530273,85,護城河價值型,48.84,18.08,3.86,-28.2,39.27,2.88,5.3,1.14,股價距離52週高點有修復空間、潛在反彈空間較大、RSI位於低檔整理區,仍需觀察技術面是否轉強,2026-10-08 16:44:20
44,2101,2101.TW,南港,橡膠工業,29.75,85,護城河價值型,42.42,18.33,8.17,-24.59,32.61,-7.14,-7.99,1.28,股價距離52週高點有修復空間、潛在反彈空間較大、RSI位於低檔整理區,仍低於中長期均線，需耐心等待,2026-10-08 16:44:20
45,5516O,5516.TWO,雙喜,建材營造業,11.949999809265137,85,護城河價值型,50.85,27.3,2.74,-28.66,40.17,2.33,5.69,1.79,股價距離52週高點有修復空間、潛在反彈空間較大、RSI位於低檔整理區,仍需觀察技術面是否轉強,2026-10-08 16:44:20
46,2070O,2070.TWO,精湛,電機機械,62.29999923706055,85,護城河價值型,50.45,19.1,4.07,-24.39,32.26,4.29,0.71,0.81,股價距離52週高點有修復空間、潛在反彈空間較大、RSI位於低檔整理區,仍需觀察技術面是否轉強,2026-10-08 16:44:20
47,2613,2613.TW,中櫃,航運業,21.950000762939453,85,護城河價值型,46.04,16.95,1.86,-20.9,26.42,0.72,0.12,0.98,股價距離52週高點有修復空間、潛在反彈空間較大、RSI位於低檔整理區,仍需觀察技術面是否轉強,2026-10-08 16:44:20
48,3209,3209.TW,全科,電子通路業,46.5,85,護城河價值型,48.41,21.14,8.65,-40.02,66.72,-6.33,-15.25,1.74,股價距離52週高點有修復空間、潛在反彈空間較大、RSI位於低檔整理區,仍低於中長期均線，需耐心等待,2026-10-08 16:44:20
49,6573,6573.TW,虹揚-KY,半導體業,15.899999618530273,85,護城河價值型,43.18,30.99,7.76,-43.11,75.79,-8.54,-6.18,0.71,股價距離52週高點有修復空間、潛在反彈空間較大、RSI位於低檔整理區,仍低於中長期均線，需耐心等待,2026-10-08 16:44:20
50,5388,5388.TW,中磊,通信網路業,74.0,85,護城河價值型,49.93,22.93,9.56,-25.55,34.32,-6.72,-8.71,2.38,股價距離52週高點有修復空間、潛在反彈空間較大、RSI位於低檔整理區,仍低於中長期均線，需耐心等待,2026-10-08 16:44:20
51,6585,6585.TW,鼎基,其他業,105.0,85,護城河價值型,43.96,25.81,8.29,-30.23,43.33,-7.25,-5.35,2.04,股價距離52週高點有修復空間、潛在反彈空間較大、RSI位於低檔整理區,仍低於中長期均線，需耐心等待,2026-10-08 16:44:20
52,5531,5531.TW,鄉林,建材營造業,7.010000228881836,85,護城河價值型,47.4,28.43,6.88,-25.43,34.09,-5.14,-9.57,0.72,股價距離52週高點有修復空間、潛在反彈空間較大、RSI位於低檔整理區,仍低於中長期均線，需耐心等待,2026-10-08 16:44:20
53,1201,1201.TW,味全,食品工業,11.449999809265137,85,護城河價值型,35.23,19.88,5.08,-25.16,33.62,-5.58,-6.71,0.76,股價距離52週高點有修復空間、潛在反彈空間較大、RSI位於低檔整理區,仍低於中長期均線，需耐心等待,2026-10-08 16:44:20
54,5450O,5450.TWO,南良,其他業,14.600000381469727,85,護城河價值型,47.78,17.53,2.29,-22.13,28.42,-2.34,1.55,3.22,股價距離52週高點有修復空間、潛在反彈空間較大、RSI位於低檔整理區,仍需觀察技術面是否轉強,2026-10-08 16:44:20
55,2365,2365.TW,昆盈,電腦及週邊設備業,27.850000381469727,85,護城河價值型,41.49,22.45,4.36,-33.69,50.81,-5.18,-13.78,0.83,股價距離52週高點有修復空間、潛在反彈空間較大、RSI位於低檔整理區,仍低於中長期均線，需耐心等待,2026-10-08 16:44:20
56,1760,1760.TW,寶齡富錦,生技醫療業,54.29999923706055,85,護城河價值型,41.92,14.67,6.25,-22.21,28.55,-5.52,-9.36,0.72,股價距離52週高點有修復空間、潛在反彈空間較大、RSI位於低檔整理區,仍低於中長期均線，需耐心等待,2026-10-08 16:44:20
57,3685O,3685.TWO,元創精密,電機機械,35.29999923706055,85,護城河價值型,45.45,24.74,3.82,-22.84,29.6,-3.96,6.01,1.13,股價距離52週高點有修復空間、潛在反彈空間較大、RSI位於低檔整理區,仍需觀察技術面是否轉強,2026-10-08 16:44:20
58,2458,2458.TW,義隆,半導體業,134.0,85,護城河價值型,47.56,31.86,9.32,-29.1,41.04,-7.05,-11.34,0.75,股價距離52週高點有修復空間、潛在反彈空間較大、RSI位於低檔整理區,仍低於中長期均線，需耐心等待,2026-10-08 16:44:20
59,4123O,4123.TWO,晟德,生技醫療業,31.100000381469727,85,護城河價值型,46.66,15.98,7.35,-33.84,51.14,-6.06,-10.74,0.81,股價距離52週高點有修復空間、潛在反彈空間較大、RSI位於低檔整理區,仍低於中長期均線，需耐心等待,2026-10-08 16:44:20
60,6180O,6180.TWO,橘子,文化創意業,39.650001525878906,85,護城河價值型,35.93,20.1,2.12,-37.76,60.66,-5.11,-6.81,2.75,股價距離52週高點有修復空間、潛在反彈空間較大、RSI位於低檔整理區,仍低於中長期均線，需耐心等待,2026-10-08 16:44:20
61,6169O,6169.TWO,昱泉,文化創意業,12.0,85,護城河價值型,42.66,20.01,6.46,-40.3,67.5,-6.1,-14.45,1.9,股價距離52週高點有修復空間、潛在反彈空間較大、RSI位於低檔整理區,仍低於中長期均線，需耐心等待,2026-10-08 16:44:20
62,1536,1536.TW,和大,汽車工業,46.54999923706055,85,護城河價值型,42.31,15.37,5.33,-28.71,40.28,-5.05,-7.0,0.74,股價距離52週高點有修復空間、潛在反彈空間較大、RSI位於低檔整理區,仍低於中長期均線，需耐心等待,2026-10-08 16:44:20
63,3150,3150.TW,鈺寶-創,半導體業,15.050000190734863,85,護城河價值型,36.68,27.21,6.74,-32.21,47.51,-8.23,-15.5,2.25,股價距離52週高點有修復空間、潛在反彈空間較大、RSI位於低檔整理區,仍低於中長期均線，需耐心等待,2026-10-08 16:44:20
64,2258,2258.TW,鴻華先進-創,汽車工業,30.899999618530273,85,護城河價值型,48.65,27.35,0.94,-28.97,40.78,-1.22,0.25,0.83,股價距離52週高點有修復空間、潛在反彈空間較大、RSI位於低檔整理區,仍需觀察技術面是否轉強,2026-10-08 16:44:20
65,7631,7631.TW,聚賢研發-創,其他電子業,140.5,85,護城河價值型,49.44,28.56,0.75,-20.62,25.98,0.07,2.02,0.89,股價距離52週高點有修復空間、潛在反彈空間較大、RSI位於低檔整理區,仍需觀察技術面是否轉強,2026-10-08 16:44:20
66,2514,2514.TW,龍邦,其他業,11.300000190734863,85,護城河價值型,38.47,17.77,5.15,-26.38,35.84,-6.2,-10.74,0.75,股價距離52週高點有修復空間、潛在反彈空間較大、RSI位於低檔整理區,仍低於中長期均線，需耐心等待,2026-10-08 16:44:20
67,8016,8016.TW,矽創,半導體業,289.5,85,護城河價值型,52.03,24.82,2.34,-20.25,25.39,-0.1,0.33,1.34,股價距離52週高點有修復空間、潛在反彈空間較大、RSI位於低檔整理區,仍需觀察技術面是否轉強,2026-10-08 16:44:20
68,00753L,00753L.TW,中信中國50正2,nan,8.550000190734863,85,護城河價值型,39.72,27.06,6.98,-38.53,62.69,-8.2,-10.49,0.97,股價距離52週高點有修復空間、潛在反彈空間較大、RSI位於低檔整理區,仍低於中長期均線，需耐心等待,2026-10-08 16:44:20
69,1517,1517.TW,利奇,電機機械,10.399999618530273,83,護城河價值型,43.03,18.11,7.32,-27.02,37.02,-6.36,-3.33,0.93,股價距離52週高點有修復空間、潛在反彈空間較大、RSI位於低檔整理區,仍低於中長期均線，需耐心等待,2026-10-08 16:44:20
70,2630,2630.TW,亞航,航運業,45.54999923706055,83,護城河價值型,35.12,20.14,7.87,-26.89,36.77,-8.85,-4.91,0.7,股價距離52週高點有修復空間、潛在反彈空間較大、RSI位於低檔整理區,仍低於中長期均線，需耐心等待,2026-10-08 16:44:20
71,1467,1467.TW,南緯,紡織纖維,8.210000038146973,83,護城河價值型,49.79,41.9,7.56,-21.81,27.89,-5.9,1.41,1.03,股價距離52週高點有修復空間、潛在反彈空間較大、RSI位於低檔整理區,仍需觀察技術面是否轉強,2026-10-08 16:44:20
72,1454,1454.TW,台富,紡織纖維,12.100000381469727,82,護城河價值型,41.38,23.51,2.59,-27.11,37.19,-3.42,-5.52,0.95,股價距離52週高點有修復空間、潛在反彈空間較大、RSI位於低檔整理區,仍低於中長期均線，需耐心等待,2026-10-08 16:44:20
73,6781,6781.TW,AES-KY,電子零組件業,1025.0,82,護城河價值型,47.56,23.88,2.01,-31.67,46.34,-1.41,-6.83,0.89,股價距離52週高點有修復空間、潛在反彈空間較大、RSI位於低檔整理區,仍低於中長期均線，需耐心等待,2026-10-08 16:44:20
74,1225,1225.TW,福懋油,食品工業,24.200000762939453,82,護城河價值型,44.73,23.64,3.47,-29.34,41.53,-3.76,-12.86,0.93,股價距離52週高點有修復空間、潛在反彈空間較大、RSI位於低檔整理區,仍低於中長期均線，需耐心等待,2026-10-08 16:44:20
75,1471,1471.TW,首利,電子零組件業,9.420000076293945,82,護城河價值型,45.26,17.49,2.09,-35.7,55.52,-2.15,-8.99,1.4,股價距離52週高點有修復空間、潛在反彈空間較大、RSI位於低檔整理區,仍低於中長期均線，需耐心等待,2026-10-08 16:44:20
76,1218,1218.TW,泰山,食品工業,14.449999809265137,82,護城河價值型,45.27,12.77,4.15,-26.28,35.64,-3.89,-13.68,0.91,股價距離52週高點有修復空間、潛在反彈空間較大、RSI位於低檔整理區,仍低於中長期均線，需耐心等待,2026-10-08 16:44:20
77,5284,5284.TW,jpp-KY,其他業,286.5,82,護城河價值型,39.77,27.79,1.62,-37.72,60.56,-4.94,-15.38,1.39,股價距離52週高點有修復空間、潛在反彈空間較大、RSI位於低檔整理區,仍低於中長期均線，需耐心等待,2026-10-08 16:44:20
78,6282,6282.TW,康舒,電子零組件業,44.04999923706055,82,護城河價值型,50.57,22.03,5.06,-37.78,60.73,-3.0,-13.08,1.06,股價距離52週高點有修復空間、潛在反彈空間較大、RSI位於低檔整理區,仍低於中長期均線，需耐心等待,2026-10-08 16:44:20
79,8034O,8034.TWO,榮群,通信網路業,19.299999237060547,82,護城河價值型,40.2,19.7,2.91,-33.45,50.26,-1.27,-10.58,1.08,股價距離52週高點有修復空間、潛在反彈空間較大、RSI位於低檔整理區,仍低於中長期均線，需耐心等待,2026-10-08 16:44:20
80,3413,3413.TW,京鼎,半導體業,288.5,82,護城河價值型,49.48,15.54,5.44,-24.48,32.41,-4.08,-7.0,1.21,股價距離52週高點有修復空間、潛在反彈空間較大、RSI位於低檔整理區,仍低於中長期均線，需耐心等待,2026-10-08 16:44:20
81,6776,6776.TW,展碁國際,電子通路業,52.400001525878906,82,護城河價值型,47.14,11.33,1.87,-28.71,40.27,-1.57,-5.65,0.85,股價距離52週高點有修復空間、潛在反彈空間較大、RSI位於低檔整理區,仍低於中長期均線，需耐心等待,2026-10-08 16:44:20
82,7721,7721.TW,微程式,數位雲端,61.400001525878906,82,護城河價值型,48.52,32.33,1.54,-33.19,49.67,-0.43,-10.53,0.91,股價距離52週高點有修復空間、潛在反彈空間較大、RSI位於低檔整理區,仍低於中長期均線，需耐心等待,2026-10-08 16:44:20
83,3587O,3587.TWO,閎康,其他電子業,246.0,82,護城河價值型,50.92,34.83,2.32,-37.88,60.98,-0.35,-13.17,1.16,股價距離52週高點有修復空間、潛在反彈空間較大、RSI位於低檔整理區,仍低於中長期均線，需耐心等待,2026-10-08 16:44:20
84,2457,2457.TW,飛宏,電子零組件業,22.0,82,護城河價值型,45.68,28.16,3.99,-42.93,75.23,-4.15,-11.93,0.86,股價距離52週高點有修復空間、潛在反彈空間較大、RSI位於低檔整理區,仍低於中長期均線，需耐心等待,2026-10-08 16:44:20
85,6462O,6462.TWO,神盾,半導體業,102.0,82,護城河價值型,52.2,27.06,3.09,-34.82,53.43,2.48,-8.38,0.88,股價距離52週高點有修復空間、潛在反彈空間較大、RSI位於低檔整理區,仍低於中長期均線，需耐心等待,2026-10-08 16:44:20
86,9943,9943.TW,好樂迪,觀光餐旅,50.099998474121094,82,護城河價值型,35.64,6.8,2.05,-22.69,29.34,-2.56,-6.76,1.24,股價距離52週高點有修復空間、潛在反彈空間較大、RSI位於低檔整理區,仍低於中長期均線，需耐心等待,2026-10-08 16:44:20
87,6732O,6732.TWO,昇佳電子,半導體業,153.0,82,護城河價值型,53.86,16.59,5.93,-28.5,39.87,-3.38,-6.3,0.82,股價距離52週高點有修復空間、潛在反彈空間較大、RSI位於低檔整理區,仍低於中長期均線，需耐心等待,2026-10-08 16:44:20
88,9902,9902.TW,台火,其他業,13.050000190734863,82,護城河價值型,38.62,12.05,3.31,-27.3,37.55,-3.84,-5.41,0.9,股價距離52週高點有修復空間、潛在反彈空間較大、RSI位於低檔整理區,仍低於中長期均線，需耐心等待,2026-10-08 16:44:20
89,6846O,6846.TWO,綠茵,食品工業,57.70000076293945,82,護城河價值型,42.69,24.54,2.11,-25.93,35.01,-3.09,-9.44,1.64,股價距離52週高點有修復空間、潛在反彈空間較大、RSI位於低檔整理區,仍低於中長期均線，需耐心等待,2026-10-08 16:44:20
90,00641R,00641R.TW,富邦日本反1,nan,3.5899999141693115,82,護城河價值型,39.19,14.67,1.91,-28.49,39.83,-3.17,-5.6,1.7,股價距離52週高點有修復空間、潛在反彈空間較大、RSI位於低檔整理區,仍低於中長期均線，需耐心等待,2026-10-08 16:44:20
91,1541,1541.TW,錩泰,電機機械,20.549999237060547,82,護城河價值型,38.46,16.0,2.72,-29.98,42.82,-4.3,-5.68,1.26,股價距離52週高點有修復空間、潛在反彈空間較大、RSI位於低檔整理區,仍低於中長期均線，需耐心等待,2026-10-08 16:44:20
92,6899O,6899.TWO,創為精密,光電業,49.29999923706055,82,護城河價值型,42.47,13.24,1.41,-25.42,34.08,-1.91,-9.47,1.19,股價距離52週高點有修復空間、潛在反彈空間較大、RSI位於低檔整理區,仍低於中長期均線，需耐心等待,2026-10-08 16:44:20
93,1524,1524.TW,耿鼎,汽車工業,26.100000381469727,82,護城河價值型,46.41,12.11,2.46,-26.99,36.97,-1.89,-6.86,1.71,股價距離52週高點有修復空間、潛在反彈空間較大、RSI位於低檔整理區,仍低於中長期均線，需耐心等待,2026-10-08 16:44:20
94,6791O,6791.TWO,虎門科技,資訊服務業,101.5,82,護城河價值型,54.95,21.56,1.07,-27.24,37.44,0.41,-5.67,1.52,股價距離52週高點有修復空間、潛在反彈空間較大、RSI位於低檔整理區,仍低於中長期均線，需耐心等待,2026-10-08 16:44:20
95,1533,1533.TW,車王電,汽車工業,30.549999237060547,82,護城河價值型,45.95,13.42,4.25,-24.75,32.9,-3.69,-9.76,1.78,股價距離52週高點有修復空間、潛在反彈空間較大、RSI位於低檔整理區,仍低於中長期均線，需耐心等待,2026-10-08 16:44:20
96,8163,8163.TW,達方,電腦及週邊設備業,29.899999618530273,82,護城河價值型,43.32,21.97,3.51,-34.0,51.51,-3.97,-11.16,1.83,股價距離52週高點有修復空間、潛在反彈空間較大、RSI位於低檔整理區,仍低於中長期均線，需耐心等待,2026-10-08 16:44:20
97,1582,1582.TW,信錦,電子零組件業,71.69999694824219,82,護城河價值型,49.38,17.48,1.48,-40.0,66.67,-0.34,-14.33,0.96,股價距離52週高點有修復空間、潛在反彈空間較大、RSI位於低檔整理區,仍低於中長期均線，需耐心等待,2026-10-08 16:44:20
98,8088O,8088.TWO,品安,半導體業,44.45000076293945,82,護城河價值型,53.6,30.12,5.22,-39.19,64.45,-1.6,-13.96,0.96,股價距離52週高點有修復空間、潛在反彈空間較大、RSI位於低檔整理區,仍低於中長期均線，需耐心等待,2026-10-08 16:44:20
99,2337,2337.TW,旺宏,半導體業,118.0,82,護城河價值型,45.29,34.17,2.5,-36.39,57.2,-3.79,-14.35,0.9,股價距離52週高點有修復空間、潛在反彈空間較大、RSI位於低檔整理區,仍低於中長期均線，需耐心等待,2026-10-08 16:44:20
100,6146O,6146.TWO,耕興,其他電子業,181.5,82,護城河價值型,46.15,12.69,4.01,-23.9,31.4,-3.1,-8.98,0.7,股價距離52週高點有修復空間、潛在反彈空間較大、RSI位於低檔整理區,仍低於中長期均線，需耐心等待,2026-10-08 16:44:20
101,6220O,6220.TWO,岳豐,電子零組件業,25.649999618530273,82,護城河價值型,50.73,8.75,4.43,-43.38,76.61,-3.07,-13.65,1.27,股價距離52週高點有修復空間、潛在反彈空間較大、RSI位於低檔整理區,仍低於中長期均線，需耐心等待,2026-10-08 16:44:20
102,4131O,4131.TWO,浩泰,生技醫療業,30.700000762939453,82,護城河價值型,42.45,25.16,3.27,-26.9,36.81,-4.64,-8.26,1.24,股價距離52週高點有修復空間、潛在反彈空間較大、RSI位於低檔整理區,仍低於中長期均線，需耐心等待,2026-10-08 16:44:20
103,3526O,3526.TWO,凡甲,電子零組件業,276.5,82,護城河價值型,51.27,17.15,5.02,-30.0,42.86,-3.06,-11.24,1.3,股價距離52週高點有修復空間、潛在反彈空間較大、RSI位於低檔整理區,仍低於中長期均線，需耐心等待,2026-10-08 16:44:20
104,2385,2385.TW,群光,電子零組件業,105.0,82,護城河價值型,47.61,21.74,0.72,-28.33,39.52,-0.43,-8.46,1.31,股價距離52週高點有修復空間、潛在反彈空間較大、RSI位於低檔整理區,仍低於中長期均線，需耐心等待,2026-10-08 16:44:20
105,5223O,5223.TWO,安力-KY,電腦及週邊設備業,22.600000381469727,82,護城河價值型,42.54,20.46,1.65,-25.54,34.29,-2.81,-6.81,0.86,股價距離52週高點有修復空間、潛在反彈空間較大、RSI位於低檔整理區,仍低於中長期均線，需耐心等待,2026-10-08 16:44:20
106,6411O,6411.TWO,晶焱,半導體業,78.69999694824219,82,護城河價值型,50.02,16.49,0.84,-30.96,44.85,-0.15,-8.01,0.97,股價距離52週高點有修復空間、潛在反彈空間較大、RSI位於低檔整理區,仍低於中長期均線，需耐心等待,2026-10-08 16:44:20
107,6523O,6523.TWO,達爾膚,生技醫療業,89.0999984741211,82,護城河價值型,42.94,9.42,0.4,-29.29,41.41,-0.96,-5.21,1.08,股價距離52週高點有修復空間、潛在反彈空間較大、RSI位於低檔整理區,仍低於中長期均線，需耐心等待,2026-10-08 16:44:20
108,6261O,6261.TWO,久元,半導體業,77.9000015258789,82,護城河價值型,47.63,27.56,1.83,-41.65,71.37,-1.59,-14.67,0.86,股價距離52週高點有修復空間、潛在反彈空間較大、RSI位於低檔整理區,仍低於中長期均線，需耐心等待,2026-10-08 16:44:20
109,6494O,6494.TWO,九齊,半導體業,52.099998474121094,82,護城河價值型,48.89,29.37,2.03,-24.71,32.82,-0.59,-6.44,0.79,股價距離52週高點有修復空間、潛在反彈空間較大、RSI位於低檔整理區,仍低於中長期均線，需耐心等待,2026-10-08 16:44:20
110,6474O,6474.TWO,華豫寧,電子通路業,35.54999923706055,82,護城河價值型,41.58,13.09,4.36,-21.87,27.99,-4.23,-5.25,1.38,股價距離52週高點有修復空間、潛在反彈空間較大、RSI位於低檔整理區,仍低於中長期均線，需耐心等待,2026-10-08 16:44:20
111,6470O,6470.TWO,宇智,通信網路業,42.79999923706055,82,護城河價值型,49.99,17.4,1.32,-20.3,25.47,-1.29,-6.69,1.3,股價距離52週高點有修復空間、潛在反彈空間較大、RSI位於低檔整理區,仍低於中長期均線，需耐心等待,2026-10-08 16:44:20
112,2387,2387.TW,精元,電腦及週邊設備業,36.099998474121094,82,護城河價值型,42.26,12.72,1.59,-21.95,28.12,-2.66,-6.74,0.89,股價距離52週高點有修復空間、潛在反彈空間較大、RSI位於低檔整理區,仍低於中長期均線，需耐心等待,2026-10-08 16:44:20
113,2390,2390.TW,云辰,其他電子業,10.050000190734863,82,護城河價值型,43.93,14.44,3.29,-25.28,33.83,-3.66,-6.88,0.77,股價距離52週高點有修復空間、潛在反彈空間較大、RSI位於低檔整理區,仍低於中長期均線，需耐心等待,2026-10-08 16:44:20
114,8450O,8450.TWO,霹靂,文化創意業,14.199999809265137,82,護城河價值型,40.61,10.39,2.66,-21.76,27.82,-3.06,-7.08,1.15,股價距離52週高點有修復空間、潛在反彈空間較大、RSI位於低檔整理區,仍低於中長期均線，需耐心等待,2026-10-08 16:44:20
115,1905,1905.TW,華紙,造紙工業,12.899999618530273,82,護城河價值型,43.87,21.4,3.89,-30.46,43.8,-3.85,-5.47,1.07,股價距離52週高點有修復空間、潛在反彈空間較大、RSI位於低檔整理區,仍低於中長期均線，需耐心等待,2026-10-08 16:44:20
116,2545,2545.TW,皇翔,建材營造業,33.849998474121094,82,護城河價值型,47.43,23.51,0.38,-21.73,27.77,-0.2,-5.35,0.89,股價距離52週高點有修復空間、潛在反彈空間較大、RSI位於低檔整理區,仍低於中長期均線，需耐心等待,2026-10-08 16:44:20
117,3122O,3122.TWO,笙泉,半導體業,24.149999618530273,82,護城河價值型,46.85,30.73,4.39,-39.93,66.46,-3.75,-16.13,0.91,股價距離52週高點有修復空間、潛在反彈空間較大、RSI位於低檔整理區,仍低於中長期均線，需耐心等待,2026-10-08 16:44:20
118,8234O,8234.TWO,新漢,電腦及週邊設備業,61.79999923706055,82,護城河價值型,41.27,19.57,4.72,-25.0,33.33,-4.92,-7.2,0.76,股價距離52週高點有修復空間、潛在反彈空間較大、RSI位於低檔整理區,仍低於中長期均線，需耐心等待,2026-10-08 16:44:20
119,6125O,6125.TWO,廣運,電機機械,50.099998474121094,82,護城河價值型,50.91,23.74,1.54,-33.73,50.9,-0.02,-9.09,0.95,股價距離52週高點有修復空間、潛在反彈空間較大、RSI位於低檔整理區,仍低於中長期均線，需耐心等待,2026-10-08 16:44:20
120,2331,2331.TW,精英,電腦及週邊設備業,19.0,82,護城河價值型,48.15,20.23,2.06,-36.56,57.63,-1.64,-6.19,0.82,股價距離52週高點有修復空間、潛在反彈空間較大、RSI位於低檔整理區,仍低於中長期均線，需耐心等待,2026-10-08 16:44:20
121,3086O,3086.TWO,華義*,文化創意業,27.399999618530273,82,護城河價值型,42.87,32.2,2.35,-37.01,58.76,-3.29,-15.27,1.27,股價距離52週高點有修復空間、潛在反彈空間較大、RSI位於低檔整理區,仍低於中長期均線，需耐心等待,2026-10-08 16:44:20
122,6561O,6561.TWO,是方,通信網路業,313.0,82,護城河價值型,46.19,13.23,2.89,-20.25,25.4,-2.17,-6.18,1.06,股價距離52週高點有修復空間、潛在反彈空間較大、RSI位於低檔整理區,仍低於中長期均線，需耐心等待,2026-10-08 16:44:20
123,00910,00910.TW,第一金太空衛星,nan,57.5,82,護城河價值型,47.84,25.48,1.24,-34.62,52.96,-1.0,-10.52,0.8,股價距離52週高點有修復空間、潛在反彈空間較大、RSI位於低檔整理區,仍低於中長期均線，需耐心等待,2026-10-08 16:44:20
124,3093O,3093.TWO,港建*,其他電子業,46.5,82,護城河價值型,54.07,22.82,3.22,-38.49,62.58,0.2,-13.42,1.13,股價距離52週高點有修復空間、潛在反彈空間較大、RSI位於低檔整理區,仍低於中長期均線，需耐心等待,2026-10-08 16:44:20
125,3205O,3205.TWO,佰研,生技醫療業,46.54999923706055,82,護城河價值型,42.97,10.58,2.51,-25.52,34.26,-2.85,-9.01,1.74,股價距離52週高點有修復空間、潛在反彈空間較大、RSI位於低檔整理區,仍低於中長期均線，需耐心等待,2026-10-08 16:44:20
126,2497,2497.TW,怡利電,汽車工業,44.75,82,護城河價值型,51.98,17.04,6.75,-33.01,49.27,-4.25,-15.6,1.37,股價距離52週高點有修復空間、潛在反彈空間較大、RSI位於低檔整理區,仍低於中長期均線，需耐心等待,2026-10-08 16:44:20
127,2495,2495.TW,普安,電腦及週邊設備業,37.650001525878906,82,護城河價值型,45.04,25.76,1.73,-30.02,42.9,-0.98,-10.45,1.25,股價距離52週高點有修復空間、潛在反彈空間較大、RSI位於低檔整理區,仍低於中長期均線，需耐心等待,2026-10-08 16:44:20
128,4557,4557.TW,永新-KY,汽車工業,50.20000076293945,80,護城河價值型,49.84,8.53,0.96,-37.25,59.36,-0.64,1.31,1.25,股價距離52週高點有修復空間、潛在反彈空間較大、RSI位於低檔整理區,仍需觀察技術面是否轉強,2026-10-08 16:44:20
129,6192,6192.TW,巨路,其他電子業,111.5,80,護城河價值型,47.85,13.44,3.4,-16.48,19.73,-2.27,-6.06,0.83,股價距離52週高點有修復空間、RSI位於低檔整理區、均線糾結，可能處於整理蓄勢,仍低於中長期均線，需耐心等待,2026-10-08 16:44:20
130,3704,3704.TW,合勤控,通信網路業,39.45000076293945,80,護城河價值型,41.92,27.3,6.27,-21.73,27.76,-7.66,-7.41,0.38,股價距離52週高點有修復空間、潛在反彈空間較大、RSI位於低檔整理區,仍低於中長期均線，需耐心等待,2026-10-08 16:44:20
131,1256,1256.TW,鮮活果汁-KY,食品工業,166.5,80,護城河價值型,36.24,11.43,5.87,-20.53,25.83,-6.05,-7.07,0.65,股價距離52週高點有修復空間、潛在反彈空間較大、RSI位於低檔整理區,仍低於中長期均線，需耐心等待,2026-10-08 16:44:20
132,3438O,3438.TWO,類比科,半導體業,60.79999923706055,80,護城河價值型,45.2,15.42,3.48,-23.04,29.93,1.71,-3.53,0.87,股價距離52週高點有修復空間、潛在反彈空間較大、RSI位於低檔整理區,仍低於中長期均線，需耐心等待,2026-10-08 16:44:20
133,2451,2451.TW,創見,半導體業,287.0,80,護城河價值型,51.28,26.99,2.12,-21.05,26.66,2.38,-0.36,1.27,股價距離52週高點有修復空間、潛在反彈空間較大、RSI位於低檔整理區,仍低於中長期均線，需耐心等待,2026-10-08 16:44:20
134,3171O,3171.TWO,炎洲流通,居家生活,57.70000076293945,80,護城河價值型,35.19,19.82,7.41,-27.33,37.61,-7.49,-12.35,0.0,股價距離52週高點有修復空間、潛在反彈空間較大、RSI位於低檔整理區,仍低於中長期均線，需耐心等待,2026-10-08 16:44:20
135,2486,2486.TW,一詮,光電業,240.0,80,護城河價值型,48.99,31.99,1.3,-21.82,27.92,1.4,-2.36,1.43,股價距離52週高點有修復空間、潛在反彈空間較大、RSI位於低檔整理區,仍低於中長期均線，需耐心等待,2026-10-08 16:44:20
136,3095O,3095.TWO,及成,通信網路業,32.900001525878906,80,護城河價值型,36.5,33.52,8.77,-31.1,45.14,-9.38,-15.2,0.73,股價距離52週高點有修復空間、潛在反彈空間較大、RSI位於低檔整理區,仍低於中長期均線，需耐心等待,2026-10-08 16:44:20
137,3303O,3303.TWO,岱稜,其他電子業,49.849998474121094,80,護城河價值型,50.96,24.32,6.15,-20.75,26.18,-3.76,-4.67,1.55,股價距離52週高點有修復空間、潛在反彈空間較大、RSI位於低檔整理區,仍低於中長期均線，需耐心等待,2026-10-08 16:44:20
138,2474,2474.TW,可成,其他電子業,199.0,80,護城河價值型,36.41,17.51,3.21,-22.57,29.15,-0.5,-2.23,1.57,股價距離52週高點有修復空間、潛在反彈空間較大、RSI位於低檔整理區,仍低於中長期均線，需耐心等待,2026-10-08 16:44:20
139,6637O,6637.TWO,醫影,生技醫療業,54.400001525878906,80,護城河價值型,41.15,14.2,8.96,-34.3,52.21,-7.51,-13.4,1.67,股價距離52週高點有修復空間、潛在反彈空間較大、RSI位於低檔整理區,仍低於中長期均線，需耐心等待,2026-10-08 16:44:20
140,1565O,1565.TWO,精華,生技醫療業,97.30000305175781,80,護城河價值型,53.51,12.71,1.23,-27.39,37.72,1.77,0.78,1.52,股價距離52週高點有修復空間、潛在反彈空間較大、RSI位於低檔整理區,仍需觀察技術面是否轉強,2026-10-08 16:44:20
141,00887O,00887.TWO,永豐中國科技50大,nan,15.100000381469727,80,護城河價值型,35.37,20.04,6.36,-28.1,39.07,-7.81,-9.95,0.47,股價距離52週高點有修復空間、潛在反彈空間較大、RSI位於低檔整理區,仍低於中長期均線，需耐心等待,2026-10-08 16:44:20
142,2755O,2755.TWO,揚秦,觀光餐旅,98.0,80,護城河價值型,36.64,8.69,3.12,-18.56,22.8,-3.73,-7.11,1.84,股價距離52週高點有修復空間、RSI位於低檔整理區、均線糾結，可能處於整理蓄勢,仍低於中長期均線，需耐心等待,2026-10-08 16:44:20
143,6684O,6684.TWO,安格,半導體業,48.45000076293945,80,護城河價值型,50.94,32.12,3.33,-29.06,40.97,1.2,-1.48,0.86,股價距離52週高點有修復空間、潛在反彈空間較大、RSI位於低檔整理區,仍低於中長期均線，需耐心等待,2026-10-08 16:44:20
144,3011,3011.TW,今皓,電子零組件業,10.0,80,護城河價值型,47.59,34.66,9.32,-35.06,54.0,-7.44,-18.92,1.03,股價距離52週高點有修復空間、潛在反彈空間較大、RSI位於低檔整理區,仍低於中長期均線，需耐心等待,2026-10-08 16:44:20
145,3004,3004.TW,豐達科,鋼鐵工業,121.0,80,護城河價值型,51.9,21.69,5.42,-24.14,31.82,-3.53,-4.64,1.43,股價距離52週高點有修復空間、潛在反彈空間較大、RSI位於低檔整理區,仍低於中長期均線，需耐心等待,2026-10-08 16:44:20
146,1503,1503.TW,士電,電機機械,199.5,80,護城河價值型,50.68,16.69,1.57,-25.56,34.34,-0.22,-3.93,1.33,股價距離52週高點有修復空間、潛在反彈空間較大、RSI位於低檔整理區,仍低於中長期均線，需耐心等待,2026-10-08 16:44:20
147,1519,1519.TW,華城,電機機械,702.0,80,護城河價值型,48.88,19.45,2.21,-28.5,39.86,1.82,-3.0,1.83,股價距離52週高點有修復空間、潛在反彈空間較大、RSI位於低檔整理區,仍低於中長期均線，需耐心等待,2026-10-08 16:44:20
148,8442,8442.TW,威宏-KY,其他業,46.099998474121094,80,護城河價值型,54.43,17.61,0.9,-37.45,59.87,1.62,3.18,0.93,股價距離52週高點有修復空間、潛在反彈空間較大、RSI位於低檔整理區,仍需觀察技術面是否轉強,2026-10-08 16:44:20
149,6913O,6913.TWO,鴻呈,電子零組件業,129.5,80,護城河價值型,45.18,24.02,4.41,-21.99,28.19,-3.73,-2.27,1.36,股價距離52週高點有修復空間、潛在反彈空間較大、RSI位於低檔整理區,仍低於中長期均線，需耐心等待,2026-10-08 16:44:20
150,9938,9938.TW,百和,其他業,39.150001525878906,80,護城河價值型,47.42,20.21,9.08,-35.18,54.28,-6.72,-9.49,1.21,股價距離52週高點有修復空間、潛在反彈空間較大、RSI位於低檔整理區,仍低於中長期均線，需耐心等待,2026-10-08 16:44:20
151,9918,9918.TW,欣天然,油電燃氣業,43.0,80,護城河價值型,49.46,12.23,0.28,-29.85,42.56,-0.16,-0.53,1.62,股價距離52週高點有修復空間、潛在反彈空間較大、RSI位於低檔整理區,仍低於中長期均線，需耐心等待,2026-10-08 16:44:20
152,3048,3048.TW,益登,電子通路業,53.400001525878906,80,護城河價值型,54.23,24.16,3.15,-28.99,40.82,0.4,-4.74,0.95,股價距離52週高點有修復空間、潛在反彈空間較大、RSI位於低檔整理區,仍低於中長期均線，需耐心等待,2026-10-08 16:44:20
153,2756O,2756.TWO,聯發國際,觀光餐旅,61.400001525878906,80,護城河價值型,45.16,20.87,3.07,-39.8,66.12,1.32,0.13,1.88,股價距離52週高點有修復空間、潛在反彈空間較大、RSI位於低檔整理區,仍需觀察技術面是否轉強,2026-10-08 16:44:20
154,2718O,2718.TWO,全心投控,建材營造業,39.70000076293945,80,護城河價值型,35.06,16.74,8.83,-35.45,54.91,-9.43,-12.69,1.1,股價距離52週高點有修復空間、潛在反彈空間較大、RSI位於低檔整理區,仍低於中長期均線，需耐心等待,2026-10-08 16:44:20
155,6570O,6570.TWO,維田,電腦及週邊設備業,47.400001525878906,80,護城河價值型,41.09,21.71,7.32,-27.63,38.19,-6.57,-5.8,0.55,股價距離52週高點有修復空間、潛在反彈空間較大、RSI位於低檔整理區,仍低於中長期均線，需耐心等待,2026-10-08 16:44:20
156,5299O,5299.TWO,杰力,半導體業,99.5,80,護城河價值型,50.32,33.18,3.92,-29.68,42.21,1.06,-3.37,1.17,股價距離52週高點有修復空間、潛在反彈空間較大、RSI位於低檔整理區,仍低於中長期均線，需耐心等待,2026-10-08 16:44:20
157,4561O,4561.TWO,健椿,電機機械,42.04999923706055,80,護城河價值型,49.3,25.03,3.05,-25.97,35.08,2.1,-0.8,1.37,股價距離52週高點有修復空間、潛在反彈空間較大、RSI位於低檔整理區,仍低於中長期均線，需耐心等待,2026-10-08 16:44:20
158,3594O,3594.TWO,磐儀,電腦及週邊設備業,46.349998474121094,80,護城河價值型,42.5,19.14,7.77,-22.75,29.45,-7.8,-8.47,0.64,股價距離52週高點有修復空間、潛在反彈空間較大、RSI位於低檔整理區,仍低於中長期均線，需耐心等待,2026-10-08 16:44:20
159,6469O,6469.TWO,大樹,生技醫療業,64.69999694824219,80,護城河價值型,43.78,19.8,8.86,-44.94,81.61,-7.46,-10.77,1.26,股價距離52週高點有修復空間、潛在反彈空間較大、RSI位於低檔整理區,仍低於中長期均線，需耐心等待,2026-10-08 16:44:20
160,6574O,6574.TWO,霈方,生技醫療業,120.0,80,護城河價值型,48.61,12.31,3.66,-22.08,28.33,-3.06,1.14,0.72,股價距離52週高點有修復空間、潛在反彈空間較大、RSI位於低檔整理區,仍需觀察技術面是否轉強,2026-10-08 16:44:20
161,2312,2312.TW,金寶,其他電子業,31.049999237060547,80,護城河價值型,47.99,20.81,2.6,-28.46,39.77,-1.93,-3.89,1.07,股價距離52週高點有修復空間、潛在反彈空間較大、RSI位於低檔整理區,仍低於中長期均線，需耐心等待,2026-10-08 16:44:20
162,9962O,9962.TWO,有益,鋼鐵工業,10.199999809265137,78,防守修復型,53.45,14.02,1.07,-15.7,18.63,1.27,2.96,1.19,股價距離52週高點有修復空間、RSI位於低檔整理區、均線糾結，可能處於整理蓄勢,仍需觀察技術面是否轉強,2026-10-08 16:44:20
163,2539,2539.TW,櫻花建,建材營造業,33.79999923706055,78,孤兒股翻身型,43.83,25.43,1.18,-17.53,21.25,-1.95,1.43,0.84,股價距離52週高點有修復空間、RSI位於低檔整理區、均線糾結，可能處於整理蓄勢,仍需觀察技術面是否轉強,2026-10-08 16:44:20
164,2477,2477.TW,美隆電,其他電子業,22.350000381469727,78,孤兒股翻身型,50.71,18.02,5.23,-16.29,19.46,2.92,2.78,0.82,股價距離52週高點有修復空間、RSI位於低檔整理區、均線糾結，可能處於整理蓄勢,仍需觀察技術面是否轉強,2026-10-08 16:44:20
165,3211O,3211.TWO,順達,電腦及週邊設備業,389.5,78,低檔觀察型,53.36,34.72,4.35,-16.95,20.41,4.34,0.06,1.11,股價距離52週高點有修復空間、RSI位於低檔整理區、均線糾結，可能處於整理蓄勢,仍需觀察技術面是否轉強,2026-10-08 16:44:20
166,1435,1435.TW,中福,其他業,21.049999237060547,78,轉折曙光型,41.82,38.96,3.87,-36.31,57.01,-7.65,7.51,1.27,股價距離52週高點有修復空間、潛在反彈空間較大、RSI位於低檔整理區,仍需觀察技術面是否轉強,2026-10-08 16:44:20
167,2207,2207.TW,和泰車,汽車工業,526.0,78,防守修復型,54.51,21.47,1.5,-15.3,18.06,2.02,5.88,1.22,股價距離52週高點有修復空間、RSI位於低檔整理區、均線糾結，可能處於整理蓄勢,仍需觀察技術面是否轉強,2026-10-08 16:44:20
168,1733,1733.TW,五鼎,生技醫療業,30.549999237060547,78,防守修復型,50.07,20.45,4.06,-18.53,22.75,-2.24,0.79,1.66,股價距離52週高點有修復空間、RSI位於低檔整理區、均線糾結，可能處於整理蓄勢,仍需觀察技術面是否轉強,2026-10-08 16:44:20
169,2348,2348.TW,海悅,其他業,70.5999984741211,78,孤兒股翻身型,46.54,24.17,0.81,-15.09,17.77,-1.45,0.45,0.83,股價距離52週高點有修復空間、RSI位於低檔整理區、均線糾結，可能處於整理蓄勢,仍需觀察技術面是否轉強,2026-10-08 16:44:20
170,2317,2317.TW,鴻海,其他電子業,252.0,78,防守修復型,50.34,16.78,0.96,-18.45,22.62,0.62,0.52,1.07,股價距離52週高點有修復空間、RSI位於低檔整理區、均線糾結，可能處於整理蓄勢,仍需觀察技術面是否轉強,2026-10-08 16:44:20
171,6142,6142.TW,友勁,通信網路業,9.100000381469727,78,防守修復型,52.68,25.75,2.98,-19.11,23.63,-1.21,0.38,1.36,股價距離52週高點有修復空間、RSI位於低檔整理區、均線糾結，可能處於整理蓄勢,仍需觀察技術面是否轉強,2026-10-08 16:44:20
172,1414,1414.TW,東和,紡織纖維,17.649999618530273,78,孤兒股翻身型,47.77,18.14,6.06,-15.55,18.41,-4.41,0.01,0.88,股價距離52週高點有修復空間、RSI位於低檔整理區、均線糾結，可能處於整理蓄勢,仍需觀察技術面是否轉強,2026-10-08 16:44:20
173,2645,2645.TW,長榮航太,航運業,173.5,78,轉折曙光型,47.39,13.17,6.46,-31.01,44.96,-5.66,-2.82,0.74,股價距離52週高點有修復空間、潛在反彈空間較大、RSI位於低檔整理區,仍低於中長期均線，需耐心等待,2026-10-08 16:44:20
174,5706,5706.TW,鳳凰,觀光餐旅,44.5,77,孤兒股翻身型,51.4,8.39,1.67,-22.2,28.54,-0.9,-6.98,0.76,股價距離52週高點有修復空間、潛在反彈空間較大、RSI位於低檔整理區,仍低於中長期均線，需耐心等待,2026-10-08 16:44:20
175,1813O,1813.TWO,寶利徠,生技醫療業,11.149999618530273,77,孤兒股翻身型,36.59,13.22,2.03,-21.48,27.35,-3.18,-5.81,0.75,股價距離52週高點有修復空間、潛在反彈空間較大、RSI位於低檔整理區,仍低於中長期均線，需耐心等待,2026-10-08 16:44:20
176,4121O,4121.TWO,優盛,生技醫療業,12.800000190734863,77,轉折曙光型,49.6,13.1,1.89,-37.25,59.37,-1.29,-5.15,1.33,股價距離52週高點有修復空間、潛在反彈空間較大、RSI位於低檔整理區,仍低於中長期均線，需耐心等待,2026-10-08 16:44:20
177,2548,2548.TW,華固,建材營造業,91.19999694824219,77,轉折曙光型,40.42,21.69,2.91,-27.45,37.84,-3.94,-10.53,0.77,股價距離52週高點有修復空間、潛在反彈空間較大、RSI位於低檔整理區,仍低於中長期均線，需耐心等待,2026-10-08 16:44:20
178,5263O,5263.TWO,智崴,文化創意業,91.4000015258789,77,轉折曙光型,47.56,37.19,3.51,-26.88,36.76,-2.25,-6.28,0.86,股價距離52週高點有修復空間、潛在反彈空間較大、RSI位於低檔整理區,仍低於中長期均線，需耐心等待,2026-10-08 16:44:20
179,8048O,8048.TWO,德勝,通信網路業,51.5,77,轉折曙光型,55.6,24.48,3.35,-27.83,38.56,-0.34,-8.9,2.41,股價距離52週高點有修復空間、潛在反彈空間較大、均線糾結，可能處於整理蓄勢,仍低於中長期均線，需耐心等待,2026-10-08 16:44:20
180,5543O,5543.TWO,桓鼎-KY,建材營造業,26.5,77,轉折曙光型,44.42,35.7,0.54,-28.18,39.25,-2.53,-6.1,0.93,股價距離52週高點有修復空間、潛在反彈空間較大、RSI位於低檔整理區,仍低於中長期均線，需耐心等待,2026-10-08 16:44:20
181,8929O,8929.TWO,富堡,其他業,12.800000190734863,77,轉折曙光型,38.87,12.74,2.47,-29.67,42.19,-3.55,-7.61,0.75,股價距離52週高點有修復空間、潛在反彈空間較大、RSI位於低檔整理區,仍低於中長期均線，需耐心等待,2026-10-08 16:44:20
182,6412,6412.TW,群電,電子零組件業,74.0,77,轉折曙光型,37.61,13.71,4.56,-30.19,43.24,-4.67,-12.42,1.22,股價距離52週高點有修復空間、潛在反彈空間較大、RSI位於低檔整理區,仍低於中長期均線，需耐心等待,2026-10-08 16:44:20
183,1436,1436.TW,華友聯,建材營造業,36.25,77,轉折曙光型,45.31,27.4,5.77,-44.91,81.52,-4.65,-14.62,0.96,股價距離52週高點有修復空間、潛在反彈空間較大、RSI位於低檔整理區,仍低於中長期均線，需耐心等待,2026-10-08 16:44:20
184,8940,8940.TW,新天地,觀光餐旅,15.149999618530273,77,轉折曙光型,53.53,13.15,2.76,-31.91,46.86,-1.23,-6.13,2.43,股價距離52週高點有修復空間、潛在反彈空間較大、RSI位於低檔整理區,仍低於中長期均線，需耐心等待,2026-10-08 16:44:20
185,9955,9955.TW,佳龍,綠能環保,23.899999618530273,77,轉折曙光型,54.41,24.4,2.79,-41.06,69.67,-0.01,-8.12,1.57,股價距離52週高點有修復空間、潛在反彈空間較大、RSI位於低檔整理區,仍低於中長期均線，需耐心等待,2026-10-08 16:44:20
186,2904,2904.TW,匯僑,其他業,12.649999618530273,77,轉折曙光型,47.88,9.82,3.12,-28.53,39.92,-2.57,-8.89,0.74,股價距離52週高點有修復空間、潛在反彈空間較大、RSI位於低檔整理區,仍低於中長期均線，需耐心等待,2026-10-08 16:44:20
187,00902,00902.TW,中信電池及儲能,nan,13.050000190734863,77,轉折曙光型,56.09,18.15,2.81,-25.6,34.41,0.61,-9.54,1.69,股價距離52週高點有修復空間、潛在反彈空間較大、均線糾結，可能處於整理蓄勢,仍低於中長期均線，需耐心等待,2026-10-08 16:44:20
188,1586O,1586.TWO,和勤,電機機械,17.799999237060547,77,轉折曙光型,36.12,5.18,1.34,-41.45,70.79,-1.87,-9.67,0.91,股價距離52週高點有修復空間、潛在反彈空間較大、RSI位於低檔整理區,仍低於中長期均線，需耐心等待,2026-10-08 16:44:20
189,6856O,6856.TWO,鑫傳,文化創意業,41.650001525878906,77,轉折曙光型,45.93,14.67,3.21,-31.72,46.46,-2.96,-8.99,2.35,股價距離52週高點有修復空間、潛在反彈空間較大、RSI位於低檔整理區,仍低於中長期均線，需耐心等待,2026-10-08 16:44:20
190,6671,6671.TW,三能-KY,居家生活,23.049999237060547,77,轉折曙光型,51.59,12.67,0.46,-42.95,75.27,0.07,-8.68,1.01,股價距離52週高點有修復空間、潛在反彈空間較大、RSI位於低檔整理區,仍低於中長期均線，需耐心等待,2026-10-08 16:44:20
191,6552,6552.TW,易華電,半導體業,24.600000381469727,77,轉折曙光型,50.42,19.09,2.22,-33.33,50.0,-0.51,-11.49,1.22,股價距離52週高點有修復空間、潛在反彈空間較大、RSI位於低檔整理區,仍低於中長期均線，需耐心等待,2026-10-08 16:44:20
192,8374,8374.TW,羅昇,電機機械,75.5999984741211,77,轉折曙光型,40.79,19.81,3.62,-33.1,49.47,-4.53,-11.64,0.79,股價距離52週高點有修復空間、潛在反彈空間較大、RSI位於低檔整理區,仍低於中長期均線，需耐心等待,2026-10-08 16:44:20
193,6794,6794.TW,向榮生技,生技醫療業,72.0,77,低檔觀察型,42.83,39.36,1.77,-21.74,27.78,-4.28,-7.71,1.33,股價距離52週高點有修復空間、潛在反彈空間較大、RSI位於低檔整理區,仍低於中長期均線，需耐心等待,2026-10-08 16:44:20
194,6763O,6763.TWO,綠界科技*,數位雲端,41.5,77,轉折曙光型,51.32,10.21,1.41,-38.88,63.61,-0.64,-6.13,1.16,股價距離52週高點有修復空間、潛在反彈空間較大、RSI位於低檔整理區,仍低於中長期均線，需耐心等待,2026-10-08 16:44:20
195,6248O,6248.TWO,沛波,鋼鐵工業,17.149999618530273,77,孤兒股翻身型,52.69,8.33,2.65,-22.05,28.28,-1.38,-5.05,0.73,股價距離52週高點有修復空間、潛在反彈空間較大、RSI位於低檔整理區,仍低於中長期均線，需耐心等待,2026-10-08 16:44:20
196,6203O,6203.TWO,海韻電,電子零組件業,59.79999923706055,77,轉折曙光型,44.6,7.38,2.62,-31.19,45.32,-2.65,-8.0,1.49,股價距離52週高點有修復空間、潛在反彈空間較大、RSI位於低檔整理區,仍低於中長期均線，需耐心等待,2026-10-08 16:44:20
197,6160O,6160.TWO,欣技,電腦及週邊設備業,13.850000381469727,77,轉折曙光型,35.48,14.77,4.36,-33.41,50.18,-4.84,-10.67,1.22,股價距離52週高點有修復空間、潛在反彈空間較大、RSI位於低檔整理區,仍低於中長期均線，需耐心等待,2026-10-08 16:44:20
198,6151O,6151.TWO,晉倫,其他電子業,35.650001525878906,77,轉折曙光型,56.32,18.48,1.77,-28.41,39.69,0.6,-6.02,1.47,股價距離52週高點有修復空間、潛在反彈空間較大、均線糾結，可能處於整理蓄勢,仍低於中長期均線，需耐心等待,2026-10-08 16:44:20
199,6692O,6692.TWO,進能服,綠能環保,22.600000381469727,77,轉折曙光型,44.0,33.2,2.39,-35.7,55.53,-3.72,-12.27,1.44,股價距離52週高點有修復空間、潛在反彈空間較大、RSI位於低檔整理區,仍低於中長期均線，需耐心等待,2026-10-08 16:44:20
200,1796O,1796.TWO,金穎生技,食品工業,30.0,77,轉折曙光型,52.29,24.94,2.05,-41.29,70.33,-0.75,-9.19,1.51,股價距離52週高點有修復空間、潛在反彈空間較大、RSI位於低檔整理區,仍低於中長期均線，需耐心等待,2026-10-08 16:44:20
201,4911O,4911.TWO,德英,生技醫療業,28.0,77,轉折曙光型,38.4,15.94,3.33,-38.54,62.7,-4.66,-6.2,1.03,股價距離52週高點有修復空間、潛在反彈空間較大、RSI位於低檔整理區,仍低於中長期均線，需耐心等待,2026-10-08 16:44:20
202,2462,2462.TW,良得電,電子零組件業,20.049999237060547,77,轉折曙光型,52.15,28.23,1.76,-28.01,38.9,0.61,-6.04,0.75,股價距離52週高點有修復空間、潛在反彈空間較大、RSI位於低檔整理區,仍低於中長期均線，需耐心等待,2026-10-08 16:44:20
203,2926O,2926.TWO,誠品生活,文化創意業,30.200000762939453,77,轉折曙光型,50.33,12.69,1.46,-30.33,43.54,-0.92,-8.23,1.62,股價距離52週高點有修復空間、潛在反彈空間較大、RSI位於低檔整理區,仍低於中長期均線，需耐心等待,2026-10-08 16:44:20
204,3227O,3227.TWO,原相,半導體業,186.5,77,孤兒股翻身型,46.64,17.62,4.2,-23.57,30.83,-3.15,-9.94,0.79,股價距離52週高點有修復空間、潛在反彈空間較大、RSI位於低檔整理區,仍低於中長期均線，需耐心等待,2026-10-08 16:44:20
205,6569O,6569.TWO,醫揚,生技醫療業,91.0,77,轉折曙光型,43.9,12.33,3.39,-30.0,42.86,-3.51,-8.37,1.3,股價距離52週高點有修復空間、潛在反彈空間較大、RSI位於低檔整理區,仍低於中長期均線，需耐心等待,2026-10-08 16:44:20
206,4523O,4523.TWO,永彰,電機機械,24.0,77,轉折曙光型,49.89,28.79,2.03,-39.7,65.83,-1.27,-10.31,0.94,股價距離52週高點有修復空間、潛在反彈空間較大、RSI位於低檔整理區,仍低於中長期均線，需耐心等待,2026-10-08 16:44:20
207,4746,4746.TW,台耀,生技醫療業,48.04999923706055,77,轉折曙光型,49.06,25.55,5.42,-27.09,37.15,-3.72,-6.67,0.72,股價距離52週高點有修復空間、潛在反彈空間較大、RSI位於低檔整理區,仍低於中長期均線，需耐心等待,2026-10-08 16:44:20
208,4414,4414.TW,如興,紡織纖維,8.069999694824219,77,轉折曙光型,40.55,14.05,2.48,-33.85,51.18,-3.28,-7.02,1.0,股價距離52週高點有修復空間、潛在反彈空間較大、RSI位於低檔整理區,仍低於中長期均線，需耐心等待,2026-10-08 16:44:20
209,6903O,6903.TWO,巨漢,其他電子業,327.0,77,低檔觀察型,59.95,34.19,3.58,-24.65,32.72,2.18,-8.62,1.01,股價距離52週高點有修復空間、潛在反彈空間較大、均線糾結，可能處於整理蓄勢,仍低於中長期均線，需耐心等待,2026-10-08 16:44:20
210,4562,4562.TW,穎漢,電機機械,30.200000762939453,77,轉折曙光型,47.5,26.01,2.96,-33.7,50.83,-2.42,-11.19,0.79,股價距離52週高點有修復空間、潛在反彈空間較大、RSI位於低檔整理區,仍低於中長期均線，需耐心等待,2026-10-08 16:44:20
211,4441,4441.TW,振大環球,紡織纖維,171.0,77,轉折曙光型,43.34,9.53,4.62,-42.13,72.81,-4.07,-8.94,0.88,股價距離52週高點有修復空間、潛在反彈空間較大、RSI位於低檔整理區,仍低於中長期均線，需耐心等待,2026-10-08 16:44:20
212,6997O,6997.TWO,博弘,數位雲端,68.0,77,轉折曙光型,50.21,28.91,2.75,-37.04,58.82,-1.9,-5.42,0.9,股價距離52週高點有修復空間、潛在反彈空間較大、RSI位於低檔整理區,仍低於中長期均線，需耐心等待,2026-10-08 16:44:20
213,3527O,3527.TWO,聚積,半導體業,50.599998474121094,77,轉折曙光型,46.7,25.18,2.81,-28.43,39.72,-2.61,-10.78,0.76,股價距離52週高點有修復空間、潛在反彈空間較大、RSI位於低檔整理區,仍低於中長期均線，需耐心等待,2026-10-08 16:44:20
214,2439,2439.TW,美律,通信網路業,78.69999694824219,77,轉折曙光型,53.55,25.59,3.57,-30.35,43.58,-1.52,-6.92,3.01,股價距離52週高點有修復空間、潛在反彈空間較大、RSI位於低檔整理區,仍低於中長期均線，需耐心等待,2026-10-08 16:44:20
215,4129O,4129.TWO,聯合,生技醫療業,83.5999984741211,77,轉折曙光型,52.85,12.84,2.74,-36.18,56.7,-1.58,-6.41,1.35,股價距離52週高點有修復空間、潛在反彈空間較大、RSI位於低檔整理區,仍低於中長期均線，需耐心等待,2026-10-08 16:44:20
216,1512,1512.TW,瑞利,汽車工業,6.28000020980835,77,轉折曙光型,50.44,14.88,4.43,-31.52,46.02,-2.94,-7.17,1.64,股價距離52週高點有修復空間、潛在反彈空間較大、RSI位於低檔整理區,仍低於中長期均線，需耐心等待,2026-10-08 16:44:20
217,6881O,6881.TWO,潤德,其他業,215.5,77,防守修復型,56.77,9.33,2.67,-21.64,27.61,2.99,-7.37,1.48,股價距離52週高點有修復空間、潛在反彈空間較大、均線糾結，可能處於整理蓄勢,仍低於中長期均線，需耐心等待,2026-10-08 16:44:20
218,6185O,6185.TWO,幃翔,電子零組件業,12.550000190734863,77,轉折曙光型,45.68,17.11,5.24,-28.69,40.24,-4.69,-8.16,0.72,股價距離52週高點有修復空間、潛在反彈空間較大、RSI位於低檔整理區,仍低於中長期均線，需耐心等待,2026-10-08 16:44:20
219,8478,8478.TW,東哥遊艇,運動休閒,139.5,77,轉折曙光型,42.18,10.95,3.54,-33.09,49.46,-3.75,-8.15,0.87,股價距離52週高點有修復空間、潛在反彈空間較大、RSI位於低檔整理區,仍低於中長期均線，需耐心等待,2026-10-08 16:44:20
220,8279O,8279.TWO,生展,生技醫療業,80.80000305175781,77,轉折曙光型,53.25,16.54,5.68,-41.02,69.55,-3.38,-10.13,1.27,股價距離52週高點有修復空間、潛在反彈空間較大、RSI位於低檔整理區,仍低於中長期均線，需耐心等待,2026-10-08 16:44:20
221,3548O,3548.TWO,兆利,電子零組件業,74.19999694824219,77,轉折曙光型,38.22,31.83,2.3,-36.03,56.33,-4.43,-14.13,0.7,股價距離52週高點有修復空間、潛在反彈空間較大、RSI位於低檔整理區,仍低於中長期均線，需耐心等待,2026-10-08 16:44:20
222,8499,8499.TW,鼎炫-KY,其他電子業,252.5,77,轉折曙光型,43.64,12.03,2.29,-36.56,57.62,-2.92,-8.57,0.74,股價距離52週高點有修復空間、潛在反彈空間較大、RSI位於低檔整理區,仍低於中長期均線，需耐心等待,2026-10-08 16:44:20
223,1540,1540.TW,喬福,電機機械,18.899999618530273,77,轉折曙光型,36.13,12.21,3.29,-32.5,48.15,-4.87,-8.88,0.96,股價距離52週高點有修復空間、潛在反彈空間較大、RSI位於低檔整理區,仍低於中長期均線，需耐心等待,2026-10-08 16:44:20
224,4999,4999.TW,鑫禾,電子零組件業,17.700000762939453,77,轉折曙光型,36.95,11.49,4.27,-32.95,49.15,-4.77,-10.04,1.01,股價距離52週高點有修復空間、潛在反彈空間較大、RSI位於低檔整理區,仍低於中長期均線，需耐心等待,2026-10-08 16:44:20
225,3694,3694.TW,海華,通信網路業,51.900001525878906,77,轉折曙光型,54.39,21.26,6.19,-33.72,50.87,-3.07,-10.91,2.06,股價距離52週高點有修復空間、潛在反彈空間較大、RSI位於低檔整理區,仍低於中長期均線，需耐心等待,2026-10-08 16:44:20
226,4569,4569.TW,六方科-KY,汽車工業,159.5,77,低檔觀察型,50.99,36.14,3.24,-22.2,28.53,-0.95,-5.75,2.4,股價距離52週高點有修復空間、潛在反彈空間較大、RSI位於低檔整理區,仍低於中長期均線，需耐心等待,2026-10-08 16:44:20
227,8403O,8403.TWO,盛弘,生技醫療業,18.850000381469727,75,防守修復型,42.53,6.37,0.94,-24.14,31.83,-1.3,-3.84,2.88,股價距離52週高點有修復空間、潛在反彈空間較大、RSI位於低檔整理區,仍低於中長期均線，需耐心等待,2026-10-08 16:44:20
228,8421O,8421.TWO,旭源,其他業,13.25,75,孤兒股翻身型,54.85,20.67,6.68,-21.36,27.17,-3.63,-2.57,0.8,股價距離52週高點有修復空間、潛在反彈空間較大、RSI位於低檔整理區,仍低於中長期均線，需耐心等待,2026-10-08 16:44:20
229,8440O,8440.TWO,綠電,綠能環保,20.149999618530273,75,轉折曙光型,49.54,19.37,1.18,-32.15,47.39,0.57,-4.37,1.35,股價距離52週高點有修復空間、潛在反彈空間較大、RSI位於低檔整理區,仍低於中長期均線，需耐心等待,2026-10-08 16:44:20
230,8383O,8383.TWO,千附,半導體業,70.5999984741211,75,孤兒股翻身型,59.37,34.27,5.34,-21.9,28.05,-0.27,6.46,0.96,股價距離52週高點有修復空間、潛在反彈空間較大、均線糾結，可能處於整理蓄勢,仍需觀察技術面是否轉強,2026-10-08 16:44:20
231,1108,1108.TW,幸福,水泥工業,11.100000381469727,75,轉折曙光型,35.27,10.63,5.67,-27.45,37.84,-5.28,-13.72,0.26,股價距離52週高點有修復空間、潛在反彈空間較大、RSI位於低檔整理區,仍低於中長期均線，需耐心等待,2026-10-08 16:44:20
232,6593O,6593.TWO,台灣銘板,資訊服務業,32.20000076293945,75,轉折曙光型,52.39,11.58,1.41,-29.54,41.93,-0.57,-4.61,1.02,股價距離52週高點有修復空間、潛在反彈空間較大、RSI位於低檔整理區,仍低於中長期均線，需耐心等待,2026-10-08 16:44:20
233,00877O,00877.TWO,復華中國5G,nan,34.9900016784668,75,轉折曙光型,36.39,30.18,3.73,-30.09,43.04,-6.47,-11.29,0.44,股價距離52週高點有修復空間、潛在反彈空間較大、RSI位於低檔整理區,仍低於中長期均線，需耐心等待,2026-10-08 16:44:20
234,00899,00899.TW,FT潔淨能源,nan,21.899999618530273,75,轉折曙光型,32.84,19.87,5.2,-27.22,37.4,-6.87,-12.9,1.4,股價距離52週高點有修復空間、潛在反彈空間較大、均線糾結，可能處於整理蓄勢,仍低於中長期均線，需耐心等待,2026-10-08 16:44:20
235,1584O,1584.TWO,精剛,其他業,18.100000381469727,75,轉折曙光型,48.16,21.03,0.75,-29.16,41.16,-0.75,-4.92,1.02,股價距離52週高點有修復空間、潛在反彈空間較大、RSI位於低檔整理區,仍低於中長期均線，需耐心等待,2026-10-08 16:44:20
236,009819,009819.TW,中信數據及電力,nan,9.850000381469727,75,防守修復型,53.97,16.2,2.2,-21.45,27.31,-0.65,-2.52,1.18,股價距離52週高點有修復空間、潛在反彈空間較大、RSI位於低檔整理區,仍低於中長期均線，需耐心等待,2026-10-08 16:44:20
237,2913,2913.TW,農林,貿易百貨業,10.899999618530273,75,轉折曙光型,43.22,14.49,0.65,-25.09,33.49,-1.61,-1.96,2.04,股價距離52週高點有修復空間、潛在反彈空間較大、RSI位於低檔整理區,仍低於中長期均線，需耐心等待,2026-10-08 16:44:20
238,00688L,00688L.TW,國泰20年美債正2,nan,5.590000152587891,75,轉折曙光型,21.42,25.02,8.0,-29.15,41.14,-12.29,-15.75,1.27,股價距離52週高點有修復空間、潛在反彈空間較大、均線糾結，可能處於整理蓄勢,RSI過低，短線賣壓仍重、仍低於中長期均線，需耐心等待,2026-10-08 16:44:20
239,00680L,00680L.TW,元大美債20正2,nan,5.599999904632568,75,轉折曙光型,21.62,24.07,7.98,-29.2,41.25,-12.4,-15.85,1.08,股價距離52週高點有修復空間、潛在反彈空間較大、均線糾結，可能處於整理蓄勢,RSI過低，短線賣壓仍重、仍低於中長期均線，需耐心等待,2026-10-08 16:44:20
240,9802,9802.TW,鈺齊-KY,運動休閒,65.9000015258789,75,轉折曙光型,46.6,32.32,8.28,-42.7,74.51,-5.76,-10.1,0.76,股價距離52週高點有修復空間、潛在反彈空間較大、RSI位於低檔整理區,仍低於中長期均線，需耐心等待,2026-10-08 16:44:20
241,6645,6645.TW,金萬林-創,生技醫療業,12.300000190734863,75,轉折曙光型,40.53,29.7,3.29,-53.23,113.82,-5.51,-7.8,2.08,潛在反彈空間較大、RSI位於低檔整理區、均線糾結，可能處於整理蓄勢,跌幅過深，需留意基本面是否惡化、仍低於中長期均線，需耐心等待,2026-10-08 16:44:20
242,1539,1539.TW,巨庭,電機機械,15.600000381469727,75,轉折曙光型,47.72,10.87,1.68,-27.61,38.14,-1.53,-1.71,1.38,股價距離52週高點有修復空間、潛在反彈空間較大、RSI位於低檔整理區,仍低於中長期均線，需耐心等待,2026-10-08 16:44:20
243,1808,1808.TW,潤隆,建材營造業,32.349998474121094,75,轉折曙光型,45.15,44.43,3.86,-26.94,36.87,-2.82,2.26,1.12,股價距離52週高點有修復空間、潛在反彈空間較大、RSI位於低檔整理區,仍需觀察技術面是否轉強,2026-10-08 16:44:20
244,1522,1522.TW,堤維西,汽車工業,25.950000762939453,75,轉折曙光型,43.05,24.71,5.34,-50.85,103.47,-5.5,-11.22,0.85,潛在反彈空間較大、RSI位於低檔整理區、均線糾結，可能處於整理蓄勢,跌幅過深，需留意基本面是否惡化、仍低於中長期均線，需耐心等待,2026-10-08 16:44:20
245,1506,1506.TW,正道,電機機械,9.630000114440918,75,轉折曙光型,39.04,14.4,5.54,-29.19,41.23,-5.43,-6.5,0.21,股價距離52週高點有修復空間、潛在反彈空間較大、RSI位於低檔整理區,仍低於中長期均線，需耐心等待,2026-10-08 16:44:20
246,1532,1532.TW,勤美,電機機械,21.75,75,孤兒股翻身型,35.14,12.87,1.94,-22.87,29.66,-3.41,-2.03,0.94,股價距離52週高點有修復空間、潛在反彈空間較大、RSI位於低檔整理區,仍低於中長期均線，需耐心等待,2026-10-08 16:44:20
247,7753O,7753.TWO,星亞,光電業,35.5,75,轉折曙光型,38.57,10.42,4.96,-27.4,37.75,-5.0,-11.31,0.66,股價距離52週高點有修復空間、潛在反彈空間較大、RSI位於低檔整理區,仍低於中長期均線，需耐心等待,2026-10-08 16:44:20
248,9950O,9950.TWO,萬國通,塑膠工業,10.25,75,防守修復型,48.84,9.17,1.08,-22.93,29.76,-0.73,-3.13,1.75,股價距離52週高點有修復空間、潛在反彈空間較大、RSI位於低檔整理區,仍低於中長期均線，需耐心等待,2026-10-08 16:44:20
249,4108,4108.TW,懷特,生技醫療業,11.350000381469727,75,轉折曙光型,48.95,20.26,0.57,-25.57,34.36,-0.29,-3.67,1.43,股價距離52週高點有修復空間、潛在反彈空間較大、RSI位於低檔整理區,仍低於中長期均線，需耐心等待,2026-10-08 16:44:20
250,8916O,8916.TWO,光隆,其他業,40.79999923706055,75,孤兒股翻身型,43.04,6.76,1.27,-19.37,24.02,-1.59,-6.2,0.85,股價距離52週高點有修復空間、RSI位於低檔整理區、均線糾結，可能處於整理蓄勢,仍低於中長期均線，需耐心等待,2026-10-08 16:44:20
251,5905O,5905.TWO,南仁湖,觀光餐旅,7.380000114440918,75,轉折曙光型,42.57,14.04,7.83,-27.65,38.21,-6.55,-8.56,0.61,股價距離52週高點有修復空間、潛在反彈空間較大、RSI位於低檔整理區,仍低於中長期均線，需耐心等待,2026-10-08 16:44:20
252,5701O,5701.TWO,劍湖山,觀光餐旅,4.190000057220459,75,轉折曙光型,50.98,30.81,4.49,-34.84,53.46,-2.16,-2.49,1.48,股價距離52週高點有修復空間、潛在反彈空間較大、RSI位於低檔整理區,仍低於中長期均線，需耐心等待,2026-10-08 16:44:20
253,6936,6936.TW,永鴻生技,生技醫療業,32.20000076293945,75,防守修復型,52.51,10.53,0.51,-23.33,30.43,0.25,-1.98,2.04,股價距離52週高點有修復空間、潛在反彈空間較大、RSI位於低檔整理區,仍低於中長期均線，需耐心等待,2026-10-08 16:44:20
254,3050,3050.TW,鈺德,光電業,11.600000381469727,75,孤兒股翻身型,51.83,20.24,1.57,-24.18,31.9,0.93,-3.72,0.77,股價距離52週高點有修復空間、潛在反彈空間較大、RSI位於低檔整理區,仍低於中長期均線，需耐心等待,2026-10-08 16:44:20
255,6754,6754.TW,匯僑設計,居家生活,40.5,75,防守修復型,39.59,18.62,1.52,-16.32,19.51,-3.55,-6.8,1.46,股價距離52週高點有修復空間、RSI位於低檔整理區、均線糾結，可能處於整理蓄勢,仍低於中長期均線，需耐心等待,2026-10-08 16:44:20
256,8070,8070.TW,長華*,電子通路業,51.5,75,防守修復型,58.28,18.44,2.41,-21.13,26.8,4.73,1.92,1.5,股價距離52週高點有修復空間、潛在反彈空間較大、均線糾結，可能處於整理蓄勢,仍需觀察技術面是否轉強,2026-10-08 16:44:20
257,6952,6952.TW,大武山,其他業,39.099998474121094,75,防守修復型,59.11,9.42,3.53,-20.77,26.21,4.35,5.45,1.59,股價距離52週高點有修復空間、潛在反彈空間較大、均線糾結，可能處於整理蓄勢,仍需觀察技術面是否轉強,2026-10-08 16:44:20
258,3015,3015.TW,全漢,電子零組件業,52.599998474121094,75,轉折曙光型,45.2,21.75,2.51,-29.68,42.21,-2.81,-4.99,1.26,股價距離52週高點有修復空間、潛在反彈空間較大、RSI位於低檔整理區,仍低於中長期均線，需耐心等待,2026-10-08 16:44:20
259,7760,7760.TW,享溫馨,觀光餐旅,32.54999923706055,75,防守修復型,45.2,18.56,1.53,-24.21,31.95,-2.27,-3.15,1.31,股價距離52週高點有修復空間、潛在反彈空間較大、RSI位於低檔整理區,仍低於中長期均線，需耐心等待,2026-10-08 16:44:20
260,8114,8114.TW,振樺電,電腦及週邊設備業,177.5,75,轉折曙光型,39.31,21.85,10.14,-33.52,50.42,-9.37,-12.64,0.97,股價距離52週高點有修復空間、潛在反彈空間較大、RSI位於低檔整理區,仍低於中長期均線，需耐心等待,2026-10-08 16:44:20
261,8210,8210.TW,勤誠,電腦及週邊設備業,872.0,75,轉折曙光型,41.82,33.33,13.47,-43.92,78.33,-11.99,-24.09,1.42,股價距離52週高點有修復空間、潛在反彈空間較大、RSI位於低檔整理區,仍低於中長期均線，需耐心等待,2026-10-08 16:44:20
262,3038,3038.TW,全台,光電業,20.450000762939453,75,孤兒股翻身型,51.66,13.15,0.86,-18.85,23.23,0.02,-5.59,0.97,股價距離52週高點有修復空間、RSI位於低檔整理區、均線糾結，可能處於整理蓄勢,仍低於中長期均線，需耐心等待,2026-10-08 16:44:20
263,3033,3033.TW,威健,電子通路業,41.70000076293945,75,孤兒股翻身型,39.0,18.12,8.47,-25.0,33.33,-8.2,-9.15,0.63,股價距離52週高點有修復空間、潛在反彈空間較大、RSI位於低檔整理區,仍低於中長期均線，需耐心等待,2026-10-08 16:44:20
264,6235,6235.TW,華孚,電腦及週邊設備業,36.70000076293945,75,轉折曙光型,36.26,24.02,0.98,-50.41,101.63,-5.23,-9.67,1.86,潛在反彈空間較大、RSI位於低檔整理區、均線糾結，可能處於整理蓄勢,跌幅過深，需留意基本面是否惡化、仍低於中長期均線，需耐心等待,2026-10-08 16:44:20
265,1444,1444.TW,力麗,紡織纖維,6.989999771118164,75,轉折曙光型,50.66,32.15,5.2,-30.1,43.06,-3.51,-1.11,2.34,股價距離52週高點有修復空間、潛在反彈空間較大、RSI位於低檔整理區,仍低於中長期均線，需耐心等待,2026-10-08 16:44:20
266,1460,1460.TW,宏遠,紡織纖維,6.150000095367432,75,轉折曙光型,32.83,13.81,6.23,-28.32,39.51,-6.74,-10.39,1.05,股價距離52週高點有修復空間、潛在反彈空間較大、均線糾結，可能處於整理蓄勢,仍低於中長期均線，需耐心等待,2026-10-08 16:44:20
267,6431,6431.TW,光麗-KY,生技醫療業,17.0,75,轉折曙光型,39.08,30.87,6.34,-45.51,83.53,-7.14,-9.93,2.86,潛在反彈空間較大、RSI位於低檔整理區、均線糾結，可能處於整理蓄勢,跌幅過深，需留意基本面是否惡化、仍低於中長期均線，需耐心等待,2026-10-08 16:44:20
268,1618,1618.TW,合機,電器電纜,39.29999923706055,75,防守修復型,52.66,12.12,0.27,-21.56,27.48,0.73,-1.2,1.25,股價距離52週高點有修復空間、潛在反彈空間較大、RSI位於低檔整理區,仍低於中長期均線，需耐心等待,2026-10-08 16:44:20
269,2740O,2740.TWO,華軒,觀光餐旅,31.5,75,轉折曙光型,54.55,30.01,3.16,-31.45,45.87,-0.57,-4.98,0.97,股價距離52週高點有修復空間、潛在反彈空間較大、RSI位於低檔整理區,仍低於中長期均線，需耐心等待,2026-10-08 16:44:20
270,2496,2496.TW,卓越,其他業,54.900001525878906,75,防守修復型,45.7,7.17,1.42,-18.7,22.99,-1.5,-6.3,1.7,股價距離52週高點有修復空間、RSI位於低檔整理區、均線糾結，可能處於整理蓄勢,仍低於中長期均線，需耐心等待,2026-10-08 16:44:20
271,3310O,3310.TWO,佳穎,電子零組件業,67.9000015258789,75,防守修復型,47.07,10.9,0.12,-22.67,29.31,-0.31,-1.05,2.04,股價距離52週高點有修復空間、潛在反彈空間較大、RSI位於低檔整理區,仍低於中長期均線，需耐心等待,2026-10-08 16:44:20
272,4743O,4743.TWO,合一,生技醫療業,47.099998474121094,75,轉折曙光型,54.82,32.58,1.69,-37.03,58.81,1.83,-3.6,1.4,股價距離52週高點有修復空間、潛在反彈空間較大、RSI位於低檔整理區,仍低於中長期均線，需耐心等待,2026-10-08 16:44:20
273,2359,2359.TW,所羅門,其他電子業,127.5,75,轉折曙光型,40.49,27.27,9.11,-28.17,39.22,-8.65,-6.01,0.43,股價距離52週高點有修復空間、潛在反彈空間較大、RSI位於低檔整理區,仍低於中長期均線，需耐心等待,2026-10-08 16:44:20
274,1590,1590.TW,亞德客-KY,電機機械,1230.0,75,孤兒股翻身型,41.68,25.54,12.74,-22.88,29.67,-9.87,-10.4,0.71,股價距離52週高點有修復空間、潛在反彈空間較大、RSI位於低檔整理區,仍低於中長期均線，需耐心等待,2026-10-08 16:44:20
275,2066O,2066.TWO,世德,電機機械,51.79999923706055,75,轉折曙光型,40.52,18.27,8.95,-29.04,40.93,-8.82,-9.5,0.56,股價距離52週高點有修復空間、潛在反彈空間較大、RSI位於低檔整理區,仍低於中長期均線，需耐心等待,2026-10-08 16:44:20
276,2063O,2063.TWO,世鎧,鋼鐵工業,23.549999237060547,75,防守修復型,43.23,12.39,1.54,-20.03,25.05,-1.78,-4.13,1.43,股價距離52週高點有修復空間、潛在反彈空間較大、RSI位於低檔整理區,仍低於中長期均線，需耐心等待,2026-10-08 16:44:20
277,5302O,5302.TWO,太欣,半導體業,9.8100004196167,75,轉折曙光型,43.72,17.95,5.41,-36.5,57.49,-5.11,-10.84,0.52,股價距離52週高點有修復空間、潛在反彈空間較大、RSI位於低檔整理區,仍低於中長期均線，需耐心等待,2026-10-08 16:44:20
278,2751O,2751.TWO,王座,觀光餐旅,54.29999923706055,75,轉折曙光型,57.36,23.23,1.1,-25.72,34.62,2.62,2.2,2.57,股價距離52週高點有修復空間、潛在反彈空間較大、均線糾結，可能處於整理蓄勢,仍需觀察技術面是否轉強,2026-10-08 16:44:20
279,1623,1623.TW,大東電,電器電纜,195.0,75,轉折曙光型,37.9,37.83,5.1,-42.65,74.36,-6.45,-10.75,0.72,股價距離52週高點有修復空間、潛在反彈空間較大、RSI位於低檔整理區,仍低於中長期均線，需耐心等待,2026-10-08 16:44:20
280,2430,2430.TW,燦坤,電子通路業,17.600000381469727,75,轉折曙光型,41.57,13.76,1.92,-28.6,40.06,-0.19,-3.94,0.97,股價距離52週高點有修復空間、潛在反彈空間較大、RSI位於低檔整理區,仍低於中長期均線，需耐心等待,2026-10-08 16:44:20
281,8409O,8409.TWO,商之器,生技醫療業,18.0,75,轉折曙光型,45.42,8.8,1.45,-27.57,38.06,-1.67,-4.48,1.64,股價距離52週高點有修復空間、潛在反彈空間較大、RSI位於低檔整理區,仍低於中長期均線，需耐心等待,2026-10-08 16:44:20
282,4942,4942.TW,嘉彰,光電業,31.549999237060547,75,孤兒股翻身型,36.98,10.27,6.39,-23.98,31.54,-6.12,-11.6,0.64,股價距離52週高點有修復空間、潛在反彈空間較大、RSI位於低檔整理區,仍低於中長期均線，需耐心等待,2026-10-08 16:44:20
283,1308,1308.TW,亞聚,塑膠工業,14.75,75,低檔觀察型,59.15,30.63,2.67,-23.97,31.53,5.88,5.45,1.7,股價距離52週高點有修復空間、潛在反彈空間較大、均線糾結，可能處於整理蓄勢,仍需觀察技術面是否轉強,2026-10-08 16:44:20
284,6465O,6465.TWO,威潤,通信網路業,41.20000076293945,75,轉折曙光型,37.88,27.34,11.85,-42.13,72.82,-11.13,-18.12,1.12,股價距離52週高點有修復空間、潛在反彈空間較大、RSI位於低檔整理區,仍低於中長期均線，需耐心等待,2026-10-08 16:44:20
285,1805,1805.TW,寶徠,建材營造業,10.0,75,孤兒股翻身型,43.53,10.29,0.29,-22.48,29.0,-0.77,-2.39,0.97,股價距離52週高點有修復空間、潛在反彈空間較大、RSI位於低檔整理區,仍低於中長期均線，需耐心等待,2026-10-08 16:44:20
286,4173O,4173.TWO,久裕,生技醫療業,17.200000762939453,75,轉折曙光型,46.73,11.01,1.46,-28.33,39.53,-1.44,-4.05,1.25,股價距離52週高點有修復空間、潛在反彈空間較大、RSI位於低檔整理區,仍低於中長期均線，需耐心等待,2026-10-08 16:44:20
287,4192O,4192.TWO,杏國,生技醫療業,17.799999237060547,75,轉折曙光型,40.58,40.45,4.66,-36.43,57.3,-6.41,-9.59,3.15,股價距離52週高點有修復空間、潛在反彈空間較大、RSI位於低檔整理區,仍低於中長期均線，需耐心等待,2026-10-08 16:44:20
288,6496O,6496.TWO,科懋,生技醫療業,23.850000381469727,75,防守修復型,44.29,17.5,2.48,-20.76,26.21,-2.32,-2.66,7.65,股價距離52週高點有修復空間、潛在反彈空間較大、RSI位於低檔整理區,仍低於中長期均線，需耐心等待,2026-10-08 16:44:20
289,4433O,4433.TWO,興采,紡織纖維,18.0,75,轉折曙光型,38.74,17.89,5.15,-25.62,34.44,-5.37,-9.14,0.11,股價距離52週高點有修復空間、潛在反彈空間較大、RSI位於低檔整理區,仍低於中長期均線，需耐心等待,2026-10-08 16:44:20
290,4426,4426.TW,利勤,紡織纖維,7.610000133514404,75,轉折曙光型,47.31,17.57,2.85,-25.39,34.03,-2.78,-4.68,1.05,股價距離52週高點有修復空間、潛在反彈空間較大、RSI位於低檔整理區,仍低於中長期均線，需耐心等待,2026-10-08 16:44:20
291,4440,4440.TW,宜新實業,紡織纖維,17.450000762939453,75,防守修復型,48.09,16.48,0.36,-21.4,27.22,-0.42,-1.14,1.51,股價距離52週高點有修復空間、潛在反彈空間較大、RSI位於低檔整理區,仍低於中長期均線，需耐心等待,2026-10-08 16:44:20
292,8077O,8077.TWO,洛碁,觀光餐旅,41.20000076293945,75,孤兒股翻身型,36.74,25.07,4.28,-23.99,31.55,-6.02,-8.46,0.0,股價距離52週高點有修復空間、潛在反彈空間較大、RSI位於低檔整理區,仍低於中長期均線，需耐心等待,2026-10-08 16:44:20
293,8080O,8080.TWO,泰霖,建材營造業,28.299999237060547,75,轉折曙光型,49.1,16.46,1.51,-40.73,68.73,0.48,0.52,2.38,股價距離52週高點有修復空間、潛在反彈空間較大、RSI位於低檔整理區,仍需觀察技術面是否轉強,2026-10-08 16:44:20
294,1319,1319.TW,東陽,汽車工業,80.0,75,轉折曙光型,53.9,19.82,1.03,-30.43,43.75,2.43,-0.89,1.38,股價距離52週高點有修復空間、潛在反彈空間較大、RSI位於低檔整理區,仍低於中長期均線，需耐心等待,2026-10-08 16:44:20
295,1324,1324.TW,地球,塑膠工業,9.920000076293945,75,防守修復型,43.02,10.64,1.18,-22.2,28.53,-1.63,-3.6,1.55,股價距離52週高點有修復空間、潛在反彈空間較大、RSI位於低檔整理區,仍低於中長期均線，需耐心等待,2026-10-08 16:44:20
296,8908O,8908.TWO,欣雄,油電燃氣業,39.79999923706055,73,防守修復型,47.93,8.32,2.37,-16.22,19.36,1.52,1.22,1.74,股價距離52週高點有修復空間、RSI位於低檔整理區、均線糾結，可能處於整理蓄勢,仍需觀察技術面是否轉強,2026-10-08 16:44:20
297,4952,4952.TW,凌通,半導體業,49.349998474121094,73,孤兒股翻身型,49.62,24.28,1.89,-18.43,22.59,-0.25,-3.26,0.98,股價距離52週高點有修復空間、RSI位於低檔整理區、均線糾結，可能處於整理蓄勢,仍低於中長期均線，需耐心等待,2026-10-08 16:44:20
298,1762,1762.TW,中化生,生技醫療業,33.900001525878906,73,孤兒股翻身型,45.2,15.66,2.38,-19.86,24.78,-2.04,-3.77,0.9,股價距離52週高點有修復空間、RSI位於低檔整理區、均線糾結，可能處於整理蓄勢,仍低於中長期均線，需耐心等待,2026-10-08 16:44:20
299,6579,6579.TW,研揚,電腦及週邊設備業,153.0,73,防守修復型,48.5,23.99,2.11,-16.62,19.93,-1.77,-0.3,2.32,股價距離52週高點有修復空間、RSI位於低檔整理區、均線糾結，可能處於整理蓄勢,仍低於中長期均線，需耐心等待,2026-10-08 16:44:20
300,6598,6598.TW,ABC-KY,生技醫療業,26.75,73,孤兒股翻身型,43.82,34.32,3.48,-15.08,17.76,-4.55,3.81,0.77,股價距離52週高點有修復空間、RSI位於低檔整理區、均線糾結，可能處於整理蓄勢,仍需觀察技術面是否轉強,2026-10-08 16:44:20
301,6279O,6279.TWO,胡連,電子零組件業,116.0,73,防守修復型,51.0,18.41,5.18,-16.55,19.83,-2.4,-1.71,1.28,股價距離52週高點有修復空間、RSI位於低檔整理區、均線糾結，可能處於整理蓄勢,仍低於中長期均線，需耐心等待,2026-10-08 16:44:20
302,3168,3168.TW,眾福科,光電業,42.20000076293945,73,孤兒股翻身型,46.34,18.23,0.44,-19.0,23.46,-0.62,-4.21,0.91,股價距離52週高點有修復空間、RSI位於低檔整理區、均線糾結，可能處於整理蓄勢,仍低於中長期均線，需耐心等待,2026-10-08 16:44:20
303,4162O,4162.TWO,智擎,生技醫療業,55.79999923706055,73,孤兒股翻身型,44.65,16.21,8.13,-24.39,32.26,-6.84,-4.92,0.79,股價距離52週高點有修復空間、潛在反彈空間較大、RSI位於低檔整理區,仍低於中長期均線，需耐心等待,2026-10-08 16:44:20
304,5530O,5530.TWO,龍巖,其他業,48.29999923706055,73,防守修復型,39.88,10.31,0.84,-16.72,20.08,-1.48,-0.14,1.29,股價距離52週高點有修復空間、RSI位於低檔整理區、均線糾結，可能處於整理蓄勢,仍低於中長期均線，需耐心等待,2026-10-08 16:44:20
305,2461,2461.TW,光群雷,其他電子業,17.049999237060547,73,防守修復型,41.3,24.02,1.23,-15.17,17.89,-1.68,-1.63,1.44,股價距離52週高點有修復空間、RSI位於低檔整理區、均線糾結，可能處於整理蓄勢,仍低於中長期均線，需耐心等待,2026-10-08 16:44:20
306,4116O,4116.TWO,明基醫,生技醫療業,39.75,73,孤兒股翻身型,52.47,8.77,0.9,-19.7,24.53,1.1,2.38,0.83,股價距離52週高點有修復空間、RSI位於低檔整理區、均線糾結，可能處於整理蓄勢,仍需觀察技術面是否轉強,2026-10-08 16:44:20
307,4102O,4102.TWO,永日,生技醫療業,18.649999618530273,73,防守修復型,48.56,17.24,3.66,-19.44,24.13,-2.55,-0.54,1.34,股價距離52週高點有修復空間、RSI位於低檔整理區、均線糾結，可能處於整理蓄勢,仍低於中長期均線，需耐心等待,2026-10-08 16:44:20
308,5704O,5704.TWO,老爺知,觀光餐旅,22.5,73,孤兒股翻身型,44.56,9.32,1.33,-18.77,23.11,0.49,2.72,0.87,股價距離52週高點有修復空間、RSI位於低檔整理區、均線糾結，可能處於整理蓄勢,仍需觀察技術面是否轉強,2026-10-08 16:44:20
309,7718O,7718.TWO,友鋮,電機機械,45.79999923706055,73,孤兒股翻身型,42.32,11.25,2.01,-16.73,20.09,-2.29,-3.46,0.92,股價距離52週高點有修復空間、RSI位於低檔整理區、均線糾結，可能處於整理蓄勢,仍低於中長期均線，需耐心等待,2026-10-08 16:44:20
310,1598,1598.TW,岱宇,運動休閒,20.25,73,防守修復型,48.23,24.63,0.9,-16.84,20.25,0.01,0.08,1.48,股價距離52週高點有修復空間、RSI位於低檔整理區、均線糾結，可能處於整理蓄勢,仍需觀察技術面是否轉強,2026-10-08 16:44:20
311,6409,6409.TW,旭隼,其他電子業,888.0,73,轉折曙光型,42.15,32.2,8.42,-31.16,45.27,-7.77,-2.74,0.76,股價距離52週高點有修復空間、潛在反彈空間較大、RSI位於低檔整理區,仍低於中長期均線，需耐心等待,2026-10-08 16:44:20
312,1443,1443.TW,立益物流,其他業,23.100000381469727,73,孤兒股翻身型,42.34,20.2,6.82,-19.23,23.81,-6.73,-8.25,0.17,股價距離52週高點有修復空間、RSI位於低檔整理區、均線糾結，可能處於整理蓄勢,仍低於中長期均線，需耐心等待,2026-10-08 16:44:20
313,3003,3003.TW,健和興,電子零組件業,58.5,73,孤兒股翻身型,41.9,21.48,5.15,-18.86,23.25,-5.34,-5.2,0.52,股價距離52週高點有修復空間、RSI位於低檔整理區、均線糾結，可能處於整理蓄勢,仍低於中長期均線，需耐心等待,2026-10-08 16:44:20
314,2597,2597.TW,潤弘,建材營造業,165.5,73,防守修復型,43.65,18.84,1.25,-18.87,23.26,-0.77,-0.89,1.12,股價距離52週高點有修復空間、RSI位於低檔整理區、均線糾結，可能處於整理蓄勢,仍低於中長期均線，需耐心等待,2026-10-08 16:44:20
315,2643O,2643.TWO,捷迅,航運業,63.0,73,防守修復型,54.91,8.91,1.49,-17.0,20.48,2.03,-1.2,3.99,股價距離52週高點有修復空間、RSI位於低檔整理區、均線糾結，可能處於整理蓄勢,仍低於中長期均線，需耐心等待,2026-10-08 16:44:20
316,5276O,5276.TWO,達輝-KY,其他業,18.0,73,低檔觀察型,48.47,32.93,3.6,-18.92,23.33,-3.04,-4.41,1.17,股價距離52週高點有修復空間、RSI位於低檔整理區、均線糾結，可能處於整理蓄勢,仍低於中長期均線，需耐心等待,2026-10-08 16:44:20
317,6680O,6680.TWO,鑫創電子,電腦及週邊設備業,50.099998474121094,73,轉折曙光型,37.17,33.65,1.46,-30.27,43.41,-5.24,-4.47,0.79,股價距離52週高點有修復空間、潛在反彈空間較大、RSI位於低檔整理區,仍低於中長期均線，需耐心等待,2026-10-08 16:44:20
318,5481O,5481.TWO,新華,其他業,20.399999618530273,73,防守修復型,38.14,29.17,4.29,-16.05,19.12,-1.71,-1.15,2.09,股價距離52週高點有修復空間、RSI位於低檔整理區、均線糾結，可能處於整理蓄勢,仍低於中長期均線，需耐心等待,2026-10-08 16:44:20
319,2509,2509.TW,全坤建,建材營造業,13.600000381469727,73,防守修復型,35.29,24.31,2.17,-17.58,21.32,-3.25,-0.53,2.44,股價距離52週高點有修復空間、RSI位於低檔整理區、均線糾結，可能處於整理蓄勢,仍低於中長期均線，需耐心等待,2026-10-08 16:44:20
320,3043,3043.TW,科風,其他電子業,20.850000381469727,73,孤兒股翻身型,52.96,19.98,0.66,-16.27,19.42,0.75,-1.46,0.95,股價距離52週高點有修復空間、RSI位於低檔整理區、均線糾結，可能處於整理蓄勢,仍低於中長期均線，需耐心等待,2026-10-08 16:44:20
321,6762O,6762.TWO,達亞,生技醫療業,156.0,73,孤兒股翻身型,35.38,22.91,4.89,-20.1,25.15,-6.07,-4.69,0.0,股價距離52週高點有修復空間、潛在反彈空間較大、RSI位於低檔整理區,仍低於中長期均線，需耐心等待,2026-10-08 16:44:20
322,3019,3019.TW,亞光,光電業,138.0,73,防守修復型,50.13,28.19,0.59,-15.85,18.84,1.07,-2.6,1.01,股價距離52週高點有修復空間、RSI位於低檔整理區、均線糾結，可能處於整理蓄勢,仍低於中長期均線，需耐心等待,2026-10-08 16:44:20
323,3046,3046.TW,建碁,電腦及週邊設備業,53.0,73,防守修復型,40.06,15.56,3.35,-17.19,20.75,-3.9,-2.31,1.17,股價距離52週高點有修復空間、RSI位於低檔整理區、均線糾結，可能處於整理蓄勢,仍低於中長期均線，需耐心等待,2026-10-08 16:44:20
324,4153O,4153.TWO,鈺緯,生技醫療業,31.649999618530273,73,防守修復型,46.52,19.0,1.62,-17.58,21.33,-1.4,0.6,2.58,股價距離52週高點有修復空間、RSI位於低檔整理區、均線糾結，可能處於整理蓄勢,仍需觀察技術面是否轉強,2026-10-08 16:44:20
325,6698,6698.TW,旭暉應材,其他電子業,31.899999618530273,72,轉折曙光型,48.91,35.35,2.42,-33.19,49.69,-2.19,-8.16,1.51,股價距離52週高點有修復空間、潛在反彈空間較大、RSI位於低檔整理區,仍低於中長期均線，需耐心等待,2026-10-08 16:44:20
326,4584O,4584.TWO,君帆,電機機械,38.0,72,轉折曙光型,50.54,12.66,3.25,-30.28,43.42,-2.05,-5.28,0.72,股價距離52週高點有修復空間、潛在反彈空間較大、RSI位於低檔整理區,仍低於中長期均線，需耐心等待,2026-10-08 16:44:20
327,3051,3051.TW,力特,光電業,22.450000762939453,72,轉折曙光型,49.31,32.29,2.74,-27.11,37.19,-0.33,-8.9,0.67,股價距離52週高點有修復空間、潛在反彈空間較大、RSI位於低檔整理區,仍低於中長期均線，需耐心等待,2026-10-08 16:44:20
328,8455O,8455.TWO,大拓-KY,其他電子業,23.200000762939453,72,轉折曙光型,53.24,30.16,6.76,-49.95,99.78,-2.78,-14.32,1.56,潛在反彈空間較大、RSI位於低檔整理區、均線糾結，可能處於整理蓄勢,跌幅過深，需留意基本面是否惡化、仍低於中長期均線，需耐心等待,2026-10-08 16:44:20
329,2374,2374.TW,佳能,光電業,66.5999984741211,72,轉折曙光型,46.21,13.32,1.95,-29.27,41.39,-1.83,-8.22,0.69,股價距離52週高點有修復空間、潛在反彈空間較大、RSI位於低檔整理區,仍低於中長期均線，需耐心等待,2026-10-08 16:44:20
330,2329,2329.TW,華泰,半導體業,45.400001525878906,72,轉折曙光型,59.54,24.02,2.16,-35.05,53.96,3.5,-9.35,0.88,股價距離52週高點有修復空間、潛在反彈空間較大、均線糾結，可能處於整理蓄勢,仍低於中長期均線，需耐心等待,2026-10-08 16:44:20
331,6735O,6735.TWO,美達科技,其他電子業,63.20000076293945,72,轉折曙光型,46.28,29.63,3.08,-56.41,129.43,-2.08,-25.19,1.46,潛在反彈空間較大、RSI位於低檔整理區、均線糾結，可能處於整理蓄勢,跌幅過深，需留意基本面是否惡化、仍低於中長期均線，需耐心等待,2026-10-08 16:44:20
332,6624O,6624.TWO,萬年清,綠能環保,38.349998474121094,72,轉折曙光型,45.28,32.55,4.87,-47.1,89.05,-4.9,-10.43,1.52,潛在反彈空間較大、RSI位於低檔整理區、均線糾結，可能處於整理蓄勢,跌幅過深，需留意基本面是否惡化、仍低於中長期均線，需耐心等待,2026-10-08 16:44:20
333,6584O,6584.TWO,南俊國際,電子零組件業,538.0,72,轉折曙光型,43.21,39.97,3.96,-33.17,49.63,-4.39,-13.35,1.74,股價距離52週高點有修復空間、潛在反彈空間較大、RSI位於低檔整理區,仍低於中長期均線，需耐心等待,2026-10-08 16:44:20
334,7820O,7820.TWO,立盈,綠能環保,110.5,72,轉折曙光型,48.99,31.73,2.86,-47.63,90.95,-1.44,-10.46,1.4,潛在反彈空間較大、RSI位於低檔整理區、均線糾結，可能處於整理蓄勢,跌幅過深，需留意基本面是否惡化、仍低於中長期均線，需耐心等待,2026-10-08 16:44:20
335,3289O,3289.TWO,宜特,其他電子業,142.5,72,轉折曙光型,55.84,28.56,2.04,-32.3,47.72,1.36,-9.46,0.89,股價距離52週高點有修復空間、潛在反彈空間較大、均線糾結，可能處於整理蓄勢,仍低於中長期均線，需耐心等待,2026-10-08 16:44:20
336,3163O,3163.TWO,波若威,通信網路業,702.0,72,轉折曙光型,53.25,50.48,0.3,-36.31,57.0,3.89,-6.88,1.75,股價距離52週高點有修復空間、潛在反彈空間較大、RSI位於低檔整理區,仍低於中長期均線，需耐心等待,2026-10-08 16:44:20
337,6208O,6208.TWO,日揚,半導體業,79.80000305175781,72,孤兒股翻身型,57.26,31.95,4.82,-24.72,32.83,-0.21,-5.94,0.74,股價距離52週高點有修復空間、潛在反彈空間較大、均線糾結，可能處於整理蓄勢,仍低於中長期均線，需耐心等待,2026-10-08 16:44:20
338,6823O,6823.TWO,濾能,半導體業,60.20000076293945,72,轉折曙光型,46.73,29.94,3.26,-42.94,75.25,-3.12,-13.36,0.76,股價距離52週高點有修復空間、潛在反彈空間較大、RSI位於低檔整理區,仍低於中長期均線，需耐心等待,2026-10-08 16:44:20
339,6616O,6616.TWO,特昇-KY,居家生活,8.5,72,防守修復型,55.29,22.93,3.63,-21.66,27.65,-0.8,-6.19,2.03,股價距離52週高點有修復空間、潛在反彈空間較大、均線糾結，可能處於整理蓄勢,仍低於中長期均線，需耐心等待,2026-10-08 16:44:20
340,2375,2375.TW,凱美,電子零組件業,129.5,72,轉折曙光型,59.74,32.78,4.48,-44.3,79.54,2.11,-5.02,4.23,股價距離52週高點有修復空間、潛在反彈空間較大、均線糾結，可能處於整理蓄勢,仍低於中長期均線，需耐心等待,2026-10-08 16:44:20
341,3708,3708.TW,上緯投控,綠能環保,96.19999694824219,72,轉折曙光型,44.21,28.11,1.35,-26.84,36.69,-2.61,-11.24,0.28,股價距離52週高點有修復空間、潛在反彈空間較大、RSI位於低檔整理區,仍低於中長期均線，需耐心等待,2026-10-08 16:44:20
342,6451,6451.TW,訊芯-KY,半導體業,426.5,72,轉折曙光型,49.71,49.83,1.34,-41.09,69.75,-0.06,-11.08,0.9,股價距離52週高點有修復空間、潛在反彈空間較大、RSI位於低檔整理區,仍低於中長期均線，需耐心等待,2026-10-08 16:44:20
343,8155O,8155.TWO,博智,電子零組件業,334.0,72,轉折曙光型,52.25,50.87,2.21,-26.83,36.68,4.12,-6.4,1.07,股價距離52週高點有修復空間、潛在反彈空間較大、RSI位於低檔整理區,仍低於中長期均線，需耐心等待,2026-10-08 16:44:20
344,6560O,6560.TWO,欣普羅,光電業,33.04999923706055,72,轉折曙光型,53.0,59.08,1.35,-30.79,44.48,2.59,-6.5,3.77,股價距離52週高點有修復空間、潛在反彈空間較大、RSI位於低檔整理區,仍低於中長期均線，需耐心等待,2026-10-08 16:44:20
345,6228O,6228.TWO,全譜,電腦及週邊設備業,18.149999618530273,72,轉折曙光型,53.06,56.62,2.13,-44.83,81.27,1.84,-7.87,1.04,股價距離52週高點有修復空間、潛在反彈空間較大、RSI位於低檔整理區,仍低於中長期均線，需耐心等待,2026-10-08 16:44:20
346,3028,3028.TW,增你強,電子通路業,63.099998474121094,72,轉折曙光型,48.92,16.86,4.45,-25.24,33.76,-2.93,-10.58,0.7,股價距離52週高點有修復空間、潛在反彈空間較大、RSI位於低檔整理區,仍低於中長期均線，需耐心等待,2026-10-08 16:44:20
347,3321,3321.TW,同泰,電子零組件業,17.649999618530273,72,轉折曙光型,45.27,35.92,2.99,-34.26,52.12,-3.31,-6.74,1.03,股價距離52週高點有修復空間、潛在反彈空間較大、RSI位於低檔整理區,仍低於中長期均線，需耐心等待,2026-10-08 16:44:20
348,6657,6657.TW,華安,生技醫療業,33.400001525878906,72,轉折曙光型,53.13,59.14,4.49,-43.0,75.45,3.5,-5.78,1.03,股價距離52週高點有修復空間、潛在反彈空間較大、RSI位於低檔整理區,仍低於中長期均線，需耐心等待,2026-10-08 16:44:20
349,4510O,4510.TWO,高鋒,電機機械,41.900001525878906,72,孤兒股翻身型,41.22,25.67,2.45,-22.84,29.59,-0.82,-5.47,0.62,股價距離52週高點有修復空間、潛在反彈空間較大、RSI位於低檔整理區,仍低於中長期均線，需耐心等待,2026-10-08 16:44:20
350,3152O,3152.TWO,璟德,通信網路業,242.5,72,轉折曙光型,59.25,29.29,1.81,-38.39,62.3,4.5,-12.17,1.56,股價距離52週高點有修復空間、潛在反彈空間較大、均線糾結，可能處於整理蓄勢,仍低於中長期均線，需耐心等待,2026-10-08 16:44:20
351,6246O,6246.TWO,臺龍,光電業,12.649999618530273,72,轉折曙光型,46.63,19.18,0.3,-29.72,42.29,-1.21,-11.51,0.59,股價距離52週高點有修復空間、潛在反彈空間較大、RSI位於低檔整理區,仍低於中長期均線，需耐心等待,2026-10-08 16:44:20
352,9924,9924.TW,福興,居家生活,37.95000076293945,72,轉折曙光型,45.58,9.1,1.99,-31.62,46.25,-1.84,-5.84,0.72,股價距離52週高點有修復空間、潛在反彈空間較大、RSI位於低檔整理區,仍低於中長期均線，需耐心等待,2026-10-08 16:44:20
353,6121O,6121.TWO,新普,電腦及週邊設備業,370.0,72,孤兒股翻身型,39.4,16.84,2.04,-20.86,26.35,-3.8,-5.12,0.64,股價距離52週高點有修復空間、潛在反彈空間較大、RSI位於低檔整理區,仍低於中長期均線，需耐心等待,2026-10-08 16:44:20
354,3709O,3709.TWO,鑫聯大投控,電腦及週邊設備業,66.0,72,轉折曙光型,53.79,30.71,7.83,-28.96,40.76,-3.94,-11.23,0.68,股價距離52週高點有修復空間、潛在反彈空間較大、RSI位於低檔整理區,仍低於中長期均線，需耐心等待,2026-10-08 16:44:20
355,3710O,3710.TWO,連展投控,電子零組件業,8.25,72,轉折曙光型,51.33,50.87,3.84,-42.85,74.99,-1.71,-12.2,1.5,股價距離52週高點有修復空間、潛在反彈空間較大、RSI位於低檔整理區,仍低於中長期均線，需耐心等待,2026-10-08 16:44:20
356,3379O,3379.TWO,彬台,電機機械,27.299999237060547,72,轉折曙光型,42.81,25.79,3.96,-54.88,121.61,-4.4,-16.83,1.02,潛在反彈空間較大、RSI位於低檔整理區、均線糾結，可能處於整理蓄勢,跌幅過深，需留意基本面是否惡化、仍低於中長期均線，需耐心等待,2026-10-08 16:44:20
357,8422,8422.TW,可寧衛*,綠能環保,25.600000381469727,72,轉折曙光型,44.81,19.33,2.45,-50.67,102.73,-2.21,-5.31,0.96,潛在反彈空間較大、RSI位於低檔整理區、均線糾結，可能處於整理蓄勢,跌幅過深，需留意基本面是否惡化、仍低於中長期均線，需耐心等待,2026-10-08 16:44:20
358,3483O,3483.TWO,力致,電腦及週邊設備業,79.0,72,轉折曙光型,53.98,37.25,3.58,-30.7,44.3,3.75,-6.52,0.96,股價距離52週高點有修復空間、潛在反彈空間較大、RSI位於低檔整理區,仍低於中長期均線，需耐心等待,2026-10-08 16:44:20
359,6163O,6163.TWO,華電網,資訊服務業,42.849998474121094,72,轉折曙光型,55.88,34.45,1.56,-42.17,72.93,3.17,-10.26,1.22,股價距離52週高點有修復空間、潛在反彈空間較大、均線糾結，可能處於整理蓄勢,仍低於中長期均線，需耐心等待,2026-10-08 16:44:20
360,3305,3305.TW,昇貿,其他電子業,110.0,72,轉折曙光型,59.15,29.88,3.83,-34.33,52.27,1.91,-9.08,0.91,股價距離52週高點有修復空間、潛在反彈空間較大、均線糾結，可能處於整理蓄勢,仍低於中長期均線，需耐心等待,2026-10-08 16:44:20
361,3390O,3390.TWO,旭軟,電子零組件業,22.299999237060547,72,轉折曙光型,52.5,16.46,2.5,-25.54,34.3,-0.94,-10.69,0.57,股價距離52週高點有修復空間、潛在反彈空間較大、RSI位於低檔整理區,仍低於中長期均線，需耐心等待,2026-10-08 16:44:20
362,3523O,3523.TWO,迎輝,光電業,13.75,72,轉折曙光型,40.6,79.47,4.92,-40.86,69.09,-9.19,-8.73,0.85,股價距離52週高點有修復空間、潛在反彈空間較大、RSI位於低檔整理區,波動過高，風險較大、仍低於中長期均線，需耐心等待,2026-10-08 16:44:20
363,3131O,3131.TWO,弘塑,半導體業,2450.0,72,轉折曙光型,49.54,46.77,3.48,-37.26,59.39,-2.86,-14.35,0.92,股價距離52週高點有修復空間、潛在反彈空間較大、RSI位於低檔整理區,仍低於中長期均線，需耐心等待,2026-10-08 16:44:20
364,2947O,2947.TWO,振宇五金,居家生活,60.5,72,轉折曙光型,44.47,20.42,2.64,-31.87,46.78,-2.91,-13.0,0.77,股價距離52週高點有修復空間、潛在反彈空間較大、RSI位於低檔整理區,仍低於中長期均線，需耐心等待,2026-10-08 16:44:20
365,7705,7705.TW,三商餐飲,觀光餐旅,29.75,70,轉折曙光型,42.0,5.41,1.6,-30.0,42.86,-1.85,-4.34,2.04,股價距離52週高點有修復空間、潛在反彈空間較大、RSI位於低檔整理區,仍低於中長期均線，需耐心等待,2026-10-08 16:44:20
366,7750,7750.TW,新代,電機機械,1995.0,70,轉折曙光型,46.31,57.5,9.63,-35.02,53.88,-7.15,-10.34,0.75,股價距離52週高點有修復空間、潛在反彈空間較大、RSI位於低檔整理區,仍低於中長期均線，需耐心等待,2026-10-08 16:44:20
367,4128O,4128.TWO,中天,生技醫療業,15.350000381469727,70,轉折曙光型,59.7,16.5,1.66,-31.47,45.93,2.86,0.95,1.08,股價距離52週高點有修復空間、潛在反彈空間較大、均線糾結，可能處於整理蓄勢,仍需觀察技術面是否轉強,2026-10-08 16:44:20
368,4442O,4442.TWO,竣邦-KY,紡織纖維,53.400001525878906,70,轉折曙光型,48.96,24.72,0.83,-26.45,35.96,-0.67,0.17,0.26,股價距離52週高點有修復空間、潛在反彈空間較大、RSI位於低檔整理區,仍需觀察技術面是否轉強,2026-10-08 16:44:20
369,6492O,6492.TWO,生華科,生技醫療業,34.0,70,轉折曙光型,42.59,15.68,8.38,-48.09,92.65,-7.78,-18.44,1.11,潛在反彈空間較大、RSI位於低檔整理區、波動相對可控,跌幅過深，需留意基本面是否惡化、仍低於中長期均線，需耐心等待,2026-10-08 16:44:20
370,8938O,8938.TWO,明安,運動休閒,51.79999923706055,70,轉折曙光型,46.96,22.78,1.85,-31.12,45.17,-2.27,-4.27,1.55,股價距離52週高點有修復空間、潛在反彈空間較大、RSI位於低檔整理區,仍低於中長期均線，需耐心等待,2026-10-08 16:44:20
371,2227,2227.TW,裕日車,汽車工業,44.400001525878906,70,防守修復型,32.82,14.29,7.18,-22.65,29.28,-7.49,-10.07,1.01,股價距離52週高點有修復空間、潛在反彈空間較大、均線糾結，可能處於整理蓄勢,仍低於中長期均線，需耐心等待,2026-10-08 16:44:20
372,2211,2211.TW,長榮鋼,鋼鐵工業,79.80000305175781,70,轉折曙光型,40.8,13.68,6.1,-34.05,51.63,-5.42,-11.24,0.54,股價距離52週高點有修復空間、潛在反彈空間較大、RSI位於低檔整理區,仍低於中長期均線，需耐心等待,2026-10-08 16:44:20
373,8477O,8477.TWO,創業家,數位雲端,14.100000381469727,70,轉折曙光型,29.82,20.95,8.05,-32.05,47.16,-7.9,-10.93,0.96,股價距離52週高點有修復空間、潛在反彈空間較大、股價已脫離52週低點,RSI過低，短線賣壓仍重、仍低於中長期均線，需耐心等待,2026-10-08 16:44:20
374,6129O,6129.TWO,普誠,半導體業,14.300000190734863,70,轉折曙光型,42.41,52.12,7.27,-39.14,64.3,-8.31,-17.37,0.71,股價距離52週高點有修復空間、潛在反彈空間較大、RSI位於低檔整理區,仍低於中長期均線，需耐心等待,2026-10-08 16:44:20
375,8272O,8272.TWO,全景軟體,資訊服務業,60.20000076293945,70,轉折曙光型,35.6,28.1,2.18,-35.89,55.98,-6.48,-10.89,0.41,股價距離52週高點有修復空間、潛在反彈空間較大、RSI位於低檔整理區,仍低於中長期均線，需耐心等待,2026-10-08 16:44:20
376,6719,6719.TW,力智,半導體業,189.5,70,轉折曙光型,50.26,25.25,8.19,-39.36,64.91,-5.34,-12.04,0.57,股價距離52週高點有修復空間、潛在反彈空間較大、RSI位於低檔整理區,仍低於中長期均線，需耐心等待,2026-10-08 16:44:20
377,8927O,8927.TWO,北基,油電燃氣業,18.450000762939453,70,轉折曙光型,38.3,24.99,4.07,-34.69,53.12,-6.02,-8.68,0.69,股價距離52週高點有修復空間、潛在反彈空間較大、RSI位於低檔整理區,仍低於中長期均線，需耐心等待,2026-10-08 16:44:20
378,8401O,8401.TWO,白紗科,其他業,22.600000381469727,70,孤兒股翻身型,42.8,7.31,0.63,-23.78,31.19,-0.97,-2.27,0.74,股價距離52週高點有修復空間、潛在反彈空間較大、RSI位於低檔整理區,仍低於中長期均線，需耐心等待,2026-10-08 16:44:20
379,3057,3057.TW,喬鼎,電腦及週邊設備業,15.0,70,轉折曙光型,34.11,29.44,2.49,-37.24,59.33,-7.49,-16.89,1.45,股價距離52週高點有修復空間、潛在反彈空間較大、均線糾結，可能處於整理蓄勢,仍低於中長期均線，需耐心等待,2026-10-08 16:44:20
380,4726O,4726.TWO,永昕,生技醫療業,22.700000762939453,70,轉折曙光型,41.0,19.5,5.15,-36.94,58.59,-5.31,-11.33,0.48,股價距離52週高點有修復空間、潛在反彈空間較大、RSI位於低檔整理區,仍低於中長期均線，需耐心等待,2026-10-08 16:44:20
381,4402O,4402.TWO,郡都開發,紡織纖維,13.600000381469727,70,轉折曙光型,39.01,27.23,9.66,-33.17,49.63,-10.29,-8.68,0.1,股價距離52週高點有修復空間、潛在反彈空間較大、RSI位於低檔整理區,仍低於中長期均線，需耐心等待,2026-10-08 16:44:20
382,6275O,6275.TWO,元山,電子零組件業,47.349998474121094,70,孤兒股翻身型,59.16,15.39,3.9,-22.12,28.41,5.29,-0.37,0.84,股價距離52週高點有修復空間、潛在反彈空間較大、均線糾結，可能處於整理蓄勢,仍低於中長期均線，需耐心等待,2026-10-08 16:44:20
383,6188O,6188.TWO,廣明,電腦及週邊設備業,62.5,70,轉折曙光型,41.61,13.66,8.17,-47.03,88.8,-6.88,-16.32,0.92,潛在反彈空間較大、RSI位於低檔整理區、波動相對可控,跌幅過深，需留意基本面是否惡化、仍低於中長期均線，需耐心等待,2026-10-08 16:44:20
384,6241O,6241.TWO,鑫永洋,通信網路業,16.350000381469727,70,轉折曙光型,47.75,33.39,18.67,-36.54,57.59,-13.08,-6.91,1.01,股價距離52週高點有修復空間、潛在反彈空間較大、RSI位於低檔整理區,仍低於中長期均線，需耐心等待,2026-10-08 16:44:20
385,3492O,3492.TWO,長盛,電子零組件業,19.399999618530273,70,轉折曙光型,47.68,12.96,7.07,-31.69,46.39,-5.56,-10.42,0.16,股價距離52週高點有修復空間、潛在反彈空間較大、RSI位於低檔整理區,仍低於中長期均線，需耐心等待,2026-10-08 16:44:20
386,3521O,3521.TWO,台鋼建設,建材營造業,11.550000190734863,70,轉折曙光型,37.68,17.72,3.35,-31.25,45.45,-5.04,-8.29,0.35,股價距離52週高點有修復空間、潛在反彈空間較大、RSI位於低檔整理區,仍低於中長期均線，需耐心等待,2026-10-08 16:44:20
387,2431,2431.TW,聯昌,電子零組件業,10.149999618530273,70,轉折曙光型,50.86,18.16,2.11,-42.49,73.89,-1.1,-4.64,1.31,股價距離52週高點有修復空間、潛在反彈空間較大、RSI位於低檔整理區,仍低於中長期均線，需耐心等待,2026-10-08 16:44:20
388,2427,2427.TW,三商電,資訊服務業,22.950000762939453,70,孤兒股翻身型,48.91,31.59,1.53,-21.4,27.23,0.27,1.64,0.26,股價距離52週高點有修復空間、潛在反彈空間較大、RSI位於低檔整理區,仍需觀察技術面是否轉強,2026-10-08 16:44:20
389,3713O,3713.TWO,新晶投控,綠能環保,13.5,70,轉折曙光型,29.81,14.33,4.28,-43.63,77.41,-6.27,-8.04,1.84,股價距離52週高點有修復空間、潛在反彈空間較大、均線糾結，可能處於整理蓄勢,RSI過低，短線賣壓仍重、仍低於中長期均線，需耐心等待,2026-10-08 16:44:20
390,3632O,3632.TWO,研勤,通信網路業,13.196229934692383,70,轉折曙光型,40.18,10.38,5.83,-30.39,43.66,-5.75,-10.36,0.0,股價距離52週高點有修復空間、潛在反彈空間較大、RSI位於低檔整理區,仍低於中長期均線，需耐心等待,2026-10-08 16:44:20
391,6270O,6270.TWO,倍微,電子通路業,29.899999618530273,70,轉折曙光型,51.92,23.98,2.37,-30.06,42.98,0.52,-2.48,0.76,股價距離52週高點有修復空間、潛在反彈空間較大、RSI位於低檔整理區,仍低於中長期均線，需耐心等待,2026-10-08 16:44:20
392,4109O,4109.TWO,加捷生醫,生技醫療業,11.0,70,轉折曙光型,45.32,10.41,2.17,-32.1,47.27,-2.13,-4.38,0.84,股價距離52週高點有修復空間、潛在反彈空間較大、RSI位於低檔整理區,仍低於中長期均線，需耐心等待,2026-10-08 16:44:20
393,00639,00639.TW,富邦深100,nan,15.0,70,孤兒股翻身型,25.62,15.98,7.13,-20.72,26.13,-9.21,-12.79,0.36,股價距離52週高點有修復空間、潛在反彈空間較大、均線糾結，可能處於整理蓄勢,RSI過低，短線賣壓仍重、仍低於中長期均線，需耐心等待,2026-10-08 16:44:20
394,9931,9931.TW,欣高,油電燃氣業,34.0,70,轉折曙光型,50.43,8.71,0.25,-33.72,50.88,0.22,-0.64,1.88,股價距離52週高點有修復空間、潛在反彈空間較大、RSI位於低檔整理區,仍低於中長期均線，需耐心等待,2026-10-08 16:44:20
395,2929,2929.TW,淘帝-KY,貿易百貨業,5.730000019073486,70,轉折曙光型,48.41,21.41,0.7,-35.4,54.8,-0.22,-0.57,0.79,股價距離52週高點有修復空間、潛在反彈空間較大、RSI位於低檔整理區,仍低於中長期均線，需耐心等待,2026-10-08 16:44:20
396,6929O,6929.TWO,佑全,生技醫療業,22.5,70,轉折曙光型,53.61,30.88,2.97,-37.5,60.0,-0.48,-4.01,2.94,股價距離52週高點有修復空間、潛在反彈空間較大、RSI位於低檔整理區,仍低於中長期均線，需耐心等待,2026-10-08 16:44:20
397,8926,8926.TW,台汽電,油電燃氣業,60.29999923706055,70,轉折曙光型,58.99,21.96,1.37,-26.64,36.32,1.28,-2.56,1.55,股價距離52週高點有修復空間、潛在反彈空間較大、均線糾結，可能處於整理蓄勢,仍低於中長期均線，需耐心等待,2026-10-08 16:44:20
398,6907O,6907.TWO,雅特力-KY,半導體業,182.5,70,低檔觀察型,46.58,47.21,1.48,-23.64,30.96,-3.48,11.52,1.13,股價距離52週高點有修復空間、潛在反彈空間較大、RSI位於低檔整理區,仍需觀察技術面是否轉強,2026-10-08 16:44:20
399,9906,9906.TW,欣巴巴,建材營造業,40.0,70,轉折曙光型,50.86,50.24,0.38,-27.32,37.58,0.58,1.9,0.97,股價距離52週高點有修復空間、潛在反彈空間較大、RSI位於低檔整理區,仍需觀察技術面是否轉強,2026-10-08 16:44:20
400,3230O,3230.TWO,錦明,光電業,40.349998474121094,70,轉折曙光型,42.13,22.94,2.75,-27.17,37.3,-4.51,2.5,0.49,股價距離52週高點有修復空間、潛在反彈空間較大、RSI位於低檔整理區,仍需觀察技術面是否轉強,2026-10-08 16:44:20
401,3260O,3260.TWO,威剛,半導體業,365.0,70,轉折曙光型,32.19,19.68,5.12,-30.48,43.84,-7.86,-10.52,1.41,股價距離52週高點有修復空間、潛在反彈空間較大、均線糾結，可能處於整理蓄勢,仍低於中長期均線，需耐心等待,2026-10-08 16:44:20
402,3360O,3360.TWO,尚立,電子通路業,15.350000381469727,70,轉折曙光型,52.4,22.23,7.44,-32.82,48.86,-4.36,-4.11,0.73,股價距離52週高點有修復空間、潛在反彈空間較大、RSI位於低檔整理區,仍低於中長期均線，需耐心等待,2026-10-08 16:44:20
403,3217O,3217.TWO,優群,電子零組件業,128.5,70,轉折曙光型,37.39,17.73,6.99,-37.92,61.09,-6.89,-18.99,0.63,股價距離52週高點有修復空間、潛在反彈空間較大、RSI位於低檔整理區,仍低於中長期均線，需耐心等待,2026-10-08 16:44:20
404,3191O,3191.TWO,雲嘉南,電子零組件業,17.450000762939453,70,轉折曙光型,54.38,28.31,4.76,-34.03,51.58,-1.3,-1.02,0.74,股價距離52週高點有修復空間、潛在反彈空間較大、RSI位於低檔整理區,仍低於中長期均線，需耐心等待,2026-10-08 16:44:20
405,5490O,5490.TWO,同亨,電腦及週邊設備業,25.549999237060547,70,轉折曙光型,39.82,15.4,12.83,-27.82,38.55,-11.22,-10.89,0.68,股價距離52週高點有修復空間、潛在反彈空間較大、RSI位於低檔整理區,仍低於中長期均線，需耐心等待,2026-10-08 16:44:20
406,1475,1475.TW,業旺,紡織纖維,25.5,70,轉折曙光型,37.59,14.61,1.66,-34.62,52.94,-3.58,-4.4,1.04,股價距離52週高點有修復空間、潛在反彈空間較大、RSI位於低檔整理區,仍低於中長期均線，需耐心等待,2026-10-08 16:44:20
407,3071O,3071.TWO,協禧,電腦及週邊設備業,22.600000381469727,70,轉折曙光型,32.93,23.51,7.62,-34.3,52.21,-8.25,-19.51,1.24,股價距離52週高點有修復空間、潛在反彈空間較大、均線糾結，可能處於整理蓄勢,仍低於中長期均線，需耐心等待,2026-10-08 16:44:20
408,2642,2642.TW,宅配通,航運業,20.200000762939453,70,轉折曙光型,44.53,8.58,0.46,-36.18,56.68,-0.88,-2.91,1.32,股價距離52週高點有修復空間、潛在反彈空間較大、RSI位於低檔整理區,仍低於中長期均線，需耐心等待,2026-10-08 16:44:20
409,2009,2009.TW,第一銅,鋼鐵工業,39.900001525878906,70,轉折曙光型,53.14,25.77,1.17,-27.32,37.59,2.23,1.83,0.64,股價距離52週高點有修復空間、潛在反彈空間較大、RSI位於低檔整理區,仍需觀察技術面是否轉強,2026-10-08 16:44:20
410,6219O,6219.TWO,富旺,建材營造業,12.0,70,轉折曙光型,43.44,17.78,2.16,-43.4,76.67,-3.02,-4.53,0.82,股價距離52週高點有修復空間、潛在反彈空間較大、RSI位於低檔整理區,仍低於中長期均線，需耐心等待,2026-10-08 16:44:20
411,6212O,6212.TWO,理銘,建材營造業,32.20000076293945,70,孤兒股翻身型,52.65,33.1,5.87,-23.88,31.37,5.36,9.29,0.48,股價距離52週高點有修復空間、潛在反彈空間較大、RSI位於低檔整理區,仍需觀察技術面是否轉強,2026-10-08 16:44:20
412,3041,3041.TW,揚智,半導體業,24.0,70,孤兒股翻身型,55.01,27.99,3.68,-23.08,30.0,3.69,-1.67,0.92,股價距離52週高點有修復空間、潛在反彈空間較大、均線糾結，可能處於整理蓄勢,仍低於中長期均線，需耐心等待,2026-10-08 16:44:20
413,3024,3024.TW,憶聲,光電業,13.800000190734863,70,孤兒股翻身型,43.69,33.06,3.77,-22.47,28.99,0.11,0.39,0.31,股價距離52週高點有修復空間、潛在反彈空間較大、RSI位於低檔整理區,仍需觀察技術面是否轉強,2026-10-08 16:44:20
414,8473,8473.TW,山林水,綠能環保,40.099998474121094,70,孤兒股翻身型,54.4,26.65,1.22,-20.81,26.27,1.34,1.12,0.42,股價距離52週高點有修復空間、潛在反彈空間較大、RSI位於低檔整理區,仍需觀察技術面是否轉強,2026-10-08 16:44:20
415,2616,2616.TW,山隆,油電燃氣業,13.149999618530273,70,轉折曙光型,36.64,6.09,1.43,-44.98,81.75,-1.96,-3.47,1.5,股價距離52週高點有修復空間、潛在反彈空間較大、RSI位於低檔整理區,仍低於中長期均線，需耐心等待,2026-10-08 16:44:20
416,2250,2250.TW,IKKA-KY,汽車工業,54.900001525878906,70,轉折曙光型,37.29,19.59,4.7,-37.11,59.02,-6.44,-10.12,0.66,股價距離52週高點有修復空間、潛在反彈空間較大、RSI位於低檔整理區,仍低於中長期均線，需耐心等待,2026-10-08 16:44:20
417,1603,1603.TW,華電,電器電纜,30.600000381469727,70,轉折曙光型,55.73,12.26,1.47,-28.75,40.36,2.22,-0.87,1.19,股價距離52週高點有修復空間、潛在反彈空間較大、均線糾結，可能處於整理蓄勢,仍低於中長期均線，需耐心等待,2026-10-08 16:44:20
418,5278O,5278.TWO,尚凡*,數位雲端,23.100000381469727,70,轉折曙光型,37.16,19.57,1.87,-33.72,50.87,-4.25,-3.67,2.32,股價距離52週高點有修復空間、潛在反彈空間較大、RSI位於低檔整理區,仍低於中長期均線，需耐心等待,2026-10-08 16:44:20
419,5213O,5213.TWO,亞昕,建材營造業,20.049999237060547,70,轉折曙光型,32.14,15.94,2.93,-27.49,37.91,-5.21,-12.62,0.8,股價距離52週高點有修復空間、潛在反彈空間較大、均線糾結，可能處於整理蓄勢,仍低於中長期均線，需耐心等待,2026-10-08 16:44:20
420,2324,2324.TW,仁寶,電腦及週邊設備業,36.099998474121094,70,孤兒股翻身型,41.15,20.78,3.72,-23.27,30.33,-4.39,0.47,0.64,股價距離52週高點有修復空間、潛在反彈空間較大、RSI位於低檔整理區,仍需觀察技術面是否轉強,2026-10-08 16:44:20
421,2392,2392.TW,正崴,電子零組件業,40.75,70,孤兒股翻身型,43.42,34.88,4.29,-20.1,25.15,1.14,3.65,0.63,股價距離52週高點有修復空間、潛在反彈空間較大、RSI位於低檔整理區,仍需觀察技術面是否轉強,2026-10-08 16:44:20
422,4950O,4950.TWO,金耘國際,鋼鐵工業,15.699999809265137,70,轉折曙光型,47.56,34.16,0.84,-40.3,67.52,-1.37,-3.25,0.7,股價距離52週高點有修復空間、潛在反彈空間較大、RSI位於低檔整理區,仍低於中長期均線，需耐心等待,2026-10-08 16:44:20
423,2247,2247.TW,汎德永業,汽車工業,226.0,70,孤兒股翻身型,43.98,11.99,0.84,-24.67,32.74,-0.62,0.28,0.5,股價距離52週高點有修復空間、潛在反彈空間較大、RSI位於低檔整理區,仍需觀察技術面是否轉強,2026-10-08 16:44:20
424,00712,00712.TW,復華富時不動產,nan,7.0,70,轉折曙光型,9.44,17.72,14.53,-28.5,39.86,-18.08,-19.49,0.81,股價距離52週高點有修復空間、潛在反彈空間較大、波動相對可控,RSI過低，短線賣壓仍重、仍低於中長期均線，需耐心等待,2026-10-08 16:44:20
425,7814O,7814.TWO,海昌生技,生技醫療業,28.0,70,轉折曙光型,39.95,23.79,6.87,-37.43,59.82,-7.49,-20.8,0.46,股價距離52週高點有修復空間、潛在反彈空間較大、RSI位於低檔整理區,仍低於中長期均線，需耐心等待,2026-10-08 16:44:20
426,7782O,7782.TWO,光速火箭,居家生活,25.25,70,轉折曙光型,43.43,12.38,2.53,-36.24,56.83,-2.3,-4.22,1.33,股價距離52週高點有修復空間、潛在反彈空間較大、RSI位於低檔整理區,仍低於中長期均線，需耐心等待,2026-10-08 16:44:20
427,2369,2369.TW,菱生,半導體業,32.70000076293945,70,轉折曙光型,57.85,32.57,3.53,-26.6,36.24,1.94,-2.59,2.13,股價距離52週高點有修復空間、潛在反彈空間較大、均線糾結，可能處於整理蓄勢,仍低於中長期均線，需耐心等待,2026-10-08 16:44:20
428,1781O,1781.TWO,合世,生技醫療業,9.930000305175781,70,轉折曙光型,35.39,13.81,8.04,-27.25,37.46,-7.93,-10.29,0.7,股價距離52週高點有修復空間、潛在反彈空間較大、RSI位於低檔整理區,仍低於中長期均線，需耐心等待,2026-10-08 16:44:20
429,6697O,6697.TWO,東捷資訊,資訊服務業,41.099998474121094,70,孤兒股翻身型,50.78,13.31,1.0,-24.86,33.09,0.78,-0.52,0.71,股價距離52週高點有修復空間、潛在反彈空間較大、RSI位於低檔整理區,仍低於中長期均線，需耐心等待,2026-10-08 16:44:20
430,2731,2731.TW,雄獅,觀光餐旅,144.0,70,孤兒股翻身型,51.44,12.74,0.83,-21.74,27.78,-0.12,-4.57,0.74,股價距離52週高點有修復空間、潛在反彈空間較大、RSI位於低檔整理區,仍低於中長期均線，需耐心等待,2026-10-08 16:44:20
431,6596O,6596.TWO,寬宏藝術,文化創意業,96.69999694824219,70,轉折曙光型,57.59,10.42,4.05,-44.58,80.46,4.09,2.02,1.37,股價距離52週高點有修復空間、潛在反彈空間較大、均線糾結，可能處於整理蓄勢,仍需觀察技術面是否轉強,2026-10-08 16:44:20
432,6472,6472.TW,保瑞,生技醫療業,428.0,70,轉折曙光型,53.12,38.15,1.61,-34.56,52.8,2.64,4.77,1.02,股價距離52週高點有修復空間、潛在反彈空間較大、RSI位於低檔整理區,仍需觀察技術面是否轉強,2026-10-08 16:44:20
433,6414,6414.TW,樺漢,電腦及週邊設備業,395.0,70,孤兒股翻身型,52.19,32.05,6.88,-21.47,27.34,-3.5,2.87,0.51,股價距離52週高點有修復空間、潛在反彈空間較大、RSI位於低檔整理區,仍需觀察技術面是否轉強,2026-10-08 16:44:20
434,6504,6504.TW,南六,其他業,37.95000076293945,70,防守修復型,56.07,19.86,1.55,-22.63,29.25,0.54,0.65,2.86,股價距離52週高點有修復空間、潛在反彈空間較大、均線糾結，可能處於整理蓄勢,仍需觀察技術面是否轉強,2026-10-08 16:44:20
435,2208,2208.TW,台船,航運業,18.5,70,孤兒股翻身型,39.52,18.11,1.61,-24.02,31.62,-3.93,-3.5,0.75,股價距離52週高點有修復空間、潛在反彈空間較大、RSI位於低檔整理區,仍低於中長期均線，需耐心等待,2026-10-08 16:44:20
436,6269,6269.TW,台郡,電子零組件業,65.30000305175781,70,轉折曙光型,49.78,34.78,3.28,-25.37,34.0,3.52,0.53,0.35,股價距離52週高點有修復空間、潛在反彈空間較大、RSI位於低檔整理區,仍需觀察技術面是否轉強,2026-10-08 16:44:20
437,2106,2106.TW,建大,橡膠工業,16.700000762939453,70,孤兒股翻身型,46.97,14.45,4.76,-21.41,27.25,-3.91,-4.03,0.79,股價距離52週高點有修復空間、潛在反彈空間較大、RSI位於低檔整理區,仍低於中長期均線，需耐心等待,2026-10-08 16:44:20
438,2038,2038.TW,海光,鋼鐵工業,12.550000190734863,70,孤兒股翻身型,50.63,29.43,1.95,-24.4,32.27,-0.15,-4.85,0.71,股價距離52週高點有修復空間、潛在反彈空間較大、RSI位於低檔整理區,仍低於中長期均線，需耐心等待,2026-10-08 16:44:20
439,1340,1340.TW,勝悅-KY,塑膠工業,5.179999828338623,70,轉折曙光型,48.19,16.67,0.39,-36.13,56.56,-0.21,-4.34,1.49,股價距離52週高點有修復空間、潛在反彈空間較大、RSI位於低檔整理區,仍低於中長期均線，需耐心等待,2026-10-08 16:44:20
440,1447,1447.TW,力鵬,紡織纖維,6.619999885559082,70,轉折曙光型,50.43,36.03,6.82,-33.73,50.91,-4.7,0.51,1.58,股價距離52週高點有修復空間、潛在反彈空間較大、RSI位於低檔整理區,仍需觀察技術面是否轉強,2026-10-08 16:44:20
441,6525,6525.TW,捷敏-KY,半導體業,142.0,70,轉折曙光型,59.8,31.82,4.99,-35.75,55.63,1.28,5.75,1.68,股價距離52週高點有修復空間、潛在反彈空間較大、均線糾結，可能處於整理蓄勢,仍需觀察技術面是否轉強,2026-10-08 16:44:20
442,6589,6589.TW,台康生技,生技醫療業,50.599998474121094,70,轉折曙光型,50.75,46.65,5.67,-38.22,61.86,3.5,6.88,0.81,股價距離52週高點有修復空間、潛在反彈空間較大、RSI位於低檔整理區,仍需觀察技術面是否轉強,2026-10-08 16:44:20
443,5608,5608.TW,四維航,航運業,16.549999237060547,70,孤兒股翻身型,47.52,20.44,7.75,-20.24,25.38,5.84,8.55,0.58,股價距離52週高點有修復空間、潛在反彈空間較大、RSI位於低檔整理區,仍需觀察技術面是否轉強,2026-10-08 16:44:20
444,3583,3583.TW,辛耘,半導體業,743.0,70,低檔觀察型,56.43,32.34,1.3,-23.08,30.01,3.5,-4.77,1.43,股價距離52週高點有修復空間、潛在反彈空間較大、均線糾結，可能處於整理蓄勢,仍低於中長期均線，需耐心等待,2026-10-08 16:44:20
445,5236,5236.TW,凌陽創新,半導體業,126.0,70,轉折曙光型,30.04,24.22,4.6,-32.44,48.02,-9.48,-17.66,1.51,股價距離52週高點有修復空間、潛在反彈空間較大、均線糾結，可能處於整理蓄勢,仍低於中長期均線，需耐心等待,2026-10-08 16:44:20
446,4438,4438.TW,廣越,紡織纖維,56.400001525878906,70,轉折曙光型,41.76,15.23,4.69,-32.78,48.76,-4.75,-4.93,1.05,股價距離52週高點有修復空間、潛在反彈空間較大、RSI位於低檔整理區,仍低於中長期均線，需耐心等待,2026-10-08 16:44:20
447,7767O,7767.TWO,仁大資訊,資訊服務業,45.45000076293945,70,孤兒股翻身型,44.03,15.99,0.35,-24.25,32.01,-1.35,2.19,0.4,股價距離52週高點有修復空間、潛在反彈空間較大、RSI位於低檔整理區,仍需觀察技術面是否轉強,2026-10-08 16:44:20
448,6153,6153.TW,嘉聯益,電子零組件業,18.0,70,轉折曙光型,57.68,26.61,4.08,-26.38,35.83,6.23,-1.79,1.06,股價距離52週高點有修復空間、潛在反彈空間較大、均線糾結，可能處於整理蓄勢,仍低於中長期均線，需耐心等待,2026-10-08 16:44:20
449,7715O,7715.TWO,裕山,綠能環保,26.799999237060547,70,轉折曙光型,35.29,27.96,11.42,-33.0,49.25,-12.58,-12.15,3.14,股價距離52週高點有修復空間、潛在反彈空間較大、RSI位於低檔整理區,仍低於中長期均線，需耐心等待,2026-10-08 16:44:20
450,6982O,6982.TWO,大井泵浦,電機機械,44.70000076293945,70,轉折曙光型,43.16,16.46,6.61,-35.96,56.15,-5.25,-12.7,0.5,股價距離52週高點有修復空間、潛在反彈空間較大、RSI位於低檔整理區,仍低於中長期均線，需耐心等待,2026-10-08 16:44:20
451,8069O,8069.TWO,元太,光電業,145.0,70,轉折曙光型,41.71,23.67,13.25,-41.77,71.72,-11.68,-19.09,1.11,股價距離52週高點有修復空間、潛在反彈空間較大、RSI位於低檔整理區,仍低於中長期均線，需耐心等待,2026-10-08 16:44:20
452,8092O,8092.TWO,建暐,其他電子業,12.0,70,轉折曙光型,29.5,15.17,4.39,-37.01,58.75,-7.85,-17.12,1.94,股價距離52週高點有修復空間、潛在反彈空間較大、均線糾結，可能處於整理蓄勢,RSI過低，短線賣壓仍重、仍低於中長期均線，需耐心等待,2026-10-08 16:44:20
453,4560,4560.TW,強信-KY,電機機械,30.049999237060547,70,孤兒股翻身型,52.61,17.63,5.21,-19.33,23.96,-2.88,-6.93,0.76,股價距離52週高點有修復空間、RSI位於低檔整理區、均線糾結，可能處於整理蓄勢,仍低於中長期均線，需耐心等待,2026-10-08 16:44:20
454,4190,4190.TW,佐登-KY,生技醫療業,24.5,70,轉折曙光型,38.34,18.79,2.63,-27.51,37.96,-3.84,-2.97,0.77,股價距離52週高點有修復空間、潛在反彈空間較大、RSI位於低檔整理區,仍低於中長期均線，需耐心等待,2026-10-08 16:44:20
455,1410,1410.TW,南染,紡織纖維,23.899999618530273,70,轉折曙光型,39.57,16.91,4.56,-31.71,46.44,-5.08,-7.99,0.26,股價距離52週高點有修復空間、潛在反彈空間較大、RSI位於低檔整理區,仍低於中長期均線，需耐心等待,2026-10-08 16:44:20
456,8176O,8176.TWO,智捷,通信網路業,9.720000267028809,70,轉折曙光型,41.85,8.62,1.29,-30.07,43.0,-1.66,-3.63,1.73,股價距離52週高點有修復空間、潛在反彈空間較大、RSI位於低檔整理區,仍低於中長期均線，需耐心等待,2026-10-08 16:44:20
457,1413,1413.TW,宏洲,紡織纖維,9.300000190734863,68,孤兒股翻身型,51.43,23.2,1.46,-15.45,18.28,-0.81,-1.47,0.86,股價距離52週高點有修復空間、RSI位於低檔整理區、均線糾結，可能處於整理蓄勢,仍低於中長期均線，需耐心等待,2026-10-08 16:44:20
458,4572,4572.TW,駐龍,電機機械,139.0,68,防守修復型,44.4,9.93,1.77,-19.42,24.1,-1.81,-3.35,1.26,股價距離52週高點有修復空間、RSI位於低檔整理區、均線糾結，可能處於整理蓄勢,仍低於中長期均線，需耐心等待,2026-10-08 16:44:20
459,8071O,8071.TWO,能率網通,電子零組件業,21.899999618530273,68,孤兒股翻身型,44.29,24.22,5.57,-35.21,54.34,-5.3,-4.51,0.67,股價距離52週高點有修復空間、潛在反彈空間較大、RSI位於低檔整理區,仍低於中長期均線，需耐心等待,2026-10-08 16:44:20
460,8109O,8109.TWO,博大,電子零組件業,135.0,68,低檔觀察型,51.85,37.81,4.37,-16.41,19.63,3.29,6.16,1.37,股價距離52週高點有修復空間、RSI位於低檔整理區、均線糾結，可能處於整理蓄勢,仍需觀察技術面是否轉強,2026-10-08 16:44:20
461,5353O,5353.TWO,台林,通信網路業,28.700000762939453,68,孤兒股翻身型,57.62,14.66,1.64,-15.84,18.82,2.19,0.5,0.97,股價距離52週高點有修復空間、均線糾結，可能處於整理蓄勢、股價已脫離52週低點,仍需觀察技術面是否轉強,2026-10-08 16:44:20
462,2382,2382.TW,廣達,電腦及週邊設備業,335.0,68,孤兒股翻身型,49.54,29.09,2.2,-19.66,24.48,1.67,-1.36,0.7,股價距離52週高點有修復空間、RSI位於低檔整理區、均線糾結，可能處於整理蓄勢,仍低於中長期均線，需耐心等待,2026-10-08 16:44:20
463,00754BO,00754B.TWO,群益AAA-AA公司債,nan,29.959999084472656,68,防守修復型,24.78,10.64,4.02,-15.44,18.26,-5.54,-8.17,1.26,股價距離52週高點有修復空間、均線糾結，可能處於整理蓄勢、波動相對可控,RSI過低，短線賣壓仍重、仍低於中長期均線，需耐心等待,2026-10-08 16:44:20
464,3679,3679.TW,新至陞,電子零組件業,108.0,68,防守修復型,47.72,8.62,0.74,-16.92,20.37,-0.83,-4.44,1.52,股價距離52週高點有修復空間、RSI位於低檔整理區、均線糾結，可能處於整理蓄勢,仍低於中長期均線，需耐心等待,2026-10-08 16:44:20
465,2204,2204.TW,中華,汽車工業,51.599998474121094,68,防守修復型,39.61,9.88,2.17,-16.91,20.35,-2.81,-4.23,1.43,股價距離52週高點有修復空間、RSI位於低檔整理區、均線糾結，可能處於整理蓄勢,仍低於中長期均線，需耐心等待,2026-10-08 16:44:20
466,2105,2105.TW,正新,橡膠工業,30.350000381469727,68,孤兒股翻身型,48.17,10.75,2.32,-15.69,18.62,-1.95,-3.69,0.87,股價距離52週高點有修復空間、RSI位於低檔整理區、均線糾結，可能處於整理蓄勢,仍低於中長期均線，需耐心等待,2026-10-08 16:44:20
467,1463,1463.TW,強盛新,紡織纖維,17.649999618530273,68,孤兒股翻身型,54.63,16.06,0.76,-18.85,23.23,0.26,-0.55,0.9,股價距離52週高點有修復空間、RSI位於低檔整理區、均線糾結，可能處於整理蓄勢,仍低於中長期均線，需耐心等待,2026-10-08 16:44:20
468,3652,3652.TW,精聯,電腦及週邊設備業,35.150001525878906,68,低檔觀察型,56.52,32.65,3.69,-17.68,21.48,5.77,5.35,2.01,股價距離52週高點有修復空間、均線糾結，可能處於整理蓄勢、股價已脫離52週低點,仍需觀察技術面是否轉強,2026-10-08 16:44:20
469,1227,1227.TW,佳格,食品工業,27.700000762939453,68,孤兒股翻身型,36.58,8.79,3.04,-18.41,22.56,-3.86,-4.17,1.0,股價距離52週高點有修復空間、RSI位於低檔整理區、均線糾結，可能處於整理蓄勢,仍低於中長期均線，需耐心等待,2026-10-08 16:44:20
470,1702,1702.TW,南僑,食品工業,32.75,68,防守修復型,47.66,10.76,0.65,-17.82,21.68,-0.8,-0.72,1.04,股價距離52週高點有修復空間、RSI位於低檔整理區、均線糾結，可能處於整理蓄勢,仍低於中長期均線，需耐心等待,2026-10-08 16:44:20
471,1464,1464.TW,得力,紡織纖維,9.9399995803833,68,孤兒股翻身型,40.72,4.97,2.28,-16.47,19.72,-2.48,-2.99,0.93,股價距離52週高點有修復空間、RSI位於低檔整理區、均線糾結，可能處於整理蓄勢,仍低於中長期均線，需耐心等待,2026-10-08 16:44:20
472,00768BO,00768B.TWO,復華20年美債,nan,45.20000076293945,68,防守修復型,21.74,10.8,4.87,-16.14,19.25,-6.67,-8.41,1.44,股價距離52週高點有修復空間、均線糾結，可能處於整理蓄勢、波動相對可控,RSI過低，短線賣壓仍重、仍低於中長期均線，需耐心等待,2026-10-08 16:44:20
473,00841BO,00841B.TWO,凱基AAA-AA公司債,nan,26.079999923706055,68,孤兒股翻身型,24.22,10.39,4.08,-15.08,17.75,-5.55,-7.98,0.97,股價距離52週高點有修復空間、均線糾結，可能處於整理蓄勢、波動相對可控,RSI過低，短線賣壓仍重、仍低於中長期均線，需耐心等待,2026-10-08 16:44:20
474,2608,2608.TW,嘉里大榮,航運業,28.549999237060547,68,孤兒股翻身型,44.21,8.26,0.44,-17.25,20.84,-0.92,-2.2,0.94,股價距離52週高點有修復空間、RSI位於低檔整理區、均線糾結，可能處於整理蓄勢,仍低於中長期均線，需耐心等待,2026-10-08 16:44:20
475,2732O,2732.TWO,六角,觀光餐旅,63.20000076293945,68,防守修復型,48.7,21.13,1.05,-17.6,21.36,-0.85,-2.04,1.85,股價距離52週高點有修復空間、RSI位於低檔整理區、均線糾結，可能處於整理蓄勢,仍低於中長期均線，需耐心等待,2026-10-08 16:44:20
476,6578O,6578.TWO,達邦蛋白,農業科技業,16.200000762939453,68,孤兒股翻身型,29.23,16.46,4.66,-23.58,30.86,-6.3,-3.82,0.63,股價距離52週高點有修復空間、潛在反彈空間較大、均線糾結，可能處於整理蓄勢,RSI過低，短線賣壓仍重、仍低於中長期均線，需耐心等待,2026-10-08 16:44:20
477,2482,2482.TW,連宇,其他電子業,16.25,68,防守修復型,52.3,28.91,2.52,-19.35,24.0,-1.26,-2.71,1.71,股價距離52週高點有修復空間、RSI位於低檔整理區、均線糾結，可能處於整理蓄勢,仍低於中長期均線，需耐心等待,2026-10-08 16:44:20
478,6767O,6767.TWO,台微醫,生技醫療業,24.5,68,防守修復型,48.51,28.59,1.34,-19.01,23.47,-1.31,-4.35,1.41,股價距離52週高點有修復空間、RSI位於低檔整理區、均線糾結，可能處於整理蓄勢,仍低於中長期均線，需耐心等待,2026-10-08 16:44:20
479,1531,1531.TW,高林股,電機機械,11.5,68,孤兒股翻身型,40.9,20.63,7.7,-16.06,19.13,-7.63,-8.99,0.51,股價距離52週高點有修復空間、RSI位於低檔整理區、均線糾結，可能處於整理蓄勢,仍低於中長期均線，需耐心等待,2026-10-08 16:44:20
480,5478O,5478.TWO,智冠,文化創意業,96.80000305175781,68,防守修復型,37.9,4.84,1.3,-15.83,18.8,-1.61,-2.77,1.09,股價距離52週高點有修復空間、RSI位於低檔整理區、均線糾結，可能處於整理蓄勢,仍低於中長期均線，需耐心等待,2026-10-08 16:44:20
481,5488O,5488.TWO,松普,電子零組件業,11.949999809265137,68,孤兒股翻身型,46.88,24.69,7.8,-33.24,49.79,-6.71,-3.86,0.55,股價距離52週高點有修復空間、潛在反彈空間較大、RSI位於低檔整理區,仍低於中長期均線，需耐心等待,2026-10-08 16:44:20
482,2414,2414.TW,精技,電子通路業,54.0,68,防守修復型,57.74,13.27,2.69,-16.41,19.63,-0.71,0.15,1.31,股價距離52週高點有修復空間、均線糾結，可能處於整理蓄勢、股價已脫離52週低點,仍需觀察技術面是否轉強,2026-10-08 16:44:20
483,5547O,5547.TWO,久舜,建材營造業,20.200000762939453,68,孤兒股翻身型,57.76,14.03,0.88,-19.05,23.53,1.42,2.49,0.84,股價距離52週高點有修復空間、均線糾結，可能處於整理蓄勢、股價已脫離52週低點,仍需觀察技術面是否轉強,2026-10-08 16:44:20
484,1474,1474.TW,弘裕,紡織纖維,10.0,68,防守修復型,49.38,12.66,1.21,-15.61,18.5,-0.99,-1.25,3.38,股價距離52週高點有修復空間、RSI位於低檔整理區、均線糾結，可能處於整理蓄勢,仍低於中長期均線，需耐心等待,2026-10-08 16:44:20
485,9908,9908.TW,大台北,油電燃氣業,29.049999237060547,68,防守修復型,51.82,3.47,0.39,-15.8,18.76,-0.15,-0.84,1.45,股價距離52週高點有修復空間、RSI位於低檔整理區、均線糾結，可能處於整理蓄勢,仍低於中長期均線，需耐心等待,2026-10-08 16:44:20
486,1535,1535.TW,中宇,電機機械,45.75,68,防守修復型,51.21,13.68,1.48,-18.3,22.4,-0.74,-4.94,1.09,股價距離52週高點有修復空間、RSI位於低檔整理區、均線糾結，可能處於整理蓄勢,仍低於中長期均線，需耐心等待,2026-10-08 16:44:20
487,3218O,3218.TWO,大學光,生技醫療業,133.5,68,孤兒股翻身型,43.51,11.14,2.07,-15.24,17.98,-2.28,-1.28,0.75,股價距離52週高點有修復空間、RSI位於低檔整理區、均線糾結，可能處於整理蓄勢,仍低於中長期均線，需耐心等待,2026-10-08 16:44:20
488,9946,9946.TW,三發地產,建材營造業,16.649999618530273,68,孤兒股翻身型,38.55,24.51,5.14,-19.17,23.72,-6.36,-5.97,0.54,股價距離52週高點有修復空間、RSI位於低檔整理區、均線糾結，可能處於整理蓄勢,仍低於中長期均線，需耐心等待,2026-10-08 16:44:20
489,00643,00643.TW,群益深証中小,nan,17.030000686645508,68,孤兒股翻身型,30.02,16.05,5.54,-18.63,22.9,-7.67,-11.36,0.92,股價距離52週高點有修復空間、均線糾結，可能處於整理蓄勢、股價已脫離52週低點,仍低於中長期均線，需耐心等待,2026-10-08 16:44:20
490,9930,9930.TW,中聯資源,綠能環保,58.70000076293945,68,孤兒股翻身型,17.62,6.51,4.08,-19.15,23.68,-5.83,-10.16,0.93,股價距離52週高點有修復空間、均線糾結，可能處於整理蓄勢、波動相對可控,RSI過低，短線賣壓仍重、仍低於中長期均線，需耐心等待,2026-10-08 16:44:20
491,9941,9941.TW,裕融,其他業,76.30000305175781,68,孤兒股翻身型,32.9,12.68,4.42,-22.56,29.13,-5.88,-3.46,0.81,股價距離52週高點有修復空間、潛在反彈空間較大、均線糾結，可能處於整理蓄勢,仍低於中長期均線，需耐心等待,2026-10-08 16:44:20
492,00917,00917.TW,中信特選金融,nan,22.059999465942383,68,防守修復型,22.79,9.62,5.3,-30.63,44.15,-7.02,-3.43,1.35,股價距離52週高點有修復空間、潛在反彈空間較大、均線糾結，可能處於整理蓄勢,RSI過低，短線賣壓仍重、仍低於中長期均線，需耐心等待,2026-10-08 16:44:20
493,6517O,6517.TWO,保勝光學,光電業,68.5,68,低檔觀察型,59.15,33.96,2.36,-16.57,19.85,3.68,5.25,2.44,股價距離52週高點有修復空間、均線糾結，可能處於整理蓄勢、股價已脫離52週低點,仍需觀察技術面是否轉強,2026-10-08 16:44:20
494,6582,6582.TW,申豐,橡膠工業,31.299999237060547,68,防守修復型,47.03,12.06,1.99,-16.31,19.49,-1.58,-1.32,1.05,股價距離52週高點有修復空間、RSI位於低檔整理區、均線糾結，可能處於整理蓄勢,仍低於中長期均線，需耐心等待,2026-10-08 16:44:20
495,3018,3018.TW,隆銘綠能,其他電子業,11.5,68,低檔觀察型,41.8,36.47,8.8,-33.33,50.0,-9.56,-2.79,1.02,股價距離52週高點有修復空間、潛在反彈空間較大、RSI位於低檔整理區,仍低於中長期均線，需耐心等待,2026-10-08 16:44:20
496,6918,6918.TW,愛派司,生技醫療業,73.69999694824219,68,防守修復型,44.23,17.11,0.8,-19.54,24.29,-0.25,-0.38,5.9,股價距離52週高點有修復空間、RSI位於低檔整理區、均線糾結，可能處於整理蓄勢,仍低於中長期均線，需耐心等待,2026-10-08 16:44:20
497,4916,4916.TW,事欣科,電腦及週邊設備業,102.5,68,低檔觀察型,51.87,42.39,3.05,-17.67,21.46,1.23,5.87,3.75,股價距離52週高點有修復空間、RSI位於低檔整理區、均線糾結，可能處於整理蓄勢,仍需觀察技術面是否轉強,2026-10-08 16:44:20
498,1806,1806.TW,冠軍,玻璃陶瓷,7.960000038146973,68,防守修復型,48.22,8.25,1.24,-15.86,18.84,-1.0,-2.06,2.3,股價距離52週高點有修復空間、RSI位於低檔整理區、均線糾結，可能處於整理蓄勢,仍低於中長期均線，需耐心等待,2026-10-08 16:44:20
499,1752,1752.TW,南光,生技醫療業,31.5,68,孤兒股翻身型,50.64,7.11,0.8,-19.54,24.29,-0.42,-2.73,0.91,股價距離52週高點有修復空間、RSI位於低檔整理區、均線糾結，可能處於整理蓄勢,仍低於中長期均線，需耐心等待,2026-10-08 16:44:20
500,6516O,6516.TWO,勤崴國際,資訊服務業,56.70000076293945,68,防守修復型,44.2,13.67,1.96,-15.37,18.17,-2.02,-2.23,1.16,股價距離52週高點有修復空間、RSI位於低檔整理區、均線糾結，可能處於整理蓄勢,仍低於中長期均線，需耐心等待,2026-10-08 16:44:20
501,2230O,2230.TWO,泰茂,居家生活,21.75,67,低檔觀察型,46.45,34.16,5.34,-79.38,385.06,-4.89,-14.19,1.98,潛在反彈空間較大、RSI位於低檔整理區、均線糾結，可能處於整理蓄勢,跌幅過深，需留意基本面是否惡化、仍低於中長期均線，需耐心等待,2026-10-08 16:44:20
502,5410O,5410.TWO,國眾,資訊服務業,33.45000076293945,67,孤兒股翻身型,43.93,32.06,6.35,-30.31,43.5,-4.95,-10.46,0.44,股價距離52週高點有修復空間、潛在反彈空間較大、RSI位於低檔整理區,仍低於中長期均線，需耐心等待,2026-10-08 16:44:20
503,2064O,2064.TWO,晉椿,鋼鐵工業,11.899999618530273,67,孤兒股翻身型,41.68,13.18,3.02,-22.73,29.41,-3.09,-6.75,0.03,股價距離52週高點有修復空間、潛在反彈空間較大、RSI位於低檔整理區,仍低於中長期均線，需耐心等待,2026-10-08 16:44:20
504,2345,2345.TW,智邦,通信網路業,2015.0,67,低檔觀察型,52.81,56.08,8.83,-26.73,36.48,-3.4,-10.79,1.22,股價距離52週高點有修復空間、潛在反彈空間較大、RSI位於低檔整理區,仍低於中長期均線，需耐心等待,2026-10-08 16:44:20
505,1570O,1570.TWO,力肯,電機機械,32.75,67,孤兒股翻身型,47.9,17.08,4.2,-40.24,67.33,-3.36,-13.41,0.15,股價距離52週高點有修復空間、潛在反彈空間較大、RSI位於低檔整理區,仍低於中長期均線，需耐心等待,2026-10-08 16:44:20
506,1611,1611.TW,中電,電器電纜,11.300000190734863,67,孤兒股翻身型,42.26,20.74,3.82,-24.67,32.74,-4.29,-7.05,0.32,股價距離52週高點有修復空間、潛在反彈空間較大、RSI位於低檔整理區,仍低於中長期均線，需耐心等待,2026-10-08 16:44:20
507,6568O,6568.TWO,宏觀,半導體業,139.5,67,孤兒股翻身型,51.61,30.04,2.9,-49.09,96.42,2.12,-18.57,0.73,潛在反彈空間較大、RSI位於低檔整理區、均線糾結，可能處於整理蓄勢,跌幅過深，需留意基本面是否惡化、仍低於中長期均線，需耐心等待,2026-10-08 16:44:20
508,6679O,6679.TWO,鈺太,半導體業,199.0,67,孤兒股翻身型,44.16,24.58,3.84,-42.4,73.62,-4.3,-19.84,0.63,股價距離52週高點有修復空間、潛在反彈空間較大、RSI位於低檔整理區,仍低於中長期均線，需耐心等待,2026-10-08 16:44:20
509,4909O,4909.TWO,新復興,通信網路業,36.900001525878906,67,孤兒股翻身型,53.58,28.74,5.47,-47.13,89.16,-1.04,-16.83,0.73,潛在反彈空間較大、RSI位於低檔整理區、均線糾結，可能處於整理蓄勢,跌幅過深，需留意基本面是否惡化、仍低於中長期均線，需耐心等待,2026-10-08 16:44:20
510,4966O,4966.TWO,譜瑞-KY,半導體業,568.0,67,孤兒股翻身型,50.4,32.02,3.06,-34.71,53.17,-1.33,-9.93,0.6,股價距離52週高點有修復空間、潛在反彈空間較大、RSI位於低檔整理區,仍低於中長期均線，需耐心等待,2026-10-08 16:44:20
511,8097O,8097.TWO,常珵,通信網路業,48.29999923706055,67,孤兒股翻身型,39.79,10.55,3.53,-26.93,36.85,-3.93,-9.25,0.08,股價距離52週高點有修復空間、潛在反彈空間較大、RSI位於低檔整理區,仍低於中長期均線，需耐心等待,2026-10-08 16:44:20
512,8054O,8054.TWO,安國,半導體業,81.30000305175781,67,低檔觀察型,41.17,34.57,2.32,-47.21,89.42,-4.1,-15.43,1.88,潛在反彈空間較大、RSI位於低檔整理區、均線糾結，可能處於整理蓄勢,跌幅過深，需留意基本面是否惡化、仍低於中長期均線，需耐心等待,2026-10-08 16:44:20
513,7805O,7805.TWO,威聯通,數位雲端,492.5,67,孤兒股翻身型,41.93,16.31,4.56,-26.95,36.89,-4.8,-11.12,0.51,股價距離52週高點有修復空間、潛在反彈空間較大、RSI位於低檔整理區,仍低於中長期均線，需耐心等待,2026-10-08 16:44:20
514,8044O,8044.TWO,網家,數位雲端,24.100000381469727,67,孤兒股翻身型,48.82,26.55,5.85,-32.11,47.3,-4.41,-7.83,0.54,股價距離52週高點有修復空間、潛在反彈空間較大、RSI位於低檔整理區,仍低於中長期均線，需耐心等待,2026-10-08 16:44:20
515,1446,1446.TW,宏和,紡織纖維,13.449999809265137,67,孤兒股翻身型,45.79,12.8,1.72,-29.02,40.89,-1.73,-9.92,0.58,股價距離52週高點有修復空間、潛在反彈空間較大、RSI位於低檔整理區,仍低於中長期均線，需耐心等待,2026-10-08 16:44:20
516,2745O,2745.TWO,五福,觀光餐旅,85.80000305175781,67,孤兒股翻身型,48.36,11.47,5.02,-27.29,37.53,-3.71,-11.17,0.32,股價距離52週高點有修復空間、潛在反彈空間較大、RSI位於低檔整理區,仍低於中長期均線，需耐心等待,2026-10-08 16:44:20
517,6721O,6721.TWO,信實,其他業,49.0,67,防守修復型,28.78,15.6,3.07,-22.1,28.37,-4.78,-10.12,3.36,股價距離52週高點有修復空間、潛在反彈空間較大、均線糾結，可能處於整理蓄勢,RSI過低，短線賣壓仍重、仍低於中長期均線，需耐心等待,2026-10-08 16:44:20
518,1780O,1780.TWO,立弘,食品工業,24.600000381469727,67,孤兒股翻身型,45.55,18.81,3.51,-31.67,46.34,1.75,-8.78,0.7,股價距離52週高點有修復空間、潛在反彈空間較大、RSI位於低檔整理區,仍低於中長期均線，需耐心等待,2026-10-08 16:44:20
519,6733O,6733.TWO,博晟生醫,生技醫療業,24.850000381469727,67,防守修復型,43.16,17.14,2.73,-45.86,84.71,-3.13,-5.41,1.26,潛在反彈空間較大、RSI位於低檔整理區、均線糾結，可能處於整理蓄勢,跌幅過深，需留意基本面是否惡化、仍低於中長期均線，需耐心等待,2026-10-08 16:44:20
520,6201,6201.TW,亞弘電,其他電子業,44.25,67,孤兒股翻身型,44.18,20.35,3.49,-23.04,29.94,-3.64,-6.66,0.27,股價距離52週高點有修復空間、潛在反彈空間較大、RSI位於低檔整理區,仍低於中長期均線，需耐心等待,2026-10-08 16:44:20
521,1445,1445.TW,大宇,紡織纖維,10.399999618530273,67,防守修復型,57.28,19.47,3.42,-34.18,51.92,-0.51,-6.69,1.78,股價距離52週高點有修復空間、潛在反彈空間較大、均線糾結，可能處於整理蓄勢,仍低於中長期均線，需耐心等待,2026-10-08 16:44:20
522,5907,5907.TW,大洋-KY,貿易百貨業,4.679999828338623,67,孤兒股翻身型,36.73,17.12,2.21,-25.36,33.97,-4.03,-6.63,0.35,股價距離52週高點有修復空間、潛在反彈空間較大、RSI位於低檔整理區,仍低於中長期均線，需耐心等待,2026-10-08 16:44:20
523,6283,6283.TW,淳安,其他電子業,18.950000762939453,67,孤兒股翻身型,44.76,29.26,5.07,-29.68,42.22,-4.69,-13.46,0.32,股價距離52週高點有修復空間、潛在反彈空間較大、RSI位於低檔整理區,仍低於中長期均線，需耐心等待,2026-10-08 16:44:20
524,4571,4571.TW,鈞興-KY,電機機械,153.5,67,孤兒股翻身型,48.18,16.05,2.87,-33.84,51.14,-1.73,-10.6,0.57,股價距離52週高點有修復空間、潛在反彈空間較大、RSI位於低檔整理區,仍低於中長期均線，需耐心等待,2026-10-08 16:44:20
525,3555O,3555.TWO,博士旺,半導體業,163.0,67,孤兒股翻身型,39.87,38.15,4.78,-40.94,69.33,-2.01,-14.27,0.79,股價距離52週高點有修復空間、潛在反彈空間較大、RSI位於低檔整理區,仍低於中長期均線，需耐心等待,2026-10-08 16:44:20
526,8429,8429.TW,金麗-KY,貿易百貨業,5.889999866485596,67,孤兒股翻身型,41.42,6.85,2.01,-26.47,35.99,-1.96,-5.22,0.41,股價距離52週高點有修復空間、潛在反彈空間較大、RSI位於低檔整理區,仍低於中長期均線，需耐心等待,2026-10-08 16:44:20
527,4994,4994.TW,傳奇,資訊服務業,82.0,67,孤兒股翻身型,47.57,23.76,4.7,-21.9,28.05,-4.3,-8.04,0.32,股價距離52週高點有修復空間、潛在反彈空間較大、RSI位於低檔整理區,仍低於中長期均線，需耐心等待,2026-10-08 16:44:20
528,3135,3135.TW,凌航,半導體業,157.0,67,孤兒股翻身型,42.77,19.51,1.88,-36.86,58.37,-1.02,-7.18,0.66,股價距離52週高點有修復空間、潛在反彈空間較大、RSI位於低檔整理區,仍低於中長期均線，需耐心等待,2026-10-08 16:44:20
529,4558O,4558.TWO,寶緯,電機機械,17.0,67,孤兒股翻身型,46.76,20.11,1.46,-29.46,41.76,-1.15,-6.4,0.67,股價距離52週高點有修復空間、潛在反彈空間較大、RSI位於低檔整理區,仍低於中長期均線，需耐心等待,2026-10-08 16:44:20
530,6546O,6546.TWO,正基,通信網路業,61.5,67,孤兒股翻身型,54.8,23.28,1.56,-31.67,46.34,1.2,-7.22,0.7,股價距離52週高點有修復空間、潛在反彈空間較大、RSI位於低檔整理區,仍低於中長期均線，需耐心等待,2026-10-08 16:44:20
531,6722,6722.TW,輝創,其他電子業,33.0,67,防守修復型,54.4,15.33,1.15,-47.28,89.7,-0.05,-7.01,2.14,潛在反彈空間較大、RSI位於低檔整理區、均線糾結，可能處於整理蓄勢,跌幅過深，需留意基本面是否惡化、仍低於中長期均線，需耐心等待,2026-10-08 16:44:20
532,6614,6614.TW,資拓宏宇,數位雲端,35.5,67,防守修復型,46.75,10.97,2.37,-50.35,101.41,-2.26,-7.3,1.13,潛在反彈空間較大、RSI位於低檔整理區、均線糾結，可能處於整理蓄勢,跌幅過深，需留意基本面是否惡化、仍低於中長期均線，需耐心等待,2026-10-08 16:44:20
533,3528,3528.TW,安馳,電子通路業,85.4000015258789,67,孤兒股翻身型,51.22,24.45,2.05,-39.0,63.93,0.46,-7.02,0.56,股價距離52週高點有修復空間、潛在反彈空間較大、RSI位於低檔整理區,仍低於中長期均線，需耐心等待,2026-10-08 16:44:20
534,8933O,8933.TWO,愛地雅,運動休閒,4.539999961853027,67,防守修復型,49.9,27.4,0.36,-50.6,102.42,0.47,-5.46,1.06,潛在反彈空間較大、RSI位於低檔整理區、均線糾結，可能處於整理蓄勢,跌幅過深，需留意基本面是否惡化、仍低於中長期均線，需耐心等待,2026-10-08 16:44:20
535,1423,1423.TW,利華,紡織纖維,34.54999923706055,67,孤兒股翻身型,45.51,30.27,1.69,-23.39,30.54,-2.69,-9.32,0.42,股價距離52週高點有修復空間、潛在反彈空間較大、RSI位於低檔整理區,仍低於中長期均線，需耐心等待,2026-10-08 16:44:20
536,1219,1219.TW,福壽,食品工業,11.25,67,孤兒股翻身型,44.18,16.0,0.24,-22.95,29.78,-1.34,-7.16,0.55,股價距離52週高點有修復空間、潛在反彈空間較大、RSI位於低檔整理區,仍低於中長期均線，需耐心等待,2026-10-08 16:44:20
537,2231,2231.TW,為升,汽車工業,91.0,67,孤兒股翻身型,46.17,21.12,5.08,-36.14,56.59,-4.93,-10.99,0.48,股價距離52週高點有修復空間、潛在反彈空間較大、RSI位於低檔整理區,仍低於中長期均線，需耐心等待,2026-10-08 16:44:20
538,6417O,6417.TWO,韋僑,通信網路業,105.5,67,孤兒股翻身型,52.57,23.18,6.13,-27.99,38.86,-3.4,-12.19,0.42,股價距離52週高點有修復空間、潛在反彈空間較大、RSI位於低檔整理區,仍低於中長期均線，需耐心等待,2026-10-08 16:44:20
539,4533O,4533.TWO,協易機,電機機械,25.5,67,孤兒股翻身型,50.43,21.5,2.06,-38.18,61.76,-0.65,-9.72,0.59,股價距離52週高點有修復空間、潛在反彈空間較大、RSI位於低檔整理區,仍低於中長期均線，需耐心等待,2026-10-08 16:44:20
540,5203,5203.TW,訊連,資訊服務業,59.900001525878906,67,防守修復型,55.2,28.83,5.45,-41.84,71.95,-2.01,-6.34,2.67,股價距離52週高點有修復空間、潛在反彈空間較大、均線糾結，可能處於整理蓄勢,仍低於中長期均線，需耐心等待,2026-10-08 16:44:20
541,2440,2440.TW,太空梭,電子零組件業,14.149999618530273,67,孤兒股翻身型,44.69,17.26,3.27,-30.98,44.88,-3.75,-11.55,0.67,股價距離52週高點有修復空間、潛在反彈空間較大、RSI位於低檔整理區,仍低於中長期均線，需耐心等待,2026-10-08 16:44:20
542,3430O,3430.TWO,奇鈦科,化學工業,113.0,67,孤兒股翻身型,56.27,33.28,4.29,-38.42,62.39,0.78,-11.36,0.72,股價距離52週高點有修復空間、潛在反彈空間較大、均線糾結，可能處於整理蓄勢,仍低於中長期均線，需耐心等待,2026-10-08 16:44:20
543,8104,8104.TW,錸寶,光電業,30.950000762939453,67,孤兒股翻身型,48.56,23.12,2.61,-30.61,44.1,-1.69,-10.71,0.55,股價距離52週高點有修復空間、潛在反彈空間較大、RSI位於低檔整理區,仍低於中長期均線，需耐心等待,2026-10-08 16:44:20
544,7780,7780.TW,大研生醫*,食品工業,16.149999618530273,67,防守修復型,45.62,15.4,3.94,-91.48,1073.37,-3.3,-8.07,1.1,潛在反彈空間較大、RSI位於低檔整理區、均線糾結，可能處於整理蓄勢,跌幅過深，需留意基本面是否惡化、仍低於中長期均線，需耐心等待,2026-10-08 16:44:20
545,7818,7818.TW,溢泰實業,綠能環保,61.0,67,孤兒股翻身型,54.11,9.06,4.21,-50.81,103.28,-2.78,-14.36,0.82,潛在反彈空間較大、RSI位於低檔整理區、均線糾結，可能處於整理蓄勢,跌幅過深，需留意基本面是否惡化、仍低於中長期均線，需耐心等待,2026-10-08 16:44:20
546,4915,4915.TW,致伸,電子零組件業,62.900001525878906,67,孤兒股翻身型,47.46,22.59,1.87,-29.25,41.34,0.13,-7.21,0.63,股價距離52週高點有修復空間、潛在反彈空間較大、RSI位於低檔整理區,仍低於中長期均線，需耐心等待,2026-10-08 16:44:20
547,2024,2024.TW,志聯,鋼鐵工業,12.75,67,孤兒股翻身型,39.82,17.93,3.16,-28.17,39.22,-4.69,-6.92,0.62,股價距離52週高點有修復空間、潛在反彈空間較大、RSI位於低檔整理區,仍低於中長期均線，需耐心等待,2026-10-08 16:44:20
548,6210O,6210.TWO,慶生,電子零組件業,17.899999618530273,67,孤兒股翻身型,53.3,27.94,2.21,-20.09,25.14,-0.42,-7.16,0.46,股價距離52週高點有修復空間、潛在反彈空間較大、RSI位於低檔整理區,仍低於中長期均線，需耐心等待,2026-10-08 16:44:20
549,3228O,3228.TWO,金麗科,半導體業,164.5,67,低檔觀察型,45.85,38.26,8.58,-36.12,56.53,3.24,-6.66,1.46,股價距離52週高點有修復空間、潛在反彈空間較大、RSI位於低檔整理區,仍低於中長期均線，需耐心等待,2026-10-08 16:44:20
550,2538,2538.TW,基泰,建材營造業,8.779999732971191,67,孤兒股翻身型,48.62,19.24,4.75,-23.98,31.55,-3.85,-7.36,0.28,股價距離52週高點有修復空間、潛在反彈空間較大、RSI位於低檔整理區,仍低於中長期均線，需耐心等待,2026-10-08 16:44:20
551,3325O,3325.TWO,旭品,電腦及週邊設備業,11.25,67,低檔觀察型,43.3,42.44,2.11,-39.84,66.22,-3.81,-8.17,1.67,股價距離52週高點有修復空間、潛在反彈空間較大、RSI位於低檔整理區,仍低於中長期均線，需耐心等待,2026-10-08 16:44:20
552,3313O,3313.TWO,斐成,建材營造業,10.300000190734863,67,防守修復型,38.88,15.84,3.16,-47.04,88.83,-4.23,-8.24,1.05,潛在反彈空間較大、RSI位於低檔整理區、均線糾結，可能處於整理蓄勢,跌幅過深，需留意基本面是否惡化、仍低於中長期均線，需耐心等待,2026-10-08 16:44:20
553,5601O,5601.TWO,台聯櫃,航運業,28.899999618530273,67,孤兒股翻身型,38.5,33.91,2.34,-24.94,33.22,-4.1,-9.37,0.0,股價距離52週高點有修復空間、潛在反彈空間較大、RSI位於低檔整理區,仍低於中長期均線，需耐心等待,2026-10-08 16:44:20
554,6244O,6244.TWO,茂迪,光電業,22.799999237060547,67,孤兒股翻身型,44.24,42.46,3.65,-37.19,59.21,-4.79,-13.05,0.74,股價距離52週高點有修復空間、潛在反彈空間較大、RSI位於低檔整理區,仍低於中長期均線，需耐心等待,2026-10-08 16:44:20
555,9910,9910.TW,豐泰,運動休閒,66.30000305175781,67,防守修復型,38.07,25.12,0.83,-50.15,100.6,-3.54,-6.57,1.01,潛在反彈空間較大、RSI位於低檔整理區、均線糾結，可能處於整理蓄勢,跌幅過深，需留意基本面是否惡化、仍低於中長期均線，需耐心等待,2026-10-08 16:44:20
556,3276O,3276.TWO,宇環,電子零組件業,14.100000381469727,67,孤兒股翻身型,48.85,26.78,5.76,-22.95,29.79,-4.72,-5.96,0.68,股價距離52週高點有修復空間、潛在反彈空間較大、RSI位於低檔整理區,仍低於中長期均線，需耐心等待,2026-10-08 16:44:20
557,3128O,3128.TWO,昇銳,光電業,20.100000381469727,67,孤兒股翻身型,44.97,17.76,1.3,-29.22,41.27,-1.95,-6.96,0.23,股價距離52週高點有修復空間、潛在反彈空間較大、RSI位於低檔整理區,仍低於中長期均線，需耐心等待,2026-10-08 16:44:20
558,3067O,3067.TWO,全域,居家生活,16.899999618530273,67,孤兒股翻身型,46.01,14.46,3.83,-20.66,26.04,-3.11,-5.72,0.0,股價距離52週高點有修復空間、潛在反彈空間較大、RSI位於低檔整理區,仍低於中長期均線，需耐心等待,2026-10-08 16:44:20
559,3252O,3252.TWO,海灣,觀光餐旅,15.300000190734863,67,孤兒股翻身型,39.87,6.89,3.93,-25.0,33.33,-3.87,-10.5,0.27,股價距離52週高點有修復空間、潛在反彈空間較大、RSI位於低檔整理區,仍低於中長期均線，需耐心等待,2026-10-08 16:44:20
560,2534,2534.TW,宏盛,建材營造業,16.600000381469727,67,孤兒股翻身型,40.58,12.88,1.51,-25.23,33.73,-2.52,-5.17,0.65,股價距離52週高點有修復空間、潛在反彈空間較大、RSI位於低檔整理區,仍低於中長期均線，需耐心等待,2026-10-08 16:44:20
561,9907,9907.TW,統一實,其他業,14.800000190734863,67,孤兒股翻身型,43.28,10.97,1.55,-26.55,36.15,-1.72,-5.89,0.66,股價距離52週高點有修復空間、潛在反彈空間較大、RSI位於低檔整理區,仍低於中長期均線，需耐心等待,2026-10-08 16:44:20
562,6854,6854.TW,錼創科技-KY創,半導體業,91.4000015258789,67,孤兒股翻身型,46.49,31.3,2.61,-52.02,108.42,-2.61,-22.91,0.8,潛在反彈空間較大、RSI位於低檔整理區、均線糾結，可能處於整理蓄勢,跌幅過深，需留意基本面是否惡化、仍低於中長期均線，需耐心等待,2026-10-08 16:44:20
563,6558,6558.TW,興能高,其他電子業,24.950000762939453,67,孤兒股翻身型,51.38,27.27,3.67,-43.42,76.75,-1.33,-10.89,0.65,股價距離52週高點有修復空間、潛在反彈空間較大、RSI位於低檔整理區,仍低於中長期均線，需耐心等待,2026-10-08 16:44:20
564,6753,6753.TW,龍德造船,航運業,131.0,66,孤兒股翻身型,40.74,17.18,4.34,-18.89,23.28,-5.03,-3.2,0.44,股價距離52週高點有修復空間、RSI位於低檔整理區、均線糾結，可能處於整理蓄勢,仍低於中長期均線，需耐心等待,2026-10-08 16:44:20
565,5015O,5015.TWO,華祺,鋼鐵工業,22.899999618530273,65,低檔觀察型,58.56,40.81,2.23,-23.79,31.22,5.12,1.57,1.24,股價距離52週高點有修復空間、潛在反彈空間較大、均線糾結，可能處於整理蓄勢,仍需觀察技術面是否轉強,2026-10-08 16:44:20
566,5245O,5245.TWO,智晶,光電業,20.0,65,防守修復型,25.25,20.34,10.2,-41.0,69.5,-11.61,-17.93,1.75,股價距離52週高點有修復空間、潛在反彈空間較大、波動相對可控,RSI過低，短線賣壓仍重、仍低於中長期均線，需耐心等待,2026-10-08 16:44:20
567,5206O,5206.TWO,坤悅,建材營造業,22.700000762939453,65,孤兒股翻身型,51.73,23.13,3.24,-30.71,44.33,2.95,3.01,0.54,股價距離52週高點有修復空間、潛在反彈空間較大、RSI位於低檔整理區,仍需觀察技術面是否轉強,2026-10-08 16:44:20
568,5328O,5328.TWO,華容,電子零組件業,58.0,65,低檔觀察型,53.17,49.0,9.43,-29.61,42.07,-4.17,11.73,1.7,股價距離52週高點有修復空間、潛在反彈空間較大、RSI位於低檔整理區,仍需觀察技術面是否轉強,2026-10-08 16:44:20
569,2316,2316.TW,楠梓電,電子零組件業,179.0,65,防守修復型,69.87,24.38,4.01,-23.67,31.01,11.97,11.06,3.27,股價距離52週高點有修復空間、潛在反彈空間較大、均線糾結，可能處於整理蓄勢,仍需觀察技術面是否轉強,2026-10-08 16:44:20
570,2235O,2235.TWO,謚源,電機機械,28.450000762939453,65,孤兒股翻身型,54.49,34.72,1.41,-23.11,30.05,2.51,-2.64,0.34,股價距離52週高點有修復空間、潛在反彈空間較大、RSI位於低檔整理區,仍低於中長期均線，需耐心等待,2026-10-08 16:44:20
571,1799O,1799.TWO,易威,生技醫療業,28.0,65,防守修復型,34.09,16.77,7.45,-37.22,59.29,-8.87,-14.29,1.31,股價距離52週高點有修復空間、潛在反彈空間較大、均線糾結，可能處於整理蓄勢,仍低於中長期均線，需耐心等待,2026-10-08 16:44:20
572,2743O,2743.TWO,山富,觀光餐旅,51.5,65,孤兒股翻身型,37.7,37.64,7.67,-46.47,86.8,-9.14,-17.62,0.98,潛在反彈空間較大、RSI位於低檔整理區、均線糾結，可能處於整理蓄勢,跌幅過深，需留意基本面是否惡化、仍低於中長期均線，需耐心等待,2026-10-08 16:44:20
573,5519,5519.TW,隆大,建材營造業,24.799999237060547,65,孤兒股翻身型,30.57,21.89,7.89,-26.23,35.56,-8.41,-15.35,0.56,股價距離52週高點有修復空間、潛在反彈空間較大、均線糾結，可能處於整理蓄勢,仍低於中長期均線，需耐心等待,2026-10-08 16:44:20
574,4540,4540.TW,全球傳動,電機機械,58.900001525878906,65,孤兒股翻身型,47.56,34.91,6.25,-23.8,31.24,3.52,-2.76,0.44,股價距離52週高點有修復空間、潛在反彈空間較大、RSI位於低檔整理區,仍低於中長期均線，需耐心等待,2026-10-08 16:44:20
575,6996O,6996.TWO,力領科技,半導體業,166.0,65,孤兒股翻身型,39.37,32.97,3.67,-18.02,21.99,-4.95,-8.92,0.41,股價距離52週高點有修復空間、RSI位於低檔整理區、均線糾結，可能處於整理蓄勢,仍低於中長期均線，需耐心等待,2026-10-08 16:44:20
576,1441,1441.TW,大東,紡織纖維,9.710000038146973,65,孤兒股翻身型,32.44,16.25,3.5,-40.31,67.54,-5.83,-10.2,0.88,股價距離52週高點有修復空間、潛在反彈空間較大、均線糾結，可能處於整理蓄勢,仍低於中長期均線，需耐心等待,2026-10-08 16:44:20
577,8047O,8047.TWO,星雲,其他電子業,46.95000076293945,65,孤兒股翻身型,48.38,59.29,7.55,-21.75,27.8,3.08,-1.25,0.94,股價距離52週高點有修復空間、潛在反彈空間較大、RSI位於低檔整理區,仍低於中長期均線，需耐心等待,2026-10-08 16:44:20
578,6961O,6961.TWO,旅天下,觀光餐旅,45.75,65,孤兒股翻身型,18.2,10.93,7.17,-42.74,74.64,-9.24,-15.17,0.76,股價距離52週高點有修復空間、潛在反彈空間較大、均線糾結，可能處於整理蓄勢,RSI過低，短線賣壓仍重、仍低於中長期均線，需耐心等待,2026-10-08 16:44:20
579,1325,1325.TW,恆大,塑膠工業,27.799999237060547,65,防守修復型,69.34,25.69,0.76,-22.35,28.78,6.52,6.4,7.17,股價距離52週高點有修復空間、潛在反彈空間較大、均線糾結，可能處於整理蓄勢,仍需觀察技術面是否轉強,2026-10-08 16:44:20
580,8102O,8102.TWO,傑霖科技,半導體業,60.79999923706055,65,低檔觀察型,45.33,45.32,12.31,-25.31,33.88,-9.37,-11.01,2.14,股價距離52週高點有修復空間、潛在反彈空間較大、RSI位於低檔整理區,仍低於中長期均線，需耐心等待,2026-10-08 16:44:20
581,6556O,6556.TWO,勝品,光電業,62.29999923706055,65,防守修復型,55.95,13.21,1.5,-15.92,18.94,-0.02,-6.46,1.27,股價距離52週高點有修復空間、均線糾結，可能處於整理蓄勢、波動相對可控,仍低於中長期均線，需耐心等待,2026-10-08 16:44:20
582,6613O,6613.TWO,朋億*,其他電子業,290.0,65,防守修復型,65.59,27.11,3.3,-25.64,34.48,3.96,2.74,1.76,股價距離52週高點有修復空間、潛在反彈空間較大、均線糾結，可能處於整理蓄勢,仍需觀察技術面是否轉強,2026-10-08 16:44:20
583,6629O,6629.TWO,泰金-KY,居家生活,100.5,65,防守修復型,33.52,21.51,2.86,-35.16,54.23,-5.43,-9.85,1.57,股價距離52週高點有修復空間、潛在反彈空間較大、均線糾結，可能處於整理蓄勢,仍低於中長期均線，需耐心等待,2026-10-08 16:44:20
584,6609O,6609.TWO,瀧澤科,電機機械,39.0,65,孤兒股翻身型,44.44,12.61,0.58,-21.05,26.67,-0.65,-3.86,0.52,股價距離52週高點有修復空間、潛在反彈空間較大、RSI位於低檔整理區,仍低於中長期均線，需耐心等待,2026-10-08 16:44:20
585,1294O,1294.TWO,漢田生技,食品工業,50.0,65,防守修復型,28.87,12.72,8.24,-34.64,53.0,-7.96,-16.24,1.0,股價距離52週高點有修復空間、潛在反彈空間較大、波動相對可控,RSI過低，短線賣壓仍重、仍低於中長期均線，需耐心等待,2026-10-08 16:44:20
586,2353,2353.TW,宏碁,電腦及週邊設備業,31.299999237060547,65,孤兒股翻身型,48.29,27.04,1.99,-27.88,38.66,1.21,-0.45,0.59,股價距離52週高點有修復空間、潛在反彈空間較大、RSI位於低檔整理區,仍低於中長期均線，需耐心等待,2026-10-08 16:44:20
587,2356,2356.TW,英業達,電腦及週邊設備業,58.099998474121094,65,孤兒股翻身型,33.22,19.32,6.32,-31.97,46.99,-7.95,-5.99,0.77,股價距離52週高點有修復空間、潛在反彈空間較大、均線糾結，可能處於整理蓄勢,仍低於中長期均線，需耐心等待,2026-10-08 16:44:20
588,6728O,6728.TWO,上洋,居家生活,109.0,65,防守修復型,56.84,8.75,0.64,-24.31,32.11,1.07,-0.92,1.44,股價距離52週高點有修復空間、潛在反彈空間較大、均線糾結，可能處於整理蓄勢,仍低於中長期均線，需耐心等待,2026-10-08 16:44:20
589,3577O,3577.TWO,泓格,電腦及週邊設備業,110.0,65,孤兒股翻身型,41.65,44.0,7.87,-31.68,46.36,-10.1,-8.37,0.44,股價距離52週高點有修復空間、潛在反彈空間較大、RSI位於低檔整理區,仍低於中長期均線，需耐心等待,2026-10-08 16:44:20
590,3630O,3630.TWO,新鉅科,光電業,28.25,65,低檔觀察型,59.8,39.77,3.37,-26.62,36.28,7.46,2.71,2.59,股價距離52週高點有修復空間、潛在反彈空間較大、均線糾結，可能處於整理蓄勢,仍需觀察技術面是否轉強,2026-10-08 16:44:20
591,2401,2401.TW,凌陽,半導體業,26.450000762939453,65,孤兒股翻身型,53.95,31.89,3.02,-24.21,31.95,0.53,-3.47,0.67,股價距離52週高點有修復空間、潛在反彈空間較大、RSI位於低檔整理區,仍低於中長期均線，需耐心等待,2026-10-08 16:44:20
592,2415,2415.TW,錩新,電子零組件業,29.200000762939453,65,低檔觀察型,59.41,43.66,2.0,-22.1,28.37,3.75,6.23,5.78,股價距離52週高點有修復空間、潛在反彈空間較大、均線糾結，可能處於整理蓄勢,仍需觀察技術面是否轉強,2026-10-08 16:44:20
593,2428,2428.TW,興勤,電子零組件業,267.0,65,防守修復型,61.22,23.1,2.9,-22.27,28.65,6.56,5.99,1.9,股價距離52週高點有修復空間、潛在反彈空間較大、均線糾結，可能處於整理蓄勢,仍需觀察技術面是否轉強,2026-10-08 16:44:20
594,2429,2429.TW,銘旺科,光電業,30.100000381469727,65,孤兒股翻身型,40.39,26.51,9.74,-74.05,285.38,-10.21,-24.82,0.78,潛在反彈空間較大、RSI位於低檔整理區、波動相對可控,跌幅過深，需留意基本面是否惡化、仍低於中長期均線，需耐心等待,2026-10-08 16:44:20
595,4138O,4138.TWO,曜亞,生技醫療業,53.79999923706055,65,孤兒股翻身型,51.67,18.38,4.2,-20.65,26.02,2.97,2.09,0.31,股價距離52週高點有修復空間、潛在反彈空間較大、RSI位於低檔整理區,仍需觀察技術面是否轉強,2026-10-08 16:44:20
596,5381O,5381.TWO,光譜,電機機械,22.0,65,防守修復型,33.56,27.04,3.9,-45.0,81.82,-8.23,-13.5,2.25,股價距離52週高點有修復空間、潛在反彈空間較大、均線糾結，可能處於整理蓄勢,仍低於中長期均線，需耐心等待,2026-10-08 16:44:20
597,6223O,6223.TWO,旺矽,半導體業,5530.0,65,孤兒股翻身型,51.13,57.31,4.39,-25.07,33.45,-1.56,-4.06,0.88,股價距離52週高點有修復空間、潛在反彈空間較大、RSI位於低檔整理區,仍低於中長期均線，需耐心等待,2026-10-08 16:44:20
598,6143O,6143.TWO,振曜,通信網路業,78.30000305175781,65,防守修復型,26.45,16.63,9.59,-43.05,75.61,-11.1,-14.42,1.3,股價距離52週高點有修復空間、潛在反彈空間較大、波動相對可控,RSI過低，短線賣壓仍重、仍低於中長期均線，需耐心等待,2026-10-08 16:44:20
599,6161O,6161.TWO,捷波,電腦及週邊設備業,49.0,65,孤兒股翻身型,46.46,32.1,2.18,-24.62,32.65,-2.56,-2.78,0.32,股價距離52週高點有修復空間、潛在反彈空間較大、RSI位於低檔整理區,仍低於中長期均線，需耐心等待,2026-10-08 16:44:20
600,6156O,6156.TWO,松上,電子零組件業,23.399999618530273,65,低檔觀察型,67.93,34.83,3.25,-26.88,36.75,7.69,6.92,2.87,股價距離52週高點有修復空間、潛在反彈空間較大、均線糾結，可能處於整理蓄勢,仍需觀察技術面是否轉強,2026-10-08 16:44:20
601,2515,2515.TW,中工,建材營造業,12.149999618530273,65,防守修復型,57.31,17.16,0.84,-30.28,43.43,1.1,-1.21,2.46,股價距離52週高點有修復空間、潛在反彈空間較大、均線糾結，可能處於整理蓄勢,仍低於中長期均線，需耐心等待,2026-10-08 16:44:20
602,1476,1476.TW,儒鴻,紡織纖維,297.0,65,防守修復型,55.67,25.99,11.63,-34.29,52.19,-5.47,-8.66,2.07,股價距離52週高點有修復空間、潛在反彈空間較大、股價已脫離52週低點,仍低於中長期均線，需耐心等待,2026-10-08 16:44:20
603,5603O,5603.TWO,陸海,航運業,14.100000381469727,65,防守修復型,59.91,20.25,3.3,-28.06,39.01,0.14,-4.66,1.09,股價距離52週高點有修復空間、潛在反彈空間較大、均線糾結，可能處於整理蓄勢,仍低於中長期均線，需耐心等待,2026-10-08 16:44:20
604,5508O,5508.TWO,永信建,建材營造業,53.900001525878906,65,孤兒股翻身型,53.26,28.31,0.7,-30.63,44.16,1.58,2.37,0.64,股價距離52週高點有修復空間、潛在反彈空間較大、RSI位於低檔整理區,仍需觀察技術面是否轉強,2026-10-08 16:44:20
605,2504,2504.TW,國產,建材營造業,31.549999237060547,65,防守修復型,56.78,17.92,0.93,-20.43,25.67,1.21,-4.04,1.43,股價距離52週高點有修復空間、潛在反彈空間較大、均線糾結，可能處於整理蓄勢,仍低於中長期均線，需耐心等待,2026-10-08 16:44:20
606,2501,2501.TW,國建,建材營造業,20.600000381469727,65,孤兒股翻身型,33.56,18.49,6.06,-23.7,31.07,-7.01,-10.49,0.71,股價距離52週高點有修復空間、潛在反彈空間較大、均線糾結，可能處於整理蓄勢,仍低於中長期均線，需耐心等待,2026-10-08 16:44:20
607,3078O,3078.TWO,僑威,電子零組件業,46.099998474121094,65,孤兒股翻身型,44.97,23.0,10.1,-40.97,69.41,-7.42,-12.81,0.63,股價距離52週高點有修復空間、潛在反彈空間較大、RSI位於低檔整理區,仍低於中長期均線，需耐心等待,2026-10-08 16:44:20
608,2614,2614.TW,東森,其他業,15.449999809265137,65,低檔觀察型,29.38,41.06,1.4,-29.45,41.74,-8.36,-10.29,2.43,股價距離52週高點有修復空間、潛在反彈空間較大、均線糾結，可能處於整理蓄勢,RSI過低，短線賣壓仍重、仍低於中長期均線，需耐心等待,2026-10-08 16:44:20
609,00671R,00671R.TW,富邦NASDAQ反1,nan,2.2899999618530273,65,孤兒股翻身型,30.73,14.14,4.08,-26.84,36.68,-6.16,-7.14,0.67,股價距離52週高點有修復空間、潛在反彈空間較大、均線糾結，可能處於整理蓄勢,仍低於中長期均線，需耐心等待,2026-10-08 16:44:20
610,00655L,00655L.TW,國泰中國A50正2,nan,30.350000381469727,65,孤兒股翻身型,33.51,26.48,7.11,-21.98,28.17,-9.8,-13.07,0.36,股價距離52週高點有修復空間、潛在反彈空間較大、均線糾結，可能處於整理蓄勢,仍低於中長期均線，需耐心等待,2026-10-08 16:44:20
611,00653L,00653L.TW,富邦印度正2,nan,40.939998626708984,65,孤兒股翻身型,29.81,21.58,9.39,-31.77,46.56,-10.32,-10.74,0.84,股價距離52週高點有修復空間、潛在反彈空間較大、波動相對可控,RSI過低，短線賣壓仍重、仍低於中長期均線，需耐心等待,2026-10-08 16:44:20
612,00637L,00637L.TW,元大滬深300正2,nan,18.059999465942383,65,孤兒股翻身型,32.72,24.68,7.15,-21.34,27.13,-9.71,-12.84,0.33,股價距離52週高點有修復空間、潛在反彈空間較大、均線糾結，可能處於整理蓄勢,仍低於中長期均線，需耐心等待,2026-10-08 16:44:20
613,9105,9105.TW,泰金寶-DR,nan,8.890000343322754,65,防守修復型,61.66,29.2,0.79,-30.0,42.86,5.42,8.56,2.78,股價距離52週高點有修復空間、潛在反彈空間較大、均線糾結，可能處於整理蓄勢,仍需觀察技術面是否轉強,2026-10-08 16:44:20
614,00783,00783.TW,富邦中証500,nan,26.760000228881836,65,孤兒股翻身型,38.12,19.52,2.39,-16.69,20.03,-4.46,-7.61,0.1,股價距離52週高點有修復空間、RSI位於低檔整理區、均線糾結，可能處於整理蓄勢,仍低於中長期均線，需耐心等待,2026-10-08 16:44:20
615,4582,4582.TW,聚恆-創,綠能環保,22.100000381469727,65,孤兒股翻身型,35.04,12.73,11.14,-48.84,95.48,-10.75,-18.32,0.82,潛在反彈空間較大、RSI位於低檔整理區、股價已脫離52週低點,跌幅過深，需留意基本面是否惡化、仍低於中長期均線，需耐心等待,2026-10-08 16:44:20
616,00752,00752.TW,中信中國50,nan,22.1200008392334,65,孤兒股翻身型,40.41,13.74,3.24,-20.03,25.05,-4.15,-4.03,0.59,股價距離52週高點有修復空間、潛在反彈空間較大、RSI位於低檔整理區,仍低於中長期均線，需耐心等待,2026-10-08 16:44:20
617,3363O,3363.TWO,上詮,通信網路業,679.0,65,低檔觀察型,53.15,48.25,6.12,-31.41,45.8,8.21,-2.49,1.58,股價距離52週高點有修復空間、潛在反彈空間較大、RSI位於低檔整理區,仍低於中長期均線，需耐心等待,2026-10-08 16:44:20
618,3288O,3288.TWO,點晶,電子零組件業,21.950000762939453,65,低檔觀察型,56.49,44.77,5.93,-25.09,33.49,-1.49,8.17,1.09,股價距離52週高點有修復空間、潛在反彈空間較大、均線糾結，可能處於整理蓄勢,仍需觀察技術面是否轉強,2026-10-08 16:44:20
619,2530,2530.TW,華建,建材營造業,20.0,65,孤兒股翻身型,50.81,25.81,1.64,-36.31,57.0,1.26,0.24,0.46,股價距離52週高點有修復空間、潛在反彈空間較大、RSI位於低檔整理區,仍需觀察技術面是否轉強,2026-10-08 16:44:20
620,3206O,3206.TWO,志豐,電子零組件業,34.20000076293945,65,孤兒股翻身型,45.29,17.93,0.83,-18.57,22.81,-0.61,-5.02,0.65,股價距離52週高點有修復空間、RSI位於低檔整理區、均線糾結，可能處於整理蓄勢,仍低於中長期均線，需耐心等待,2026-10-08 16:44:20
621,00633L,00633L.TW,富邦上証正2,nan,43.650001525878906,65,孤兒股翻身型,32.14,25.37,6.87,-21.49,27.38,-9.62,-12.87,0.25,股價距離52週高點有修復空間、潛在反彈空間較大、均線糾結，可能處於整理蓄勢,仍低於中長期均線，需耐心等待,2026-10-08 16:44:20
622,2911,2911.TW,麗嬰房,貿易百貨業,5.920000076293945,65,防守修復型,34.54,23.91,9.66,-38.01,61.32,-10.5,-13.05,2.69,股價距離52週高點有修復空間、潛在反彈空間較大、股價已脫離52週低點,仍低於中長期均線，需耐心等待,2026-10-08 16:44:20
623,4303O,4303.TWO,信立,塑膠工業,31.350000381469727,65,孤兒股翻身型,31.25,27.7,4.06,-42.4,73.62,-7.27,-8.78,0.56,股價距離52週高點有修復空間、潛在反彈空間較大、均線糾結，可能處於整理蓄勢,仍低於中長期均線，需耐心等待,2026-10-08 16:44:20
624,1304,1304.TW,台聚,塑膠工業,13.050000190734863,65,低檔觀察型,60.65,33.3,1.55,-28.49,39.85,5.9,1.87,2.44,股價距離52週高點有修復空間、潛在反彈空間較大、均線糾結，可能處於整理蓄勢,仍需觀察技術面是否轉強,2026-10-08 16:44:20
625,3058,3058.TW,立德,電子零組件業,8.199999809265137,65,孤兒股翻身型,51.91,14.51,1.55,-33.06,49.39,-0.63,-4.82,0.77,股價距離52週高點有修復空間、潛在反彈空間較大、RSI位於低檔整理區,仍低於中長期均線，需耐心等待,2026-10-08 16:44:20
626,6962,6962.TW,奕力-KY,半導體業,32.900001525878906,65,孤兒股翻身型,57.41,20.83,2.6,-28.56,39.97,3.2,-4.67,0.72,股價距離52週高點有修復空間、潛在反彈空間較大、均線糾結，可能處於整理蓄勢,仍低於中長期均線，需耐心等待,2026-10-08 16:44:20
627,4588,4588.TW,玖鼎電力,其他電子業,56.599998474121094,65,低檔觀察型,63.57,32.78,5.01,-23.51,30.74,7.29,1.83,1.41,股價距離52週高點有修復空間、潛在反彈空間較大、均線糾結，可能處於整理蓄勢,仍需觀察技術面是否轉強,2026-10-08 16:44:20
628,7722,7722.TW,LINEPAY,數位雲端,270.0,65,防守修復型,53.5,21.18,5.73,-51.7,107.05,-2.43,-3.3,2.72,潛在反彈空間較大、RSI位於低檔整理區、均線糾結，可能處於整理蓄勢,跌幅過深，需留意基本面是否惡化、仍低於中長期均線，需耐心等待,2026-10-08 16:44:20
629,9904,9904.TW,寶成,運動休閒,24.950000762939453,65,防守修復型,55.19,15.49,1.11,-22.52,29.06,1.91,-0.8,1.39,股價距離52週高點有修復空間、潛在反彈空間較大、均線糾結，可能處於整理蓄勢,仍低於中長期均線，需耐心等待,2026-10-08 16:44:20
630,8454,8454.TW,富邦媒,數位雲端,244.5,65,孤兒股翻身型,50.71,27.13,4.1,-45.61,83.84,-2.13,-2.55,0.83,潛在反彈空間較大、RSI位於低檔整理區、均線糾結，可能處於整理蓄勢,跌幅過深，需留意基本面是否惡化、仍低於中長期均線，需耐心等待,2026-10-08 16:44:20
631,3388O,3388.TWO,崇越電,電子零組件業,86.0,65,孤兒股翻身型,54.67,32.69,1.97,-28.93,40.7,4.88,-4.85,0.66,股價距離52週高點有修復空間、潛在反彈空間較大、RSI位於低檔整理區,仍低於中長期均線，需耐心等待,2026-10-08 16:44:20
632,6785O,6785.TWO,昱展新藥,生技醫療業,90.80000305175781,65,低檔觀察型,38.11,47.06,4.23,-70.61,240.31,-8.46,-20.41,2.26,潛在反彈空間較大、RSI位於低檔整理區、均線糾結，可能處於整理蓄勢,跌幅過深，需留意基本面是否惡化、仍低於中長期均線，需耐心等待,2026-10-08 16:44:20
633,7791,7791.TW,皇家可口,食品工業,53.79999923706055,65,防守修復型,30.68,16.81,5.32,-34.87,53.53,-6.94,-11.73,1.85,股價距離52週高點有修復空間、潛在反彈空間較大、均線糾結，可能處於整理蓄勢,仍低於中長期均線，需耐心等待,2026-10-08 16:44:20
634,7769,7769.TW,鴻勁,半導體業,5885.0,65,孤兒股翻身型,47.06,58.01,7.51,-28.75,40.36,-5.06,-7.78,0.58,股價距離52週高點有修復空間、潛在反彈空間較大、RSI位於低檔整理區,仍低於中長期均線，需耐心等待,2026-10-08 16:44:20
635,3054,3054.TW,立萬利,電子通路業,58.900001525878906,65,防守修復型,57.66,18.93,7.93,-34.77,53.31,7.98,-4.12,2.08,股價距離52週高點有修復空間、潛在反彈空間較大、均線糾結，可能處於整理蓄勢,仍低於中長期均線，需耐心等待,2026-10-08 16:44:20
636,6887,6887.TW,寶綠特-KY,綠能環保,36.79999923706055,65,孤兒股翻身型,44.01,30.24,1.66,-45.96,85.05,-1.74,0.06,0.78,潛在反彈空間較大、RSI位於低檔整理區、均線糾結，可能處於整理蓄勢,跌幅過深，需留意基本面是否惡化,2026-10-08 16:44:20
637,3376,3376.TW,新日興,電子零組件業,169.0,65,孤兒股翻身型,35.42,38.43,7.84,-28.69,40.24,-9.6,-14.08,0.65,股價距離52週高點有修復空間、潛在反彈空間較大、RSI位於低檔整理區,仍低於中長期均線，需耐心等待,2026-10-08 16:44:20
638,6259O,6259.TWO,百徽,電子零組件業,32.70000076293945,65,低檔觀察型,63.67,33.25,3.64,-23.24,30.28,6.31,10.19,1.99,股價距離52週高點有修復空間、潛在反彈空間較大、均線糾結，可能處於整理蓄勢,仍需觀察技術面是否轉強,2026-10-08 16:44:20
639,6435O,6435.TWO,大中,半導體業,257.0,65,低檔觀察型,51.08,41.22,3.39,-38.81,63.42,-0.27,-3.36,1.4,股價距離52週高點有修復空間、潛在反彈空間較大、RSI位於低檔整理區,仍低於中長期均線，需耐心等待,2026-10-08 16:44:20
640,1718,1718.TW,中纖,化學工業,11.300000190734863,65,低檔觀察型,60.23,33.65,1.47,-25.66,34.51,3.83,14.8,1.71,股價距離52週高點有修復空間、潛在反彈空間較大、均線糾結，可能處於整理蓄勢,仍需觀察技術面是否轉強,2026-10-08 16:44:20
641,4157O,4157.TWO,太景*-KY,生技醫療業,8.550000190734863,65,防守修復型,41.63,22.53,1.12,-45.19,82.46,-2.07,-4.71,1.12,潛在反彈空間較大、RSI位於低檔整理區、均線糾結，可能處於整理蓄勢,跌幅過深，需留意基本面是否惡化、仍低於中長期均線，需耐心等待,2026-10-08 16:44:20
642,4160O,4160.TWO,訊聯基因,生技醫療業,38.95000076293945,65,孤兒股翻身型,52.47,16.65,1.98,-28.65,40.16,1.65,0.0,0.66,股價距離52週高點有修復空間、潛在反彈空間較大、RSI位於低檔整理區,仍需觀察技術面是否轉強,2026-10-08 16:44:20
643,4137,4137.TW,麗豐-KY,生技醫療業,76.4000015258789,65,孤兒股翻身型,36.35,18.82,12.89,-34.42,52.49,-11.65,-20.54,0.39,股價距離52週高點有修復空間、潛在反彈空間較大、RSI位於低檔整理區,仍低於中長期均線，需耐心等待,2026-10-08 16:44:20
644,6641,6641.TW,基士德-KY,綠能環保,17.149999618530273,65,孤兒股翻身型,50.34,10.62,3.02,-36.95,58.6,-1.93,-4.54,0.7,股價距離52週高點有修復空間、潛在反彈空間較大、RSI位於低檔整理區,仍低於中長期均線，需耐心等待,2026-10-08 16:44:20
645,8924O,8924.TWO,大田,運動休閒,49.04999923706055,65,防守修復型,33.91,9.48,4.83,-34.77,53.31,-5.31,-13.48,2.64,股價距離52週高點有修復空間、潛在反彈空間較大、均線糾結，可能處於整理蓄勢,仍低於中長期均線，需耐心等待,2026-10-08 16:44:20
646,9951O,9951.TWO,皇田,電機機械,46.25,65,孤兒股翻身型,16.07,8.25,9.21,-24.3,32.11,-9.94,-11.71,0.69,股價距離52週高點有修復空間、潛在反彈空間較大、波動相對可控,RSI過低，短線賣壓仍重、仍低於中長期均線，需耐心等待,2026-10-08 16:44:20
647,4148,4148.TW,全宇生技-KY,生技醫療業,32.099998474121094,65,孤兒股翻身型,49.5,30.53,2.11,-26.38,35.83,1.19,-1.03,0.11,股價距離52週高點有修復空間、潛在反彈空間較大、RSI位於低檔整理區,仍低於中長期均線，需耐心等待,2026-10-08 16:44:20
648,8472O,8472.TWO,納維康,數位雲端,68.0999984741211,65,孤兒股翻身型,40.68,45.8,4.96,-26.14,35.39,-5.03,-9.03,0.04,股價距離52週高點有修復空間、潛在反彈空間較大、RSI位於低檔整理區,仍低於中長期均線，需耐心等待,2026-10-08 16:44:20
649,6124O,6124.TWO,業強,電子零組件業,27.200000762939453,65,孤兒股翻身型,52.51,17.73,1.25,-28.33,39.52,1.45,-4.9,0.36,股價距離52週高點有修復空間、潛在反彈空間較大、RSI位於低檔整理區,仍低於中長期均線，需耐心等待,2026-10-08 16:44:20
650,8410O,8410.TWO,森田,電腦及週邊設備業,26.700000762939453,65,防守修復型,21.29,20.25,10.04,-33.66,50.75,-12.2,-18.09,1.36,股價距離52週高點有修復空間、潛在反彈空間較大、波動相對可控,RSI過低，短線賣壓仍重、仍低於中長期均線，需耐心等待,2026-10-08 16:44:20
651,2201,2201.TW,裕隆,汽車工業,28.899999618530273,65,孤兒股翻身型,45.8,22.66,2.07,-33.33,50.0,-0.0,2.35,0.65,股價距離52週高點有修復空間、潛在反彈空間較大、RSI位於低檔整理區,仍需觀察技術面是否轉強,2026-10-08 16:44:20
652,8426O,8426.TWO,紅木-KY,其他業,20.850000381469727,65,防守修復型,56.21,9.28,0.72,-28.1,39.09,0.38,-2.2,1.45,股價距離52週高點有修復空間、潛在反彈空間較大、均線糾結，可能處於整理蓄勢,仍低於中長期均線，需耐心等待,2026-10-08 16:44:20
653,6640O,6640.TWO,均華,半導體業,1080.0,64,低檔觀察型,48.2,61.71,7.76,-38.64,62.96,4.53,-5.91,1.19,股價距離52週高點有修復空間、潛在反彈空間較大、RSI位於低檔整理區,波動過高，風險較大、仍低於中長期均線，需耐心等待,2026-10-08 16:44:20
654,5345O,5345.TWO,馥鴻,其他業,21.75,64,低檔觀察型,49.7,60.27,1.93,-38.47,62.53,-1.22,-7.03,1.49,股價距離52週高點有修復空間、潛在反彈空間較大、RSI位於低檔整理區,波動過高，風險較大、仍低於中長期均線，需耐心等待,2026-10-08 16:44:20
655,1419,1419.TW,新紡,紡織纖維,65.69999694824219,63,防守修復型,47.51,13.87,0.66,-17.67,21.46,-0.81,0.16,0.3,股價距離52週高點有修復空間、RSI位於低檔整理區、均線糾結，可能處於整理蓄勢,仍需觀察技術面是否轉強,2026-10-08 16:44:20
656,9927,9927.TW,泰銘,其他業,62.5,63,低檔觀察型,18.86,31.98,4.0,-18.65,22.92,-9.35,-9.17,0.57,股價距離52週高點有修復空間、均線糾結，可能處於整理蓄勢、波動相對可控,RSI過低，短線賣壓仍重、仍低於中長期均線，需耐心等待,2026-10-08 16:44:20
657,2910,2910.TW,統領,貿易百貨業,23.5,63,防守修復型,47.91,21.54,3.09,-16.96,20.43,-3.13,1.31,0.25,股價距離52週高點有修復空間、RSI位於低檔整理區、均線糾結，可能處於整理蓄勢,仍需觀察技術面是否轉強,2026-10-08 16:44:20
658,5471,5471.TW,松翰,半導體業,51.70000076293945,63,低檔觀察型,40.86,41.2,6.15,-23.52,30.75,-6.6,-4.67,0.46,股價距離52週高點有修復空間、潛在反彈空間較大、RSI位於低檔整理區,仍低於中長期均線，需耐心等待,2026-10-08 16:44:20
659,1104,1104.TW,環泥,水泥工業,26.850000381469727,63,防守修復型,51.65,9.6,0.61,-18.02,21.97,0.25,-2.13,0.72,股價距離52週高點有修復空間、RSI位於低檔整理區、均線糾結，可能處於整理蓄勢,仍低於中長期均線，需耐心等待,2026-10-08 16:44:20
660,9940,9940.TW,信義,其他業,20.0,63,防守修復型,44.94,15.93,1.63,-15.79,18.75,-1.97,0.57,0.63,股價距離52週高點有修復空間、RSI位於低檔整理區、均線糾結，可能處於整理蓄勢,仍需觀察技術面是否轉強,2026-10-08 16:44:20
661,3706,3706.TW,神達,電腦及週邊設備業,80.9000015258789,63,防守修復型,50.21,22.54,2.31,-16.83,20.24,-1.13,0.88,0.42,股價距離52週高點有修復空間、RSI位於低檔整理區、均線糾結，可能處於整理蓄勢,仍需觀察技術面是否轉強,2026-10-08 16:44:20
662,1515,1515.TW,力山,電機機械,28.399999618530273,63,低檔觀察型,38.46,33.69,10.87,-36.68,57.92,-12.06,-2.93,0.53,股價距離52週高點有修復空間、潛在反彈空間較大、RSI位於低檔整理區,仍低於中長期均線，需耐心等待,2026-10-08 16:44:20
663,1526,1526.TW,日馳,電機機械,15.050000190734863,63,防守修復型,45.56,24.24,9.53,-36.09,56.48,-7.64,-3.94,0.69,股價距離52週高點有修復空間、潛在反彈空間較大、RSI位於低檔整理區,仍低於中長期均線，需耐心等待,2026-10-08 16:44:20
664,2379,2379.TW,瑞昱,半導體業,741.0,63,防守修復型,50.86,28.68,3.12,-17.67,21.46,1.22,7.3,0.5,股價距離52週高點有修復空間、RSI位於低檔整理區、均線糾結，可能處於整理蓄勢,仍需觀察技術面是否轉強,2026-10-08 16:44:20
665,4907O,4907.TWO,富宇,建材營造業,43.0,63,防守修復型,38.13,24.41,0.31,-15.19,17.91,-3.33,2.78,0.62,股價距離52週高點有修復空間、RSI位於低檔整理區、均線糾結，可能處於整理蓄勢,仍需觀察技術面是否轉強,2026-10-08 16:44:20
666,00652,00652.TW,富邦印度,nan,31.0,63,防守修復型,25.54,9.31,4.54,-17.75,21.58,-5.7,-5.49,0.68,股價距離52週高點有修復空間、均線糾結，可能處於整理蓄勢、波動相對可控,RSI過低，短線賣壓仍重、仍低於中長期均線，需耐心等待,2026-10-08 16:44:20
667,6969,6969.TW,成信實業*-創,綠能環保,30.549999237060547,63,低檔觀察型,42.42,53.41,4.49,-22.66,29.3,-5.79,2.02,0.15,股價距離52週高點有修復空間、潛在反彈空間較大、RSI位於低檔整理區,仍需觀察技術面是否轉強,2026-10-08 16:44:20
668,00969BO,00969B.TWO,元大零息超長美債,nan,7.239999771118164,63,防守修復型,19.98,18.16,6.05,-19.2,23.76,-9.36,-11.29,0.43,股價距離52週高點有修復空間、均線糾結，可能處於整理蓄勢、波動相對可控,RSI過低，短線賣壓仍重、仍低於中長期均線，需耐心等待,2026-10-08 16:44:20
669,6101O,6101.TWO,寬魚國際,文化創意業,38.75,63,防守修復型,58.48,20.19,1.06,-18.85,23.23,3.48,-0.99,2.82,股價距離52週高點有修復空間、均線糾結，可能處於整理蓄勢、股價已脫離52週低點,仍低於中長期均線，需耐心等待,2026-10-08 16:44:20
670,1453,1453.TW,大將,建材營造業,10.949999809265137,63,防守修復型,49.98,12.64,0.32,-19.44,24.13,0.22,-0.92,0.73,股價距離52週高點有修復空間、RSI位於低檔整理區、均線糾結，可能處於整理蓄勢,仍低於中長期均線，需耐心等待,2026-10-08 16:44:20
671,6446,6446.TW,藥華藥,生技醫療業,1205.0,63,低檔觀察型,46.39,47.5,7.98,-23.97,31.54,-5.61,13.37,0.47,股價距離52週高點有修復空間、潛在反彈空間較大、RSI位於低檔整理區,仍需觀察技術面是否轉強,2026-10-08 16:44:20
672,2465,2465.TW,麗臺,電腦及週邊設備業,89.0,63,低檔觀察型,45.78,34.51,3.38,-15.24,17.98,0.86,6.62,0.66,股價距離52週高點有修復空間、RSI位於低檔整理區、均線糾結，可能處於整理蓄勢,仍需觀察技術面是否轉強,2026-10-08 16:44:20
673,1110,1110.TW,東泥,水泥工業,14.449999809265137,63,防守修復型,30.38,18.48,7.9,-15.5,18.34,-8.11,-6.39,0.99,股價距離52週高點有修復空間、均線糾結，可能處於整理蓄勢、波動相對可控,仍低於中長期均線，需耐心等待,2026-10-08 16:44:20
674,6771,6771.TW,平和環保-創,綠能環保,42.29999923706055,63,防守修復型,54.47,10.9,3.86,-15.9,18.91,3.81,2.06,0.36,股價距離52週高點有修復空間、RSI位於低檔整理區、均線糾結，可能處於整理蓄勢,仍需觀察技術面是否轉強,2026-10-08 16:44:20
675,8905O,8905.TWO,裕國,其他業,34.400001525878906,63,防守修復型,48.88,13.74,3.41,-15.58,18.46,2.74,4.72,0.51,股價距離52週高點有修復空間、RSI位於低檔整理區、均線糾結，可能處於整理蓄勢,仍需觀察技術面是否轉強,2026-10-08 16:44:20
676,2364,2364.TW,倫飛,電腦及週邊設備業,64.5999984741211,63,防守修復型,44.81,29.56,2.28,-19.34,23.98,-2.83,0.85,0.34,股價距離52週高點有修復空間、RSI位於低檔整理區、均線糾結，可能處於整理蓄勢,仍需觀察技術面是否轉強,2026-10-08 16:44:20
677,5014O,5014.TWO,建錩,鋼鐵工業,10.050000190734863,63,防守修復型,48.87,15.87,3.94,-15.55,18.41,-3.07,-4.14,0.77,股價距離52週高點有修復空間、RSI位於低檔整理區、均線糾結，可能處於整理蓄勢,仍低於中長期均線，需耐心等待,2026-10-08 16:44:20
678,4541O,4541.TWO,晟田,其他業,59.099998474121094,63,低檔觀察型,43.85,38.96,8.69,-21.93,28.09,-8.24,4.08,0.5,股價距離52週高點有修復空間、潛在反彈空間較大、RSI位於低檔整理區,仍需觀察技術面是否轉強,2026-10-08 16:44:20
679,6770,6770.TW,力積電,半導體業,72.5999984741211,63,低檔觀察型,50.8,41.7,6.79,-18.15,22.18,5.39,6.18,0.78,股價距離52週高點有修復空間、RSI位於低檔整理區、均線糾結，可能處於整理蓄勢,仍需觀察技術面是否轉強,2026-10-08 16:44:20
680,2610,2610.TW,華航,航運業,20.350000381469727,63,防守修復型,49.88,17.0,2.06,-15.91,18.92,-1.65,0.26,0.64,股價距離52週高點有修復空間、RSI位於低檔整理區、均線糾結，可能處於整理蓄勢,仍需觀察技術面是否轉強,2026-10-08 16:44:20
681,2612,2612.TW,中航,航運業,61.70000076293945,63,防守修復型,50.11,26.44,7.22,-17.29,20.91,5.8,8.52,0.61,股價距離52週高點有修復空間、RSI位於低檔整理區、均線糾結，可能處於整理蓄勢,仍需觀察技術面是否轉強,2026-10-08 16:44:20
682,3022,3022.TW,威強電,電腦及週邊設備業,90.69999694824219,63,低檔觀察型,49.68,33.77,2.67,-19.73,24.59,-0.7,7.59,0.5,股價距離52週高點有修復空間、RSI位於低檔整理區、均線糾結，可能處於整理蓄勢,仍需觀察技術面是否轉強,2026-10-08 16:44:20
683,00781BO,00781B.TWO,國泰A級科技債,nan,25.479999542236328,63,防守修復型,22.2,10.06,4.75,-15.8,18.76,-5.99,-8.48,0.61,股價距離52週高點有修復空間、均線糾結，可能處於整理蓄勢、波動相對可控,RSI過低，短線賣壓仍重、仍低於中長期均線，需耐心等待,2026-10-08 16:44:20
684,6005,6005.TW,群益證,金融保險業,32.54999923706055,63,防守修復型,56.52,24.37,3.77,-18.28,22.37,4.8,5.15,0.75,股價距離52週高點有修復空間、均線糾結，可能處於整理蓄勢、股價已脫離52週低點,仍需觀察技術面是否轉強,2026-10-08 16:44:20
685,4576,4576.TW,大銀微系統,電機機械,232.0,63,低檔觀察型,51.29,47.87,7.41,-18.45,22.63,6.9,4.68,0.84,股價距離52週高點有修復空間、RSI位於低檔整理區、均線糾結，可能處於整理蓄勢,仍需觀察技術面是否轉強,2026-10-08 16:44:20
686,2049,2049.TW,上銀,電機機械,342.5,63,低檔觀察型,50.93,50.57,2.02,-16.36,19.56,0.3,0.32,1.03,股價距離52週高點有修復空間、RSI位於低檔整理區、均線糾結，可能處於整理蓄勢,仍需觀察技術面是否轉強,2026-10-08 16:44:20
687,8928O,8928.TWO,鉅明,運動休閒,22.799999237060547,63,防守修復型,44.67,26.47,1.54,-17.69,21.49,-2.17,1.63,0.45,股價距離52週高點有修復空間、RSI位於低檔整理區、均線糾結，可能處於整理蓄勢,仍需觀察技術面是否轉強,2026-10-08 16:44:20
688,5904O,5904.TWO,寶雅*,居家生活,70.0999984741211,63,防守修復型,45.69,18.63,3.31,-19.52,24.25,-2.31,6.3,0.65,股價距離52週高點有修復空間、RSI位於低檔整理區、均線糾結，可能處於整理蓄勢,仍需觀察技術面是否轉強,2026-10-08 16:44:20
689,4532,4532.TW,瑞智,電機機械,24.600000381469727,63,防守修復型,52.99,25.63,2.46,-15.46,18.29,1.59,1.12,0.38,股價距離52週高點有修復空間、RSI位於低檔整理區、均線糾結，可能處於整理蓄勢,仍需觀察技術面是否轉強,2026-10-08 16:44:20
690,8932O,8932.TWO,智通*,數位雲端,90.0999984741211,63,低檔觀察型,46.69,33.3,1.26,-17.06,20.56,-0.84,2.62,0.32,股價距離52週高點有修復空間、RSI位於低檔整理區、均線糾結，可能處於整理蓄勢,仍需觀察技術面是否轉強,2026-10-08 16:44:20
691,009817,009817.TW,國泰日本不動產,nan,8.489999771118164,63,防守修復型,22.22,10.5,3.87,-16.44,19.67,-6.42,-5.95,0.67,股價距離52週高點有修復空間、均線糾結，可能處於整理蓄勢、波動相對可控,RSI過低，短線賣壓仍重、仍低於中長期均線，需耐心等待,2026-10-08 16:44:20
692,2352,2352.TW,佳世達,電腦及週邊設備業,28.899999618530273,63,防守修復型,48.8,19.75,0.5,-18.36,22.49,-0.19,0.05,0.67,股價距離52週高點有修復空間、RSI位於低檔整理區、均線糾結，可能處於整理蓄勢,仍需觀察技術面是否轉強,2026-10-08 16:44:20
693,2354,2354.TW,鴻準,其他電子業,62.099998474121094,63,防守修復型,39.82,19.47,5.79,-15.16,17.87,1.1,4.44,0.55,股價距離52週高點有修復空間、RSI位於低檔整理區、均線糾結，可能處於整理蓄勢,仍需觀察技術面是否轉強,2026-10-08 16:44:20
694,2425,2425.TW,承啟,電腦及週邊設備業,36.599998474121094,63,防守修復型,42.5,22.81,9.6,-30.81,44.54,-9.78,-4.05,0.57,股價距離52週高點有修復空間、潛在反彈空間較大、RSI位於低檔整理區,仍低於中長期均線，需耐心等待,2026-10-08 16:44:20
695,4147O,4147.TWO,中裕,生技醫療業,61.900001525878906,63,低檔觀察型,48.64,37.18,1.25,-17.47,21.16,0.21,5.6,0.72,股價距離52週高點有修復空間、RSI位於低檔整理區、均線糾結，可能處於整理蓄勢,仍需觀察技術面是否轉強,2026-10-08 16:44:20
696,6937,6937.TW,天虹,半導體業,292.5,63,低檔觀察型,49.59,31.67,7.4,-16.79,20.17,4.56,2.18,0.62,股價距離52週高點有修復空間、RSI位於低檔整理區、均線糾結，可能處於整理蓄勢,仍需觀察技術面是否轉強,2026-10-08 16:44:20
697,5351O,5351.TWO,鈺創,半導體業,114.5,63,低檔觀察型,54.21,51.25,3.94,-15.5,18.34,7.47,20.7,1.43,股價距離52週高點有修復空間、RSI位於低檔整理區、均線糾結，可能處於整理蓄勢,仍需觀察技術面是否轉強,2026-10-08 16:44:20
698,5468O,5468.TWO,凱鈺,半導體業,24.350000381469727,63,低檔觀察型,43.26,54.39,3.09,-32.92,49.08,-5.21,1.83,0.38,股價距離52週高點有修復空間、潛在反彈空間較大、RSI位於低檔整理區,仍需觀察技術面是否轉強,2026-10-08 16:44:20
699,6605,6605.TW,帝寶,汽車工業,137.5,63,防守修復型,50.38,17.65,0.98,-18.15,22.18,0.91,1.62,0.64,股價距離52週高點有修復空間、RSI位於低檔整理區、均線糾結，可能處於整理蓄勢,仍需觀察技術面是否轉強,2026-10-08 16:44:20
700,3494,3494.TW,誠研,電腦及週邊設備業,7.079999923706055,62,防守修復型,45.4,14.9,1.06,-35.05,53.95,-1.21,-6.37,0.33,股價距離52週高點有修復空間、潛在反彈空間較大、RSI位於低檔整理區,仍低於中長期均線，需耐心等待,2026-10-08 16:44:20
701,6498O,6498.TWO,久禾光,光電業,74.5,62,低檔觀察型,59.59,46.55,7.24,-33.78,51.01,1.13,-13.34,1.68,股價距離52週高點有修復空間、潛在反彈空間較大、均線糾結，可能處於整理蓄勢,仍低於中長期均線，需耐心等待,2026-10-08 16:44:20
702,3537O,3537.TWO,堡達,電子零組件業,56.29999923706055,62,低檔觀察型,55.58,42.57,1.65,-37.17,59.15,3.35,-5.62,2.12,股價距離52週高點有修復空間、潛在反彈空間較大、均線糾結，可能處於整理蓄勢,仍低於中長期均線，需耐心等待,2026-10-08 16:44:20
703,3294O,3294.TWO,英濟,電子零組件業,31.950000762939453,62,低檔觀察型,54.1,42.05,5.13,-28.36,39.59,3.43,-5.08,0.31,股價距離52週高點有修復空間、潛在反彈空間較大、RSI位於低檔整理區,仍低於中長期均線，需耐心等待,2026-10-08 16:44:20
704,4205O,4205.TWO,中華食,食品工業,67.69999694824219,62,防守修復型,30.71,5.99,1.83,-22.98,29.84,-2.71,-5.41,1.32,股價距離52週高點有修復空間、潛在反彈空間較大、均線糾結，可能處於整理蓄勢,仍低於中長期均線，需耐心等待,2026-10-08 16:44:20
705,00635U,00635U.TW,期元大S&P黃金,nan,42.45000076293945,62,防守修復型,33.77,18.09,1.75,-29.89,42.64,-4.18,-6.3,0.91,股價距離52週高點有修復空間、潛在反彈空間較大、均線糾結，可能處於整理蓄勢,仍低於中長期均線，需耐心等待,2026-10-08 16:44:20
706,3322O,3322.TWO,建舜電,電子零組件業,11.100000381469727,62,防守修復型,48.06,27.2,3.05,-38.33,62.16,-2.47,-12.1,0.63,股價距離52週高點有修復空間、潛在反彈空間較大、RSI位於低檔整理區,仍低於中長期均線，需耐心等待,2026-10-08 16:44:20
707,6167O,6167.TWO,久正,光電業,10.510199546813965,62,防守修復型,48.77,18.7,2.38,-37.2,59.22,-1.66,-8.83,0.0,股價距離52週高點有修復空間、潛在反彈空間較大、RSI位於低檔整理區,仍低於中長期均線，需耐心等待,2026-10-08 16:44:20
708,3501,3501.TW,維熹,電子零組件業,37.70000076293945,62,防守修復型,36.23,8.01,3.92,-35.0,53.85,-3.89,-8.05,0.39,股價距離52週高點有修復空間、潛在反彈空間較大、RSI位於低檔整理區,仍低於中長期均線，需耐心等待,2026-10-08 16:44:20
709,5364O,5364.TWO,力麗店,觀光餐旅,8.300000190734863,62,防守修復型,40.42,8.47,2.34,-50.15,100.6,-2.67,-6.59,0.79,潛在反彈空間較大、RSI位於低檔整理區、均線糾結，可能處於整理蓄勢,跌幅過深，需留意基本面是否惡化、仍低於中長期均線，需耐心等待,2026-10-08 16:44:20
710,8467,8467.TW,波力-KY,運動休閒,91.5,62,低檔觀察型,53.82,37.12,7.97,-52.84,112.02,-4.09,-18.86,1.0,潛在反彈空間較大、RSI位於低檔整理區、均線糾結，可能處於整理蓄勢,跌幅過深，需留意基本面是否惡化、仍低於中長期均線，需耐心等待,2026-10-08 16:44:20
711,4744O,4744.TWO,皇將,生技醫療業,28.450000762939453,62,低檔觀察型,51.26,42.68,1.63,-26.86,36.73,-0.81,-5.12,0.51,股價距離52週高點有修復空間、潛在反彈空間較大、RSI位於低檔整理區,仍低於中長期均線，需耐心等待,2026-10-08 16:44:20
712,3224O,3224.TWO,三顧,電子通路業,32.45000076293945,62,防守修復型,47.95,26.82,7.65,-38.19,61.79,-4.95,-13.38,0.64,股價距離52週高點有修復空間、潛在反彈空間較大、RSI位於低檔整理區,仍低於中長期均線，需耐心等待,2026-10-08 16:44:20
713,1616,1616.TW,億泰,電器電纜,18.649999618530273,62,防守修復型,48.89,18.82,3.8,-48.76,95.17,-2.56,-10.07,0.8,潛在反彈空間較大、RSI位於低檔整理區、均線糾結，可能處於整理蓄勢,跌幅過深，需留意基本面是否惡化、仍低於中長期均線，需耐心等待,2026-10-08 16:44:20
714,8249,8249.TW,菱光,電子零組件業,39.70000076293945,62,防守修復型,48.93,27.86,5.05,-37.28,59.45,-3.39,-13.47,0.62,股價距離52週高點有修復空間、潛在反彈空間較大、RSI位於低檔整理區,仍低於中長期均線，需耐心等待,2026-10-08 16:44:20
715,6284O,6284.TWO,佳邦,電子零組件業,80.0,62,低檔觀察型,55.62,35.8,1.1,-35.48,55.0,2.8,-7.91,1.49,股價距離52週高點有修復空間、潛在反彈空間較大、均線糾結，可能處於整理蓄勢,仍低於中長期均線，需耐心等待,2026-10-08 16:44:20
716,7610,7610.TW,聯友金屬-創,綠能環保,1805.0,62,低檔觀察型,51.02,71.15,3.97,-30.58,44.04,2.07,19.32,1.04,股價距離52週高點有修復空間、潛在反彈空間較大、RSI位於低檔整理區,波動過高，風險較大,2026-10-08 16:44:20
717,5546,5546.TW,永固-KY,建材營造業,13.850000381469727,62,防守修復型,41.32,25.22,3.44,-44.49,80.14,-4.95,-11.05,0.49,股價距離52週高點有修復空間、潛在反彈空間較大、RSI位於低檔整理區,仍低於中長期均線，需耐心等待,2026-10-08 16:44:20
718,2460,2460.TW,建通,電子零組件業,30.450000762939453,62,低檔觀察型,53.68,43.14,1.31,-24.72,32.84,1.33,-5.9,0.59,股價距離52週高點有修復空間、潛在反彈空間較大、RSI位於低檔整理區,仍低於中長期均線，需耐心等待,2026-10-08 16:44:20
719,3272O,3272.TWO,東碩,電腦及週邊設備業,13.899999618530273,62,防守修復型,45.22,18.54,1.55,-42.68,74.46,-1.98,-11.46,0.21,股價距離52週高點有修復空間、潛在反彈空間較大、RSI位於低檔整理區,仍低於中長期均線，需耐心等待,2026-10-08 16:44:20
720,5498O,5498.TWO,凱崴,電子零組件業,54.79999923706055,62,低檔觀察型,57.37,47.81,2.5,-34.06,51.64,7.76,-6.93,1.61,股價距離52週高點有修復空間、潛在反彈空間較大、均線糾結，可能處於整理蓄勢,仍低於中長期均線，需耐心等待,2026-10-08 16:44:20
721,1215,1215.TW,卜蜂,食品工業,105.0,62,防守修復型,42.38,19.56,2.82,-35.78,55.71,-2.74,-10.54,0.41,股價距離52週高點有修復空間、潛在反彈空間較大、RSI位於低檔整理區,仍低於中長期均線，需耐心等待,2026-10-08 16:44:20
722,3557,3557.TW,嘉威,居家生活,23.649999618530273,62,防守修復型,49.33,29.79,5.3,-42.32,73.36,-3.92,-8.17,0.55,股價距離52週高點有修復空間、潛在反彈空間較大、RSI位於低檔整理區,仍低於中長期均線，需耐心等待,2026-10-08 16:44:20
723,3290O,3290.TWO,東浦,電子零組件業,50.79999923706055,62,低檔觀察型,57.4,42.81,8.64,-28.75,40.35,-2.43,-5.4,0.88,股價距離52週高點有修復空間、潛在反彈空間較大、股價已脫離52週低點,仍低於中長期均線，需耐心等待,2026-10-08 16:44:20
724,5439O,5439.TWO,高技,電子零組件業,262.0,62,低檔觀察型,56.99,35.23,3.0,-40.66,68.51,5.67,-14.42,1.37,股價距離52週高點有修復空間、潛在反彈空間較大、均線糾結，可能處於整理蓄勢,仍低於中長期均線，需耐心等待,2026-10-08 16:44:20
725,2022,2022.TW,聚亨,鋼鐵工業,7.159999847412109,62,防守修復型,34.34,12.39,4.15,-27.09,37.15,-4.98,-7.55,0.91,股價距離52週高點有修復空間、潛在反彈空間較大、均線糾結，可能處於整理蓄勢,仍低於中長期均線，需耐心等待,2026-10-08 16:44:20
726,6955,6955.TW,邦睿生技-創,生技醫療業,93.0,62,防守修復型,36.39,15.9,2.47,-35.04,53.95,-3.89,-12.88,0.15,股價距離52週高點有修復空間、潛在反彈空間較大、RSI位於低檔整理區,仍低於中長期均線，需耐心等待,2026-10-08 16:44:20
727,6230,6230.TW,尼得科超眾,電腦及週邊設備業,115.5,62,低檔觀察型,57.82,49.22,1.33,-36.71,58.01,4.09,-7.93,1.34,股價距離52週高點有修復空間、潛在反彈空間較大、均線糾結，可能處於整理蓄勢,仍低於中長期均線，需耐心等待,2026-10-08 16:44:20
728,2228,2228.TW,劍麟,汽車工業,73.9000015258789,62,防守修復型,43.31,22.64,2.07,-33.72,50.88,-3.11,-9.06,0.25,股價距離52週高點有修復空間、潛在反彈空間較大、RSI位於低檔整理區,仍低於中長期均線，需耐心等待,2026-10-08 16:44:20
729,6217O,6217.TWO,中探針,電子零組件業,173.0,62,低檔觀察型,50.27,53.55,3.99,-49.27,97.11,3.87,-20.52,0.9,潛在反彈空間較大、RSI位於低檔整理區、均線糾結，可能處於整理蓄勢,跌幅過深，需留意基本面是否惡化、仍低於中長期均線，需耐心等待,2026-10-08 16:44:20
730,6191,6191.TW,精成科,電子零組件業,87.5,62,防守修復型,64.1,17.98,1.5,-33.46,50.29,3.22,-5.39,1.6,股價距離52週高點有修復空間、潛在反彈空間較大、均線糾結，可能處於整理蓄勢,仍低於中長期均線，需耐心等待,2026-10-08 16:44:20
731,2405,2405.TW,輔信,電腦及週邊設備業,15.100000381469727,62,防守修復型,46.78,14.1,3.91,-30.41,43.71,-3.19,-7.52,0.65,股價距離52週高點有修復空間、潛在反彈空間較大、RSI位於低檔整理區,仍低於中長期均線，需耐心等待,2026-10-08 16:44:20
732,4739,4739.TW,康普,化學工業,87.4000015258789,62,低檔觀察型,57.57,42.81,3.41,-32.77,48.74,4.77,-7.1,1.78,股價距離52週高點有修復空間、潛在反彈空間較大、均線糾結，可能處於整理蓄勢,仍低於中長期均線，需耐心等待,2026-10-08 16:44:20
733,4420O,4420.TWO,光明,紡織纖維,35.400001525878906,62,防守修復型,38.58,27.08,3.58,-31.4,45.76,-2.67,-6.28,0.33,股價距離52週高點有修復空間、潛在反彈空間較大、RSI位於低檔整理區,仍低於中長期均線，需耐心等待,2026-10-08 16:44:20
734,6843O,6843.TWO,進典,電機機械,38.150001525878906,62,防守修復型,42.29,15.31,1.4,-34.79,53.34,-2.22,-6.77,0.51,股價距離52週高點有修復空間、潛在反彈空間較大、RSI位於低檔整理區,仍低於中長期均線，需耐心等待,2026-10-08 16:44:20
735,6730O,6730.TWO,常廣,生技醫療業,31.899999618530273,62,防守修復型,39.89,9.77,4.39,-36.45,57.37,-4.39,-9.92,0.39,股價距離52週高點有修復空間、潛在反彈空間較大、RSI位於低檔整理區,仍低於中長期均線，需耐心等待,2026-10-08 16:44:20
736,6835,6835.TW,圓裕,電子零組件業,32.04999923706055,62,防守修復型,60.43,19.87,1.18,-22.77,29.49,2.79,-6.42,1.09,股價距離52週高點有修復空間、潛在反彈空間較大、均線糾結，可能處於整理蓄勢,仍低於中長期均線，需耐心等待,2026-10-08 16:44:20
737,3092,3092.TW,鴻碩,電子零組件業,24.549999237060547,62,低檔觀察型,57.72,48.53,1.87,-35.05,53.97,3.4,-9.85,0.96,股價距離52週高點有修復空間、潛在反彈空間較大、均線糾結，可能處於整理蓄勢,仍低於中長期均線，需耐心等待,2026-10-08 16:44:20
738,6923,6923.TW,中台,綠能環保,73.4000015258789,62,防守修復型,35.13,11.26,1.83,-39.34,64.85,-3.71,-5.75,0.33,股價距離52週高點有修復空間、潛在反彈空間較大、RSI位於低檔整理區,仍低於中長期均線，需耐心等待,2026-10-08 16:44:20
739,3511O,3511.TWO,矽瑪,電子零組件業,20.100000381469727,62,低檔觀察型,56.2,31.02,2.41,-28.6,40.05,1.67,-5.92,0.64,股價距離52週高點有修復空間、潛在反彈空間較大、均線糾結，可能處於整理蓄勢,仍低於中長期均線，需耐心等待,2026-10-08 16:44:20
740,2355,2355.TW,敬鵬,電子零組件業,44.599998474121094,62,防守修復型,62.45,26.82,1.41,-33.43,50.22,6.27,-8.5,1.53,股價距離52週高點有修復空間、潛在反彈空間較大、均線糾結，可能處於整理蓄勢,仍低於中長期均線，需耐心等待,2026-10-08 16:44:20
741,4161O,4161.TWO,聿新科,生技醫療業,21.5,62,防守修復型,23.74,7.48,3.02,-21.82,27.91,-4.44,-5.91,0.42,股價距離52週高點有修復空間、潛在反彈空間較大、均線糾結，可能處於整理蓄勢,RSI過低，短線賣壓仍重、仍低於中長期均線，需耐心等待,2026-10-08 16:44:20
742,7757O,7757.TWO,金色三麥,觀光餐旅,89.0999984741211,62,防守修復型,48.22,16.79,0.6,-40.6,68.35,-0.7,-7.4,0.18,股價距離52週高點有修復空間、潛在反彈空間較大、RSI位於低檔整理區,仍低於中長期均線，需耐心等待,2026-10-08 16:44:20
743,7738O,7738.TWO,東聯互動,數位雲端,158.0,62,防守修復型,42.68,16.63,5.73,-31.45,45.89,-4.39,-6.41,0.58,股價距離52週高點有修復空間、潛在反彈空間較大、RSI位於低檔整理區,仍低於中長期均線，需耐心等待,2026-10-08 16:44:20
744,4933O,4933.TWO,友輝,光電業,53.20000076293945,62,防守修復型,46.86,17.45,3.41,-31.71,46.43,-2.36,-13.94,0.35,股價距離52週高點有修復空間、潛在反彈空間較大、RSI位於低檔整理區,仍低於中長期均線，需耐心等待,2026-10-08 16:44:20
745,3188O,3188.TWO,鑫龍騰,建材營造業,22.549999237060547,62,防守修復型,29.96,13.25,2.29,-35.01,53.88,-4.58,-5.94,2.03,股價距離52週高點有修復空間、潛在反彈空間較大、均線糾結，可能處於整理蓄勢,RSI過低，短線賣壓仍重、仍低於中長期均線，需耐心等待,2026-10-08 16:44:20
746,3257,3257.TW,虹冠電,半導體業,49.5,62,防守修復型,50.37,20.64,3.52,-36.78,58.18,-1.58,-9.76,0.54,股價距離52週高點有修復空間、潛在反彈空間較大、RSI位於低檔整理區,仍低於中長期均線，需耐心等待,2026-10-08 16:44:20
747,3083O,3083.TWO,網龍,文化創意業,23.049999237060547,62,防守修復型,48.49,28.08,4.67,-38.7,63.12,-3.43,-10.6,0.35,股價距離52週高點有修復空間、潛在反彈空間較大、RSI位於低檔整理區,仍低於中長期均線，需耐心等待,2026-10-08 16:44:20
748,6890,6890.TW,來億-KY,運動休閒,156.0,62,低檔觀察型,53.19,31.76,9.38,-46.02,85.26,-4.34,-12.62,2.93,潛在反彈空間較大、RSI位於低檔整理區、波動相對可控,跌幅過深，需留意基本面是否惡化、仍低於中長期均線，需耐心等待,2026-10-08 16:44:20
749,4930,4930.TW,燦星網,電器電纜,15.800000190734863,62,防守修復型,41.88,12.5,1.77,-31.45,45.89,-2.23,-6.42,0.06,股價距離52週高點有修復空間、潛在反彈空間較大、RSI位於低檔整理區,仍低於中長期均線，需耐心等待,2026-10-08 16:44:20
750,4585,4585.TW,達明,其他電子業,290.5,62,防守修復型,43.57,16.74,1.79,-33.9,51.29,-2.48,-6.87,0.37,股價距離52週高點有修復空間、潛在反彈空間較大、RSI位於低檔整理區,仍低於中長期均線，需耐心等待,2026-10-08 16:44:20
751,8935O,8935.TWO,邦泰,其他業,18.299999237060547,62,低檔觀察型,50.04,41.68,2.21,-24.85,33.06,0.66,-5.88,0.56,股價距離52週高點有修復空間、潛在反彈空間較大、RSI位於低檔整理區,仍低於中長期均線，需耐心等待,2026-10-08 16:44:20
752,1473,1473.TW,台南,紡織纖維,19.049999237060547,62,防守修復型,23.73,7.23,3.17,-41.29,70.34,-4.1,-6.39,1.06,股價距離52週高點有修復空間、潛在反彈空間較大、均線糾結，可能處於整理蓄勢,RSI過低，短線賣壓仍重、仍低於中長期均線，需耐心等待,2026-10-08 16:44:20
753,3485O,3485.TWO,敘豐,電子零組件業,223.5,62,低檔觀察型,61.69,33.74,5.19,-42.17,72.93,4.11,-14.64,1.15,股價距離52週高點有修復空間、潛在反彈空間較大、均線糾結，可能處於整理蓄勢,仍低於中長期均線，需耐心等待,2026-10-08 16:44:20
754,1337,1337.TW,再生-KY,塑膠工業,4.409999847412109,62,防守修復型,38.74,13.64,4.26,-31.42,45.8,-4.64,-8.6,0.54,股價距離52週高點有修復空間、潛在反彈空間較大、RSI位於低檔整理區,仍低於中長期均線，需耐心等待,2026-10-08 16:44:20
755,6761O,6761.TWO,穩得,電子零組件業,168.5,62,低檔觀察型,49.44,37.39,0.83,-26.74,36.5,0.81,-8.32,0.4,股價距離52週高點有修復空間、潛在反彈空間較大、RSI位於低檔整理區,仍低於中長期均線，需耐心等待,2026-10-08 16:44:20
756,6591,6591.TW,動力-KY,電腦及週邊設備業,42.25,62,防守修復型,43.19,24.75,1.39,-49.64,98.58,-2.91,-14.46,0.74,潛在反彈空間較大、RSI位於低檔整理區、均線糾結，可能處於整理蓄勢,跌幅過深，需留意基本面是否惡化、仍低於中長期均線，需耐心等待,2026-10-08 16:44:20
757,9934,9934.TW,成霖,居家生活,9.819999694824219,61,防守修復型,36.31,19.94,8.35,-18.17,22.2,-7.62,-4.47,0.54,股價距離52週高點有修復空間、RSI位於低檔整理區、股價已脫離52週低點,仍低於中長期均線，需耐心等待,2026-10-08 16:44:20
758,1530,1530.TW,亞崴,電機機械,26.350000381469727,61,防守修復型,33.37,14.13,4.79,-19.77,24.65,-5.61,-3.46,1.12,股價距離52週高點有修復空間、均線糾結，可能處於整理蓄勢、股價已脫離52週低點,仍低於中長期均線，需耐心等待,2026-10-08 16:44:20
759,2712,2712.TW,遠雄來,觀光餐旅,13.199999809265137,60,防守修復型,30.61,15.44,6.94,-32.82,48.86,-7.73,-12.14,0.34,股價距離52週高點有修復空間、潛在反彈空間較大、均線糾結，可能處於整理蓄勢,仍低於中長期均線，需耐心等待,2026-10-08 16:44:20
760,6242O,6242.TWO,立康,生技醫療業,33.849998474121094,60,防守修復型,41.31,4.76,1.36,-16.21,19.35,-1.65,-5.81,0.0,股價距離52週高點有修復空間、RSI位於低檔整理區、均線糾結，可能處於整理蓄勢,仍低於中長期均線，需耐心等待,2026-10-08 16:44:20
761,5301O,5301.TWO,寶得利,觀光餐旅,6.0,60,低檔觀察型,37.05,36.47,9.63,-68.52,217.65,-9.73,-22.6,1.13,潛在反彈空間較大、RSI位於低檔整理區、成交量尚未明顯枯竭,跌幅過深，需留意基本面是否惡化、仍低於中長期均線，需耐心等待,2026-10-08 16:44:20
762,6841O,6841.TWO,長佳智能,生技醫療業,55.79999923706055,60,低檔觀察型,54.84,32.48,2.45,-21.63,27.6,1.48,-3.11,0.48,股價距離52週高點有修復空間、潛在反彈空間較大、RSI位於低檔整理區,仍低於中長期均線，需耐心等待,2026-10-08 16:44:20
763,8162,8162.TW,微矽電子-創,半導體業,64.9000015258789,60,低檔觀察型,55.77,31.41,7.5,-24.71,32.82,7.5,2.75,0.52,股價距離52週高點有修復空間、潛在反彈空間較大、均線糾結，可能處於整理蓄勢,仍需觀察技術面是否轉強,2026-10-08 16:44:20
764,5525,5525.TW,順天,建材營造業,21.950000762939453,60,防守修復型,47.44,11.82,1.07,-23.65,30.98,-1.3,-1.78,0.32,股價距離52週高點有修復空間、潛在反彈空間較大、RSI位於低檔整理區,仍低於中長期均線，需耐心等待,2026-10-08 16:44:20
765,4764,4764.TW,雙鍵,化學工業,206.5,60,低檔觀察型,49.09,57.68,20.78,-42.61,74.25,-12.52,-22.1,2.78,股價距離52週高點有修復空間、潛在反彈空間較大、RSI位於低檔整理區,仍低於中長期均線，需耐心等待,2026-10-08 16:44:20
766,6206,6206.TW,飛捷,電腦及週邊設備業,134.5,60,防守修復型,43.74,28.02,1.38,-14.87,17.47,-1.53,1.76,0.8,RSI位於低檔整理區、均線糾結，可能處於整理蓄勢、股價已脫離52週低點,仍需觀察技術面是否轉強,2026-10-08 16:44:20
767,3622,3622.TW,洋華,光電業,47.04999923706055,60,低檔觀察型,47.13,36.63,10.69,-35.55,55.15,-7.13,-12.02,1.53,股價距離52週高點有修復空間、潛在反彈空間較大、RSI位於低檔整理區,仍低於中長期均線，需耐心等待,2026-10-08 16:44:20
768,3628O,3628.TWO,盈正,其他電子業,72.4000015258789,60,低檔觀察型,52.47,37.58,5.13,-27.24,37.43,4.45,3.94,0.36,股價距離52週高點有修復空間、潛在反彈空間較大、RSI位於低檔整理區,仍需觀察技術面是否轉強,2026-10-08 16:44:20
769,5604O,5604.TWO,中連,其他業,31.700000762939453,60,防守修復型,62.09,11.14,1.61,-20.65,26.03,2.92,1.65,1.62,股價距離52週高點有修復空間、潛在反彈空間較大、均線糾結，可能處於整理蓄勢,仍需觀察技術面是否轉強,2026-10-08 16:44:20
770,9939,9939.TW,宏全,其他業,127.5,60,防守修復型,50.6,15.3,3.44,-11.76,13.33,-1.84,0.85,1.16,RSI位於低檔整理區、均線糾結，可能處於整理蓄勢、股價已脫離52週低點,仍需觀察技術面是否轉強,2026-10-08 16:44:20
771,2237,2237.TW,華德動能-創,汽車工業,26.649999618530273,60,防守修復型,30.54,11.48,11.86,-36.4,57.22,-11.2,-20.6,1.46,股價距離52週高點有修復空間、潛在反彈空間較大、波動相對可控,仍低於中長期均線，需耐心等待,2026-10-08 16:44:20
772,8917O,8917.TWO,欣泰,油電燃氣業,52.5,60,防守修復型,42.97,20.8,1.67,-24.24,32.0,-0.97,-0.63,0.07,股價距離52週高點有修復空間、潛在反彈空間較大、RSI位於低檔整理區,仍低於中長期均線，需耐心等待,2026-10-08 16:44:20
773,8936O,8936.TWO,國統,其他業,53.099998474121094,60,防守修復型,62.75,13.15,1.43,-23.38,30.51,2.63,0.44,0.94,股價距離52週高點有修復空間、潛在反彈空間較大、均線糾結，可能處於整理蓄勢,仍需觀察技術面是否轉強,2026-10-08 16:44:20
774,1432,1432.TW,大魯閣,運動休閒,15.0,60,防守修復型,48.48,5.29,0.37,-22.48,29.0,-0.3,-4.72,0.53,股價距離52週高點有修復空間、潛在反彈空間較大、RSI位於低檔整理區,仍低於中長期均線，需耐心等待,2026-10-08 16:44:20
775,1109,1109.TW,信大,水泥工業,13.300000190734863,60,防守修復型,41.4,5.42,2.09,-16.09,19.17,-2.04,-6.52,0.43,股價距離52週高點有修復空間、RSI位於低檔整理區、均線糾結，可能處於整理蓄勢,仍低於中長期均線，需耐心等待,2026-10-08 16:44:20
776,8921O,8921.TWO,沈氏,其他業,16.450000762939453,60,防守修復型,40.89,22.96,2.38,-15.21,17.93,-3.82,-6.67,0.0,股價距離52週高點有修復空間、RSI位於低檔整理區、均線糾結，可能處於整理蓄勢,仍低於中長期均線，需耐心等待,2026-10-08 16:44:20
777,3349O,3349.TWO,寶德,電腦及週邊設備業,18.399999618530273,60,低檔觀察型,23.55,33.94,14.63,-42.5,73.91,-16.34,-14.59,0.15,股價距離52週高點有修復空間、潛在反彈空間較大、波動相對可控,RSI過低，短線賣壓仍重、仍低於中長期均線，需耐心等待,2026-10-08 16:44:20
778,6649O,6649.TWO,台生材,生技醫療業,36.150001525878906,60,低檔觀察型,48.88,33.4,1.49,-53.71,116.04,-0.35,-3.78,2.76,潛在反彈空間較大、RSI位於低檔整理區、均線糾結，可能處於整理蓄勢,跌幅過深，需留意基本面是否惡化、仍低於中長期均線，需耐心等待,2026-10-08 16:44:20
779,6855O,6855.TWO,數泓科,其他電子業,115.5,60,防守修復型,51.22,26.82,1.08,-13.16,15.15,-0.3,0.25,1.09,RSI位於低檔整理區、均線糾結，可能處於整理蓄勢、股價已脫離52週低點,仍需觀察技術面是否轉強,2026-10-08 16:44:20
780,1789,1789.TW,神隆,生技醫療業,18.950000762939453,60,低檔觀察型,51.79,37.19,1.97,-32.92,49.08,-0.79,-3.42,0.7,股價距離52週高點有修復空間、潛在反彈空間較大、RSI位於低檔整理區,仍低於中長期均線，需耐心等待,2026-10-08 16:44:20
781,6264O,6264.TWO,富裔,建材營造業,6.070000171661377,60,防守修復型,51.46,26.16,0.45,-21.37,27.18,0.52,-0.04,0.6,股價距離52週高點有修復空間、潛在反彈空間較大、RSI位於低檔整理區,仍低於中長期均線，需耐心等待,2026-10-08 16:44:20
782,1529,1529.TW,樂事綠能,電機機械,15.699999809265137,60,低檔觀察型,45.35,41.88,7.43,-40.91,69.24,-6.75,-15.58,0.28,股價距離52週高點有修復空間、潛在反彈空間較大、RSI位於低檔整理區,仍低於中長期均線，需耐心等待,2026-10-08 16:44:20
783,1583,1583.TW,程泰,電機機械,47.29999923706055,60,防守修復型,52.35,21.8,0.99,-14.07,16.38,1.47,2.42,2.4,RSI位於低檔整理區、均線糾結，可能處於整理蓄勢、股價已脫離52週低點,仍需觀察技術面是否轉強,2026-10-08 16:44:20
784,6542O,6542.TWO,隆中,文化創意業,39.599998474121094,60,防守修復型,30.82,21.09,10.2,-30.53,43.94,-10.81,-13.83,1.46,股價距離52週高點有修復空間、潛在反彈空間較大、波動相對可控,仍低於中長期均線，需耐心等待,2026-10-08 16:44:20
785,6216,6216.TW,居易,通信網路業,21.25,60,低檔觀察型,65.3,32.65,6.39,-27.1,37.18,0.69,-4.24,4.47,股價距離52週高點有修復空間、潛在反彈空間較大、均線糾結，可能處於整理蓄勢,仍低於中長期均線，需耐心等待,2026-10-08 16:44:20
786,1468,1468.TW,昶和,紡織纖維,13.399999618530273,60,防守修復型,54.37,21.61,0.7,-10.37,11.57,0.55,5.4,0.98,RSI位於低檔整理區、均線糾結，可能處於整理蓄勢、股價已脫離52週低點,仍需觀察技術面是否轉強,2026-10-08 16:44:20
787,6281,6281.TW,全國電,電子通路業,50.900001525878906,60,防守修復型,44.21,4.86,0.85,-25.37,33.99,-0.96,-0.71,0.38,股價距離52週高點有修復空間、潛在反彈空間較大、RSI位於低檔整理區,仍低於中長期均線，需耐心等待,2026-10-08 16:44:20
788,6184,6184.TW,大豐電,其他業,40.0,60,防守修復型,41.79,15.46,3.14,-19.44,24.13,-3.27,-8.26,0.42,股價距離52週高點有修復空間、RSI位於低檔整理區、均線糾結，可能處於整理蓄勢,仍低於中長期均線，需耐心等待,2026-10-08 16:44:20
789,3588,3588.TW,通嘉,半導體業,55.599998474121094,60,低檔觀察型,55.17,42.55,2.81,-26.75,36.51,3.52,-4.82,0.83,股價距離52週高點有修復空間、潛在反彈空間較大、均線糾結，可能處於整理蓄勢,仍低於中長期均線，需耐心等待,2026-10-08 16:44:20
790,6114O,6114.TWO,久威,電子零組件業,22.700000762939453,60,防守修復型,30.57,18.48,9.64,-33.24,49.78,-10.75,-18.77,1.65,股價距離52週高點有修復空間、潛在反彈空間較大、波動相對可控,仍低於中長期均線，需耐心等待,2026-10-08 16:44:20
791,3703,3703.TW,欣陸,建材營造業,19.350000381469727,60,防守修復型,39.7,12.13,2.2,-19.71,24.55,-3.21,-5.43,0.6,股價距離52週高點有修復空間、RSI位於低檔整理區、均線糾結，可能處於整理蓄勢,仍低於中長期均線，需耐心等待,2026-10-08 16:44:20
792,6015O,6015.TWO,宏遠證,金融保險業,17.799999237060547,60,低檔觀察型,56.76,34.38,7.06,-22.27,28.65,7.76,6.48,0.61,股價距離52週高點有修復空間、潛在反彈空間較大、均線糾結，可能處於整理蓄勢,仍需觀察技術面是否轉強,2026-10-08 16:44:20
793,6642O,6642.TWO,富致,電子零組件業,79.0999984741211,60,低檔觀察型,48.48,30.2,2.56,-13.93,16.18,0.67,2.11,1.51,RSI位於低檔整理區、均線糾結，可能處於整理蓄勢、股價已脫離52週低點,仍需觀察技術面是否轉強,2026-10-08 16:44:20
794,3284O,3284.TWO,太普高,其他業,21.5,60,低檔觀察型,58.45,42.0,4.65,-30.31,43.49,2.07,3.77,2.79,股價距離52週高點有修復空間、潛在反彈空間較大、均線糾結，可能處於整理蓄勢,仍需觀察技術面是否轉強,2026-10-08 16:44:20
795,2402,2402.TW,毅嘉,電子零組件業,61.900001525878906,60,低檔觀察型,68.72,31.85,2.6,-20.33,25.53,10.4,-0.22,4.12,股價距離52週高點有修復空間、潛在反彈空間較大、均線糾結，可能處於整理蓄勢,仍低於中長期均線，需耐心等待,2026-10-08 16:44:20
796,7751O,7751.TWO,竑騰,半導體業,1600.0,60,低檔觀察型,55.27,53.9,7.24,-41.07,69.69,11.07,1.1,0.93,股價距離52週高點有修復空間、潛在反彈空間較大、均線糾結，可能處於整理蓄勢,仍需觀察技術面是否轉強,2026-10-08 16:44:20
797,7734O,7734.TWO,印能科技,半導體業,2710.0,60,低檔觀察型,47.38,57.51,10.09,-38.06,61.44,-8.48,-13.73,0.44,股價距離52週高點有修復空間、潛在反彈空間較大、RSI位於低檔整理區,仍低於中長期均線，需耐心等待,2026-10-08 16:44:20
798,8464,8464.TW,億豐,居家生活,365.5,60,防守修復型,45.94,19.55,1.0,-14.6,17.1,-1.56,2.41,0.85,RSI位於低檔整理區、均線糾結，可能處於整理蓄勢、股價已脫離52週低點,仍需觀察技術面是否轉強,2026-10-08 16:44:20
799,3036,3036.TW,文曄,電子通路業,215.5,60,防守修復型,66.52,28.23,3.65,-28.52,39.91,6.56,-2.49,0.98,股價距離52週高點有修復空間、潛在反彈空間較大、均線糾結，可能處於整理蓄勢,仍低於中長期均線，需耐心等待,2026-10-08 16:44:20
800,4417O,4417.TWO,金洲,紡織纖維,48.54999923706055,60,防守修復型,48.27,16.64,5.77,-14.52,16.99,4.15,4.17,1.49,RSI位於低檔整理區、均線糾結，可能處於整理蓄勢、股價已脫離52週低點,仍需觀察技術面是否轉強,2026-10-08 16:44:20
801,2433,2433.TW,互盛電,其他電子業,39.5,60,防守修復型,26.61,9.78,3.31,-19.31,23.92,-4.48,-7.83,1.93,股價距離52週高點有修復空間、均線糾結，可能處於整理蓄勢、波動相對可控,RSI過低，短線賣壓仍重、仍低於中長期均線，需耐心等待,2026-10-08 16:44:20
802,8043O,8043.TWO,蜜望實,電子零組件業,145.0,60,低檔觀察型,58.19,43.22,2.17,-35.98,56.21,4.71,2.26,3.48,股價距離52週高點有修復空間、潛在反彈空間較大、均線糾結，可能處於整理蓄勢,仍需觀察技術面是否轉強,2026-10-08 16:44:20
803,1449,1449.TW,佳和,紡織纖維,12.800000190734863,60,防守修復型,61.51,20.13,0.86,-21.95,28.12,2.79,-2.25,4.45,股價距離52週高點有修復空間、潛在反彈空間較大、均線糾結，可能處於整理蓄勢,仍低於中長期均線，需耐心等待,2026-10-08 16:44:20
804,00686R,00686R.TW,群益臺灣加權反1,nan,0.8999999761581421,60,防守修復型,29.53,22.49,7.56,-49.15,96.67,-9.64,-13.2,0.81,潛在反彈空間較大、均線糾結，可能處於整理蓄勢、波動相對可控,跌幅過深，需留意基本面是否惡化、RSI過低，短線賣壓仍重,2026-10-08 16:44:20
805,6720O,6720.TWO,久昌,半導體業,124.5,60,防守修復型,30.59,11.5,5.43,-30.45,43.78,-6.64,-12.71,0.29,股價距離52週高點有修復空間、潛在反彈空間較大、均線糾結，可能處於整理蓄勢,仍低於中長期均線，需耐心等待,2026-10-08 16:44:20
806,6803O,6803.TWO,崑鼎,綠能環保,262.0,60,防守修復型,25.77,5.65,1.34,-15.35,18.13,-2.68,-5.71,1.22,股價距離52週高點有修復空間、均線糾結，可能處於整理蓄勢、波動相對可控,RSI過低，短線賣壓仍重、仍低於中長期均線，需耐心等待,2026-10-08 16:44:20
807,6804O,6804.TWO,明係,運動休閒,18.299999237060547,60,防守修復型,50.15,16.06,0.63,-11.59,13.11,0.55,7.27,1.5,RSI位於低檔整理區、均線糾結，可能處於整理蓄勢、股價已脫離52週低點,仍需觀察技術面是否轉強,2026-10-08 16:44:20
808,3207O,3207.TWO,耀勝,電子零組件業,39.099998474121094,60,低檔觀察型,47.87,35.01,8.29,-53.23,113.81,-6.1,-26.06,0.83,潛在反彈空間較大、RSI位於低檔整理區、成交量尚未明顯枯竭,跌幅過深，需留意基本面是否惡化、仍低於中長期均線，需耐心等待,2026-10-08 16:44:20
809,1626,1626.TW,艾美特-KY,電器電纜,9.789999961853027,60,防守修復型,54.85,17.85,0.63,-23.52,30.75,0.45,-3.41,0.27,股價距離52週高點有修復空間、潛在反彈空間較大、RSI位於低檔整理區,仍低於中長期均線，需耐心等待,2026-10-08 16:44:20
810,2536,2536.TW,宏普,建材營造業,18.399999618530273,60,防守修復型,32.05,16.72,2.89,-31.73,46.47,-5.5,-8.55,0.54,股價距離52週高點有修復空間、潛在反彈空間較大、均線糾結，可能處於整理蓄勢,仍低於中長期均線，需耐心等待,2026-10-08 16:44:20
811,3158O,3158.TWO,嘉實,資訊服務業,85.0999984741211,60,防守修復型,50.66,24.98,1.94,-32.73,48.65,1.53,0.21,0.4,股價距離52週高點有修復空間、潛在反彈空間較大、RSI位於低檔整理區,仍需觀察技術面是否轉強,2026-10-08 16:44:20
812,8081,8081.TW,致新,半導體業,262.5,60,防守修復型,60.47,16.27,1.35,-23.13,30.1,3.26,-1.61,1.01,股價距離52週高點有修復空間、潛在反彈空間較大、均線糾結，可能處於整理蓄勢,仍低於中長期均線，需耐心等待,2026-10-08 16:44:20
813,2547,2547.TW,日勝生,建材營造業,9.680000305175781,60,防守修復型,38.01,15.35,3.5,-16.55,19.83,-4.4,-6.61,0.59,股價距離52週高點有修復空間、RSI位於低檔整理區、均線糾結，可能處於整理蓄勢,仍低於中長期均線，需耐心等待,2026-10-08 16:44:20
814,6757,6757.TW,台灣虎航,航運業,53.20000076293945,60,防守修復型,41.61,13.78,3.47,-30.46,43.8,-3.86,-3.78,0.52,股價距離52週高點有修復空間、潛在反彈空間較大、RSI位於低檔整理區,仍低於中長期均線，需耐心等待,2026-10-08 16:44:20
815,7736,7736.TW,虎山,汽車工業,71.80000305175781,60,防守修復型,64.88,15.34,0.63,-26.66,36.35,2.9,0.26,1.75,股價距離52週高點有修復空間、潛在反彈空間較大、均線糾結，可能處於整理蓄勢,仍需觀察技術面是否轉強,2026-10-08 16:44:20
816,1599O,1599.TWO,宏佳騰,電機機械,22.799999237060547,60,防守修復型,39.91,12.39,1.07,-26.45,35.96,-2.1,-3.49,0.06,股價距離52週高點有修復空間、潛在反彈空間較大、RSI位於低檔整理區,仍低於中長期均線，需耐心等待,2026-10-08 16:44:20
817,8072,8072.TW,陞泰,電子通路業,26.899999618530273,60,防守修復型,48.05,29.04,2.99,-22.59,29.18,0.61,-2.86,0.34,股價距離52週高點有修復空間、潛在反彈空間較大、RSI位於低檔整理區,仍低於中長期均線，需耐心等待,2026-10-08 16:44:20
818,6695,6695.TW,芯鼎,半導體業,51.400001525878906,60,低檔觀察型,52.1,45.42,4.54,-25.4,34.05,2.2,-0.79,0.76,股價距離52週高點有修復空間、潛在反彈空間較大、RSI位於低檔整理區,仍低於中長期均線，需耐心等待,2026-10-08 16:44:20
819,2314,2314.TW,台揚,通信網路業,10.850000381469727,60,低檔觀察型,44.71,53.62,5.45,-57.45,135.02,-6.24,-17.45,0.78,潛在反彈空間較大、RSI位於低檔整理區、均線糾結，可能處於整理蓄勢,跌幅過深，需留意基本面是否惡化、仍低於中長期均線，需耐心等待,2026-10-08 16:44:20
820,4163O,4163.TWO,鐿鈦,生技醫療業,134.0,60,防守修復型,48.09,23.77,1.46,-10.67,11.94,0.31,8.02,0.95,RSI位於低檔整理區、均線糾結，可能處於整理蓄勢、股價已脫離52週低點,仍需觀察技術面是否轉強,2026-10-08 16:44:20
821,2328,2328.TW,廣宇,電子零組件業,48.20000076293945,60,防守修復型,60.91,16.78,3.5,-21.88,28.01,4.99,-1.13,0.87,股價距離52週高點有修復空間、潛在反彈空間較大、均線糾結，可能處於整理蓄勢,仍低於中長期均線，需耐心等待,2026-10-08 16:44:20
822,6123O,6123.TWO,上奇,資訊服務業,42.650001525878906,60,防守修復型,41.55,8.06,0.16,-21.02,26.61,-0.53,-1.51,0.49,股價距離52週高點有修復空間、潛在反彈空間較大、RSI位於低檔整理區,仍低於中長期均線，需耐心等待,2026-10-08 16:44:20
823,1465,1465.TW,偉全,紡織纖維,11.600000381469727,60,防守修復型,41.37,13.87,4.77,-15.02,17.67,-4.59,-5.61,0.35,股價距離52週高點有修復空間、RSI位於低檔整理區、均線糾結，可能處於整理蓄勢,仍低於中長期均線，需耐心等待,2026-10-08 16:44:20
824,5403O,5403.TWO,中菲,資訊服務業,91.5999984741211,60,防守修復型,34.31,5.81,0.49,-25.83,34.83,-1.61,-0.83,1.16,股價距離52週高點有修復空間、潛在反彈空間較大、均線糾結，可能處於整理蓄勢,仍低於中長期均線，需耐心等待,2026-10-08 16:44:20
825,8024O,8024.TWO,佑華,半導體業,12.199999809265137,60,防守修復型,31.6,19.05,9.88,-30.09,43.03,-10.85,-9.71,5.58,股價距離52週高點有修復空間、潛在反彈空間較大、波動相對可控,仍低於中長期均線，需耐心等待,2026-10-08 16:44:20
826,8463,8463.TW,潤泰材,其他業,21.25,60,防守修復型,50.98,13.71,0.43,-24.11,31.76,0.04,-1.4,0.23,股價距離52週高點有修復空間、潛在反彈空間較大、RSI位於低檔整理區,仍低於中長期均線，需耐心等待,2026-10-08 16:44:20
827,4168O,4168.TWO,醣聯,生技醫療業,23.0,60,防守修復型,62.89,19.93,2.46,-21.77,27.83,2.04,-3.15,1.26,股價距離52週高點有修復空間、潛在反彈空間較大、均線糾結，可能處於整理蓄勢,仍低於中長期均線，需耐心等待,2026-10-08 16:44:20
828,4401O,4401.TWO,東隆興,紡織纖維,13.75,60,防守修復型,44.63,18.57,1.9,-21.88,28.0,-2.46,-3.03,0.25,股價距離52週高點有修復空間、潛在反彈空間較大、RSI位於低檔整理區,仍低於中長期均線，需耐心等待,2026-10-08 16:44:20
829,3032,3032.TW,偉訓,電子零組件業,77.19999694824219,60,低檔觀察型,47.57,45.31,2.51,-23.56,30.83,-1.92,-1.78,0.74,股價距離52週高點有修復空間、潛在反彈空間較大、RSI位於低檔整理區,仍低於中長期均線，需耐心等待,2026-10-08 16:44:20
830,6906,6906.TW,現觀科,數位雲端,79.30000305175781,60,低檔觀察型,45.95,39.96,7.84,-27.25,37.45,4.07,0.31,0.63,股價距離52週高點有修復空間、潛在反彈空間較大、RSI位於低檔整理區,仍需觀察技術面是否轉強,2026-10-08 16:44:20
831,2371,2371.TW,大同,電機機械,30.600000381469727,60,低檔觀察型,61.78,32.51,8.19,-28.42,39.71,11.28,7.91,1.24,股價距離52週高點有修復空間、潛在反彈空間較大、股價已脫離52週低點,仍需觀察技術面是否轉強,2026-10-08 16:44:20
832,6158O,6158.TWO,禾昌,電子零組件業,17.850000381469727,60,防守修復型,68.9,14.22,1.3,-26.84,36.69,3.7,0.48,0.54,股價距離52週高點有修復空間、潛在反彈空間較大、均線糾結，可能處於整理蓄勢,仍需觀察技術面是否轉強,2026-10-08 16:44:20
833,3115O,3115.TWO,富榮綱,電子零組件業,8.119999885559082,60,低檔觀察型,42.44,44.74,6.03,-33.17,49.63,-7.48,-9.7,0.46,股價距離52週高點有修復空間、潛在反彈空間較大、RSI位於低檔整理區,仍低於中長期均線，需耐心等待,2026-10-08 16:44:20
834,2719O,2719.TWO,燦星旅,觀光餐旅,19.149999618530273,60,防守修復型,36.47,20.03,7.3,-50.2,100.78,-8.19,-17.9,0.54,潛在反彈空間較大、RSI位於低檔整理區、均線糾結，可能處於整理蓄勢,跌幅過深，需留意基本面是否惡化、仍低於中長期均線，需耐心等待,2026-10-08 16:44:20
835,2641O,2641.TWO,正德,航運業,17.25,60,防守修復型,42.19,17.22,0.97,-22.3,28.7,-1.75,-3.17,0.65,股價距離52週高點有修復空間、潛在反彈空間較大、RSI位於低檔整理區,仍低於中長期均線，需耐心等待,2026-10-08 16:44:20
836,3085O,3085.TWO,新零售,數位雲端,15.586210250854492,60,低檔觀察型,58.43,32.39,1.06,-22.93,29.75,1.82,0.47,0.0,股價距離52週高點有修復空間、潛在反彈空間較大、均線糾結，可能處於整理蓄勢,仍需觀察技術面是否轉強,2026-10-08 16:44:20
837,3073O,3073.TWO,天方能源,綠能環保,20.450000762939453,60,防守修復型,36.33,19.75,6.21,-45.54,83.62,-5.93,-6.53,0.67,潛在反彈空間較大、RSI位於低檔整理區、均線糾結，可能處於整理蓄勢,跌幅過深，需留意基本面是否惡化、仍低於中長期均線，需耐心等待,2026-10-08 16:44:20
838,2491,2491.TW,吉祥全,光電業,39.70000076293945,60,低檔觀察型,47.56,35.79,7.83,-29.61,42.07,6.58,22.4,0.55,股價距離52週高點有修復空間、潛在反彈空間較大、RSI位於低檔整理區,仍需觀察技術面是否轉強,2026-10-08 16:44:20
839,6965,6965.TW,中傑-KY,運動休閒,62.900001525878906,60,低檔觀察型,32.13,30.08,14.71,-34.48,52.62,-14.31,-18.63,1.59,股價距離52週高點有修復空間、潛在反彈空間較大、波動相對可控,仍低於中長期均線，需耐心等待,2026-10-08 16:44:20
840,6752O,6752.TWO,叡揚,資訊服務業,96.69999694824219,60,防守修復型,51.19,20.18,0.19,-25.39,34.03,0.49,-0.88,0.12,股價距離52週高點有修復空間、潛在反彈空間較大、RSI位於低檔整理區,仍低於中長期均線，需耐心等待,2026-10-08 16:44:20
841,4529O,4529.TWO,淳紳,其他業,3.299999952316284,60,防守修復型,37.69,25.77,13.6,-45.72,84.24,-12.69,-23.52,0.2,潛在反彈空間較大、RSI位於低檔整理區、股價已脫離52週低點,跌幅過深，需留意基本面是否惡化、仍低於中長期均線，需耐心等待,2026-10-08 16:44:20
842,1906,1906.TW,寶隆,造紙工業,10.699999809265137,60,防守修復型,40.04,12.21,3.33,-23.02,29.91,-3.53,-3.57,0.52,股價距離52週高點有修復空間、潛在反彈空間較大、RSI位於低檔整理區,仍低於中長期均線，需耐心等待,2026-10-08 16:44:20
843,4530O,4530.TWO,天意能創,觀光餐旅,24.350000381469727,60,低檔觀察型,43.78,54.44,5.45,-25.87,34.9,-5.56,-5.79,0.25,股價距離52週高點有修復空間、潛在反彈空間較大、RSI位於低檔整理區,仍低於中長期均線，需耐心等待,2026-10-08 16:44:20
844,6666,6666.TW,羅麗芬-KY,生技醫療業,44.04999923706055,60,防守修復型,42.68,14.46,2.11,-13.63,15.78,-0.48,2.34,1.35,RSI位於低檔整理區、均線糾結，可能處於整理蓄勢、股價已脫離52週低點,仍需觀察技術面是否轉強,2026-10-08 16:44:20
845,3049,3049.TW,精金,光電業,12.199999809265137,60,低檔觀察型,48.85,32.67,5.05,-32.22,47.54,3.84,-2.6,0.48,股價距離52週高點有修復空間、潛在反彈空間較大、RSI位於低檔整理區,仍低於中長期均線，需耐心等待,2026-10-08 16:44:20
846,3338,3338.TW,泰碩,電子零組件業,70.5,60,防守修復型,65.59,22.08,5.22,-20.52,25.82,8.67,1.36,0.78,股價距離52週高點有修復空間、潛在反彈空間較大、均線糾結，可能處於整理蓄勢,仍需觀察技術面是否轉強,2026-10-08 16:44:20
847,2007,2007.TW,燁興,鋼鐵工業,6.949999809265137,60,防守修復型,51.0,15.35,1.66,-23.03,29.93,-0.77,-3.53,0.53,股價距離52週高點有修復空間、潛在反彈空間較大、RSI位於低檔整理區,仍低於中長期均線，需耐心等待,2026-10-08 16:44:20
848,7811O,7811.TWO,民盛,運動休閒,73.0,60,防守修復型,51.58,10.17,1.07,-46.72,87.67,1.08,-4.44,1.55,潛在反彈空間較大、RSI位於低檔整理區、均線糾結，可能處於整理蓄勢,跌幅過深，需留意基本面是否惡化、仍低於中長期均線，需耐心等待,2026-10-08 16:44:20
849,6863,6863.TW,永道-KY,通信網路業,96.80000305175781,60,低檔觀察型,41.46,36.06,12.63,-32.78,48.76,-10.65,-7.77,0.42,股價距離52週高點有修復空間、潛在反彈空間較大、RSI位於低檔整理區,仍低於中長期均線，需耐心等待,2026-10-08 16:44:20
850,1903,1903.TW,士紙,造紙工業,47.25,60,防守修復型,47.91,14.68,0.92,-24.16,31.85,-1.0,-1.92,0.22,股價距離52週高點有修復空間、潛在反彈空間較大、RSI位於低檔整理區,仍低於中長期均線，需耐心等待,2026-10-08 16:44:20
851,5243,5243.TW,乙盛-KY,光電業,96.80000305175781,60,低檔觀察型,62.43,33.22,3.29,-28.3,39.46,8.66,-2.82,1.64,股價距離52週高點有修復空間、潛在反彈空間較大、均線糾結，可能處於整理蓄勢,仍低於中長期均線，需耐心等待,2026-10-08 16:44:20
852,8099O,8099.TWO,大世科,資訊服務業,58.900001525878906,60,防守修復型,44.49,13.0,1.94,-25.25,33.79,0.12,-2.17,0.49,股價距離52週高點有修復空間、潛在反彈空間較大、RSI位於低檔整理區,仍低於中長期均線，需耐心等待,2026-10-08 16:44:20
853,8093O,8093.TWO,保銳,電子零組件業,26.350000381469727,60,低檔觀察型,59.43,46.49,5.36,-20.55,25.87,11.61,23.36,1.27,股價距離52週高點有修復空間、潛在反彈空間較大、均線糾結，可能處於整理蓄勢,仍需觀察技術面是否轉強,2026-10-08 16:44:20
854,3540O,3540.TWO,曜越,電腦及週邊設備業,24.0,60,低檔觀察型,57.42,34.99,4.74,-32.87,48.96,7.97,-1.07,0.72,股價距離52週高點有修復空間、潛在反彈空間較大、均線糾結，可能處於整理蓄勢,仍低於中長期均線，需耐心等待,2026-10-08 16:44:20
855,9949O,9949.TWO,琉園,文化創意業,24.100000381469727,60,防守修復型,49.45,11.71,0.91,-34.33,52.28,0.65,-3.47,0.34,股價距離52週高點有修復空間、潛在反彈空間較大、RSI位於低檔整理區,仍低於中長期均線，需耐心等待,2026-10-08 16:44:20
856,8085O,8085.TWO,福華,其他電子業,15.100000381469727,60,防守修復型,64.19,22.9,9.17,-22.56,29.14,14.65,17.33,0.96,股價距離52週高點有修復空間、潛在反彈空間較大、股價已脫離52週低點,仍需觀察技術面是否轉強,2026-10-08 16:44:20
857,4164,4164.TW,承業醫,生技醫療業,28.200000762939453,60,防守修復型,66.44,27.23,2.73,-37.54,60.11,6.57,0.74,2.82,股價距離52週高點有修復空間、潛在反彈空間較大、均線糾結，可能處於整理蓄勢,仍需觀察技術面是否轉強,2026-10-08 16:44:20
858,1504,1504.TW,東元,電機機械,73.30000305175781,60,防守修復型,64.03,23.32,0.99,-38.66,63.03,6.13,5.44,4.97,股價距離52週高點有修復空間、潛在反彈空間較大、均線糾結，可能處於整理蓄勢,仍需觀察技術面是否轉強,2026-10-08 16:44:20
859,1477,1477.TW,聚陽,紡織纖維,202.5,60,防守修復型,59.44,20.37,5.39,-40.18,67.16,-1.28,-4.77,1.59,股價距離52週高點有修復空間、潛在反彈空間較大、均線糾結，可能處於整理蓄勢,仍低於中長期均線，需耐心等待,2026-10-08 16:44:20
860,00990A,00990A.TW,主動元大AI新經濟,nan,16.770000457763672,60,防守修復型,67.3,22.06,3.35,-22.83,29.58,6.82,-1.76,1.26,股價距離52週高點有修復空間、潛在反彈空間較大、均線糾結，可能處於整理蓄勢,仍低於中長期均線，需耐心等待,2026-10-08 16:44:20
861,8107O,8107.TWO,大億金茂,電機機械,11.899999618530273,60,防守修復型,42.5,12.93,1.11,-28.1,39.08,-1.2,-2.4,0.48,股價距離52週高點有修復空間、潛在反彈空間較大、RSI位於低檔整理區,仍低於中長期均線，需耐心等待,2026-10-08 16:44:20
862,1321,1321.TW,大洋,塑膠工業,32.45000076293945,60,防守修復型,51.22,7.84,0.4,-10.61,11.86,0.51,3.41,1.59,RSI位於低檔整理區、均線糾結，可能處於整理蓄勢、股價已脫離52週低點,仍需觀察技術面是否轉強,2026-10-08 16:44:20
863,2102,2102.TW,泰豐,橡膠工業,16.549999237060547,60,防守修復型,33.8,24.32,10.19,-21.38,27.19,-9.27,-9.81,0.2,股價距離52週高點有修復空間、潛在反彈空間較大、波動相對可控,仍低於中長期均線，需耐心等待,2026-10-08 16:44:20
864,5902O,5902.TWO,德記,居家生活,34.04999923706055,60,防守修復型,42.65,11.7,0.47,-26.46,35.98,-0.94,-3.4,0.1,股價距離52週高點有修復空間、潛在反彈空間較大、RSI位於低檔整理區,仍低於中長期均線，需耐心等待,2026-10-08 16:44:20
865,1305,1305.TW,華夏,塑膠工業,12.899999618530273,60,低檔觀察型,62.89,31.84,1.88,-30.08,43.02,6.99,1.96,2.24,股價距離52週高點有修復空間、潛在反彈空間較大、均線糾結，可能處於整理蓄勢,仍需觀察技術面是否轉強,2026-10-08 16:44:20
866,8923O,8923.TWO,時報,文化創意業,18.0,60,防守修復型,37.74,22.37,2.41,-17.62,21.39,-3.61,-5.66,0.0,股價距離52週高點有修復空間、RSI位於低檔整理區、均線糾結，可能處於整理蓄勢,仍低於中長期均線，需耐心等待,2026-10-08 16:44:20
867,00988A,00988A.TW,主動統一全球創新,nan,17.600000381469727,60,防守修復型,64.42,21.05,2.62,-25.83,34.83,5.88,-3.81,1.39,股價距離52週高點有修復空間、潛在反彈空間較大、均線糾結，可能處於整理蓄勢,仍低於中長期均線，需耐心等待,2026-10-08 16:44:20
868,00997A,00997A.TW,主動群益美國增長,nan,12.050000190734863,58,防守修復型,67.68,17.14,3.24,-18.25,22.32,6.27,0.31,1.64,股價距離52週高點有修復空間、均線糾結，可能處於整理蓄勢、股價已脫離52週低點,仍需觀察技術面是否轉強,2026-10-08 16:44:20
869,1609,1609.TW,大亞,電器電纜,39.0,58,防守修復型,62.67,13.95,2.94,-17.55,21.28,4.73,5.81,1.88,股價距離52週高點有修復空間、均線糾結，可能處於整理蓄勢、股價已脫離52週低點,仍需觀察技術面是否轉強,2026-10-08 16:44:20
870,9103,9103.TW,美德醫療-DR,nan,5.349999904632568,58,防守修復型,69.11,25.81,2.31,-16.28,19.44,4.34,4.29,5.39,股價距離52週高點有修復空間、均線糾結，可能處於整理蓄勢、股價已脫離52週低點,仍需觀察技術面是否轉強,2026-10-08 16:44:20
871,8931O,8931.TWO,大汽電,油電燃氣業,42.54999923706055,58,防守修復型,53.13,19.89,2.74,-18.17,22.21,2.05,1.43,0.22,股價距離52週高點有修復空間、RSI位於低檔整理區、均線糾結，可能處於整理蓄勢,仍需觀察技術面是否轉強,2026-10-08 16:44:20
872,4104,4104.TW,佳醫,生技醫療業,72.0,58,防守修復型,50.72,12.29,1.14,-15.69,18.61,0.79,1.33,0.61,股價距離52週高點有修復空間、RSI位於低檔整理區、均線糾結，可能處於整理蓄勢,仍需觀察技術面是否轉強,2026-10-08 16:44:20
873,6177,6177.TW,達麗,建材營造業,45.900001525878906,58,防守修復型,43.0,19.03,2.87,-17.45,21.13,-3.3,-1.17,0.46,股價距離52週高點有修復空間、RSI位於低檔整理區、均線糾結，可能處於整理蓄勢,仍低於中長期均線，需耐心等待,2026-10-08 16:44:20
874,6139,6139.TW,亞翔,其他電子業,787.0,58,低檔觀察型,58.33,38.89,3.38,-17.59,21.35,2.52,1.54,1.0,股價距離52週高點有修復空間、均線糾結，可能處於整理蓄勢、股價已脫離52週低點,仍需觀察技術面是否轉強,2026-10-08 16:44:20
875,6171O,6171.TWO,大城地產,建材營造業,24.0,58,低檔觀察型,37.08,42.69,4.69,-17.53,21.25,-2.62,-1.8,1.78,股價距離52週高點有修復空間、RSI位於低檔整理區、均線糾結，可能處於整理蓄勢,仍低於中長期均線，需耐心等待,2026-10-08 16:44:20
876,4534O,4534.TWO,慶騰,電機機械,29.850000381469727,58,低檔觀察型,47.62,52.51,7.63,-29.52,41.88,-6.75,-1.06,0.68,股價距離52週高點有修復空間、潛在反彈空間較大、RSI位於低檔整理區,仍低於中長期均線，需耐心等待,2026-10-08 16:44:20
877,5287O,5287.TWO,數字,數位雲端,137.5,58,防守修復型,53.05,11.18,0.58,-15.32,18.1,0.55,0.01,0.66,股價距離52週高點有修復空間、RSI位於低檔整理區、均線糾結，可能處於整理蓄勢,仍需觀察技術面是否轉強,2026-10-08 16:44:20
878,6202,6202.TW,盛群,半導體業,60.900001525878906,58,低檔觀察型,57.86,35.96,3.38,-17.37,21.02,4.87,2.96,1.0,股價距離52週高點有修復空間、均線糾結，可能處於整理蓄勢、股價已脫離52週低點,仍需觀察技術面是否轉強,2026-10-08 16:44:20
879,2332,2332.TW,友訊,通信網路業,21.100000381469727,58,低檔觀察型,59.07,35.08,5.91,-18.69,22.99,0.29,12.61,1.23,股價距離52週高點有修復空間、均線糾結，可能處於整理蓄勢、股價已脫離52週低點,仍需觀察技術面是否轉強,2026-10-08 16:44:20
880,3332O,3332.TWO,幸康,電子零組件業,64.5999984741211,58,防守修復型,62.76,24.06,1.67,-18.74,23.07,3.04,1.32,1.08,股價距離52週高點有修復空間、均線糾結，可能處於整理蓄勢、股價已脫離52週低點,仍需觀察技術面是否轉強,2026-10-08 16:44:20
881,6265O,6265.TWO,方土昶,電子通路業,49.150001525878906,58,低檔觀察型,44.87,45.92,6.7,-23.08,30.01,-5.21,-3.25,0.48,股價距離52週高點有修復空間、潛在反彈空間較大、RSI位於低檔整理區,仍低於中長期均線，需耐心等待,2026-10-08 16:44:20
882,1307,1307.TW,三芳,塑膠工業,31.5,58,防守修復型,59.06,13.46,0.9,-15.78,18.73,1.28,-1.81,0.96,股價距離52週高點有修復空間、均線糾結，可能處於整理蓄勢、波動相對可控,仍低於中長期均線，需耐心等待,2026-10-08 16:44:20
883,2014,2014.TW,中鴻,鋼鐵工業,16.899999618530273,58,防守修復型,50.04,19.65,1.36,-15.29,18.05,-0.65,-2.75,0.33,股價距離52週高點有修復空間、RSI位於低檔整理區、均線糾結，可能處於整理蓄勢,仍低於中長期均線，需耐心等待,2026-10-08 16:44:20
884,6020O,6020.TWO,大展證,金融保險業,20.649999618530273,58,防守修復型,49.53,10.16,1.38,-19.65,24.46,-1.03,-3.34,0.29,股價距離52週高點有修復空間、RSI位於低檔整理區、均線糾結，可能處於整理蓄勢,仍低於中長期均線，需耐心等待,2026-10-08 16:44:20
885,9921,9921.TW,巨大,運動休閒,91.80000305175781,58,低檔觀察型,47.61,46.21,2.92,-17.67,21.46,-2.06,10.85,0.71,股價距離52週高點有修復空間、RSI位於低檔整理區、均線糾結，可能處於整理蓄勢,仍需觀察技術面是否轉強,2026-10-08 16:44:20
886,6285,6285.TW,啟碁,通信網路業,257.5,58,低檔觀察型,65.52,34.08,2.65,-19.28,23.88,7.52,2.33,2.53,股價距離52週高點有修復空間、均線糾結，可能處於整理蓄勢、股價已脫離52週低點,仍需觀察技術面是否轉強,2026-10-08 16:44:20
887,6651O,6651.TWO,全宇昕,半導體業,142.5,58,低檔觀察型,45.25,47.55,8.49,-15.68,18.6,3.18,5.18,2.36,股價距離52週高點有修復空間、RSI位於低檔整理區、股價已脫離52週低點,仍需觀察技術面是否轉強,2026-10-08 16:44:20
888,6477,6477.TW,安集,光電業,33.849998474121094,58,低檔觀察型,45.08,49.04,5.07,-20.07,25.11,-6.1,-3.57,0.32,股價距離52週高點有修復空間、潛在反彈空間較大、RSI位於低檔整理區,仍低於中長期均線，需耐心等待,2026-10-08 16:44:20
889,6243,6243.TW,迅杰,半導體業,39.29999923706055,58,低檔觀察型,48.2,48.84,11.24,-24.71,32.82,-8.54,0.39,0.52,股價距離52週高點有修復空間、潛在反彈空間較大、RSI位於低檔整理區,仍需觀察技術面是否轉強,2026-10-08 16:44:20
890,8476,8476.TW,台境*,綠能環保,20.899999618530273,58,防守修復型,63.59,24.72,2.85,-15.56,18.42,2.3,6.05,2.73,股價距離52週高點有修復空間、均線糾結，可能處於整理蓄勢、股價已脫離52週低點,仍需觀察技術面是否轉強,2026-10-08 16:44:20
891,2423,2423.TW,固緯,其他電子業,71.5,58,防守修復型,43.64,18.07,2.5,-15.68,18.6,-3.37,-1.86,0.61,股價距離52週高點有修復空間、RSI位於低檔整理區、均線糾結，可能處於整理蓄勢,仍低於中長期均線，需耐心等待,2026-10-08 16:44:20
892,2344,2344.TW,華邦電,半導體業,179.5,58,低檔觀察型,53.87,50.81,3.7,-19.14,23.68,5.65,12.68,0.7,股價距離52週高點有修復空間、RSI位於低檔整理區、均線糾結，可能處於整理蓄勢,仍需觀察技術面是否轉強,2026-10-08 16:44:20
893,1264O,1264.TWO,德麥,食品工業,249.5,58,防守修復型,55.74,8.76,2.87,-16.56,19.84,-1.32,-4.81,0.86,股價距離52週高點有修復空間、均線糾結，可能處於整理蓄勢、波動相對可控,仍低於中長期均線，需耐心等待,2026-10-08 16:44:20
894,4953O,4953.TWO,緯致,資訊服務業,118.0,58,防守修復型,45.73,20.91,3.81,-17.48,21.19,-3.07,-4.73,0.55,股價距離52週高點有修復空間、RSI位於低檔整理區、均線糾結，可能處於整理蓄勢,仍低於中長期均線，需耐心等待,2026-10-08 16:44:20
895,2388,2388.TW,威盛,半導體業,71.5,58,低檔觀察型,46.93,32.95,2.93,-18.75,23.08,-3.03,-3.5,0.5,股價距離52週高點有修復空間、RSI位於低檔整理區、均線糾結，可能處於整理蓄勢,仍低於中長期均線，需耐心等待,2026-10-08 16:44:20
896,6967O,6967.TWO,汎瑋材料,電子零組件業,73.4000015258789,58,低檔觀察型,64.31,34.53,3.59,-15.34,18.12,4.4,2.43,0.8,股價距離52週高點有修復空間、均線糾結，可能處於整理蓄勢、股價已脫離52週低點,仍需觀察技術面是否轉強,2026-10-08 16:44:20
897,6874O,6874.TWO,倍力,資訊服務業,70.30000305175781,58,防守修復型,50.53,13.31,2.34,-17.73,21.56,-1.03,-4.7,0.22,股價距離52週高點有修復空間、RSI位於低檔整理區、均線糾結，可能處於整理蓄勢,仍低於中長期均線，需耐心等待,2026-10-08 16:44:20
898,3689O,3689.TWO,湧德,電子零組件業,118.0,58,防守修復型,66.19,25.01,1.8,-16.9,20.34,7.44,0.1,2.77,股價距離52週高點有修復空間、均線糾結，可能處於整理蓄勢、股價已脫離52週低點,仍需觀察技術面是否轉強,2026-10-08 16:44:20
899,6606,6606.TW,建德工業,電機機械,24.25,58,防守修復型,39.25,27.26,3.8,-10.85,12.16,-5.7,-4.61,1.28,RSI位於低檔整理區、均線糾結，可能處於整理蓄勢、波動相對可控,仍低於中長期均線，需耐心等待,2026-10-08 16:44:20
900,1783,1783.TW,和康生,生技醫療業,38.54999923706055,58,防守修復型,59.0,20.9,5.51,-18.67,22.96,-1.38,-1.57,1.72,股價距離52週高點有修復空間、均線糾結，可能處於整理蓄勢、波動相對可控,仍低於中長期均線，需耐心等待,2026-10-08 16:44:20
901,8112,8112.TW,至上,電子通路業,83.69999694824219,58,防守修復型,41.84,16.48,4.6,-16.72,20.07,-4.01,-4.9,0.56,股價距離52週高點有修復空間、RSI位於低檔整理區、均線糾結，可能處於整理蓄勢,仍低於中長期均線，需耐心等待,2026-10-08 16:44:20
902,1722,1722.TW,台肥,化學工業,41.29999923706055,58,防守修復型,32.51,12.13,7.85,-18.54,22.76,-7.3,-9.82,0.54,股價距離52週高點有修復空間、均線糾結，可能處於整理蓄勢、波動相對可控,仍低於中長期均線，需耐心等待,2026-10-08 16:44:20
903,3592,3592.TW,瑞鼎,半導體業,236.0,58,防守修復型,58.8,25.46,2.34,-17.19,20.76,2.38,-4.39,0.73,股價距離52週高點有修復空間、均線糾結，可能處於整理蓄勢、股價已脫離52週低點,仍低於中長期均線，需耐心等待,2026-10-08 16:44:20
904,5534,5534.TW,長虹,建材營造業,71.5999984741211,58,防守修復型,34.22,17.91,5.38,-17.7,21.51,-6.81,-7.56,0.62,股價距離52週高點有修復空間、均線糾結，可能處於整理蓄勢、波動相對可控,仍低於中長期均線，需耐心等待,2026-10-08 16:44:20
905,2736O,2736.TWO,富野,觀光餐旅,11.149999618530273,57,防守修復型,31.92,7.59,2.99,-33.23,49.78,-3.74,-6.56,1.16,股價距離52週高點有修復空間、潛在反彈空間較大、均線糾結，可能處於整理蓄勢,仍低於中長期均線，需耐心等待,2026-10-08 16:44:20
906,8038O,8038.TWO,長園科,電子零組件業,34.099998474121094,57,低檔觀察型,57.01,48.86,3.52,-41.71,71.55,3.77,-8.76,0.76,股價距離52週高點有修復空間、潛在反彈空間較大、均線糾結，可能處於整理蓄勢,仍低於中長期均線，需耐心等待,2026-10-08 16:44:20
907,6768,6768.TW,志強-KY,運動休閒,64.9000015258789,57,防守修復型,58.26,14.48,4.34,-47.24,89.52,-1.16,-12.93,2.84,潛在反彈空間較大、均線糾結，可能處於整理蓄勢、波動相對可控,跌幅過深，需留意基本面是否惡化、仍低於中長期均線，需耐心等待,2026-10-08 16:44:20
908,3533,3533.TW,嘉澤,電子零組件業,1825.0,57,低檔觀察型,59.33,52.32,5.84,-35.96,56.16,2.96,-12.64,0.75,股價距離52週高點有修復空間、潛在反彈空間較大、均線糾結，可能處於整理蓄勢,仍低於中長期均線，需耐心等待,2026-10-08 16:44:20
909,00738U,00738U.TW,期元大道瓊白銀,nan,47.84000015258789,57,低檔觀察型,37.76,38.55,2.01,-50.55,102.24,-4.74,-11.26,0.7,潛在反彈空間較大、RSI位於低檔整理區、均線糾結，可能處於整理蓄勢,跌幅過深，需留意基本面是否惡化、仍低於中長期均線，需耐心等待,2026-10-08 16:44:20
910,009805,009805.TW,台新美國電力基建,nan,15.170000076293945,57,防守修復型,50.84,19.92,3.69,-12.77,14.63,-2.58,-5.78,0.72,RSI位於低檔整理區、均線糾結，可能處於整理蓄勢、股價已脫離52週低點,仍低於中長期均線，需耐心等待,2026-10-08 16:44:20
911,4935,4935.TW,茂林-KY,光電業,32.95000076293945,57,低檔觀察型,46.74,43.7,3.64,-27.18,37.33,-3.28,-8.52,0.3,股價距離52週高點有修復空間、潛在反彈空間較大、RSI位於低檔整理區,仍低於中長期均線，需耐心等待,2026-10-08 16:44:20
912,5469,5469.TW,瀚宇博,電子零組件業,80.5,57,防守修復型,72.47,26.58,3.8,-27.8,38.51,11.0,1.96,1.91,股價距離52週高點有修復空間、潛在反彈空間較大、均線糾結，可能處於整理蓄勢,RSI偏高，不符合低檔潛伏,2026-10-08 16:44:20
913,4968,4968.TW,立積,半導體業,97.19999694824219,57,防守修復型,57.34,28.07,3.33,-39.25,64.61,2.96,-7.37,0.58,股價距離52週高點有修復空間、潛在反彈空間較大、均線糾結，可能處於整理蓄勢,仍低於中長期均線，需耐心等待,2026-10-08 16:44:20
914,2734O,2734.TWO,易飛網,觀光餐旅,14.300000190734863,57,防守修復型,31.41,8.8,2.69,-31.25,45.45,-3.34,-6.03,1.08,股價距離52週高點有修復空間、潛在反彈空間較大、均線糾結，可能處於整理蓄勢,仍低於中長期均線，需耐心等待,2026-10-08 16:44:20
915,4609O,4609.TWO,唐鋒,居家生活,4.389999866485596,57,低檔觀察型,50.12,73.03,7.65,-36.47,57.4,-5.13,-10.47,0.27,股價距離52週高點有修復空間、潛在反彈空間較大、RSI位於低檔整理區,波動過高，風險較大、仍低於中長期均線，需耐心等待,2026-10-08 16:44:20
916,2438,2438.TW,翔耀,光電業,19.299999237060547,57,低檔觀察型,46.7,47.68,4.76,-31.56,46.11,2.2,-6.98,0.25,股價距離52週高點有修復空間、潛在反彈空間較大、RSI位於低檔整理區,仍低於中長期均線，需耐心等待,2026-10-08 16:44:20
917,5906,5906.TW,台南-KY,貿易百貨業,38.0,57,低檔觀察型,44.07,56.83,6.05,-28.49,39.85,0.5,-5.57,0.64,股價距離52週高點有修復空間、潛在反彈空間較大、RSI位於低檔整理區,仍低於中長期均線，需耐心等待,2026-10-08 16:44:20
918,3663O,3663.TWO,鑫科,其他電子業,62.5,57,低檔觀察型,49.64,42.28,2.4,-31.84,46.72,-1.21,-10.86,0.49,股價距離52週高點有修復空間、潛在反彈空間較大、RSI位於低檔整理區,仍低於中長期均線，需耐心等待,2026-10-08 16:44:20
919,6931,6931.TW,青松健康,生技醫療業,38.099998474121094,57,防守修復型,31.77,12.73,2.85,-44.22,79.27,-3.9,-7.09,1.03,股價距離52週高點有修復空間、潛在反彈空間較大、均線糾結，可能處於整理蓄勢,仍低於中長期均線，需耐心等待,2026-10-08 16:44:20
920,4749O,4749.TWO,新應材,半導體業,791.0,57,低檔觀察型,57.47,35.5,2.49,-32.68,48.55,2.6,-10.24,0.74,股價距離52週高點有修復空間、潛在反彈空間較大、均線糾結，可能處於整理蓄勢,仍低於中長期均線，需耐心等待,2026-10-08 16:44:20
921,3232O,3232.TWO,昱捷,電子通路業,19.850000381469727,57,低檔觀察型,38.53,38.95,2.39,-26.62,36.27,-1.74,-6.15,0.43,股價距離52週高點有修復空間、潛在反彈空間較大、RSI位於低檔整理區,仍低於中長期均線，需耐心等待,2026-10-08 16:44:20
922,3552O,3552.TWO,同致,其他電子業,44.04999923706055,57,低檔觀察型,52.94,54.47,3.8,-42.42,73.67,-0.22,-8.92,0.3,股價距離52週高點有修復空間、潛在反彈空間較大、RSI位於低檔整理區,仍低於中長期均線，需耐心等待,2026-10-08 16:44:20
923,5489O,5489.TWO,彩富,其他電子業,41.95000076293945,57,低檔觀察型,49.04,47.42,1.92,-38.13,61.62,-1.48,-5.19,0.23,股價距離52週高點有修復空間、潛在反彈空間較大、RSI位於低檔整理區,仍低於中長期均線，需耐心等待,2026-10-08 16:44:20
924,8937O,8937.TWO,合騏*,其他業,25.0,57,低檔觀察型,39.77,57.04,6.15,-39.39,65.0,-4.26,-11.31,0.36,股價距離52週高點有修復空間、潛在反彈空間較大、RSI位於低檔整理區,仍低於中長期均線，需耐心等待,2026-10-08 16:44:20
925,3512O,3512.TWO,皇龍,建材營造業,19.0,57,防守修復型,35.8,6.53,1.58,-14.8,17.37,-2.31,-5.5,1.19,RSI位於低檔整理區、均線糾結，可能處於整理蓄勢、波動相對可控,仍低於中長期均線，需耐心等待,2026-10-08 16:44:20
926,2912,2912.TW,統一超,貿易百貨業,213.5,57,防守修復型,44.74,10.23,4.66,-13.91,16.16,-3.89,-5.07,1.19,RSI位於低檔整理區、均線糾結，可能處於整理蓄勢、波動相對可控,仍低於中長期均線，需耐心等待,2026-10-08 16:44:20
927,9919,9919.TW,康那香,其他業,14.649999618530273,57,防守修復型,71.62,18.74,0.22,-25.45,34.13,4.97,4.26,6.01,股價距離52週高點有修復空間、潛在反彈空間較大、均線糾結，可能處於整理蓄勢,RSI偏高，不符合低檔潛伏,2026-10-08 16:44:20
928,6921,6921.TW,嘉雨思-創,半導體業,65.69999694824219,57,低檔觀察型,51.42,51.98,2.75,-36.83,58.3,1.26,-7.99,0.0,股價距離52週高點有修復空間、潛在反彈空間較大、RSI位於低檔整理區,仍低於中長期均線，需耐心等待,2026-10-08 16:44:20
929,6515,6515.TW,穎崴,半導體業,5520.0,57,低檔觀察型,38.54,80.17,9.62,-48.87,95.56,-14.05,-29.8,2.7,潛在反彈空間較大、RSI位於低檔整理區、股價已脫離52週低點,跌幅過深，需留意基本面是否惡化、波動過高，風險較大,2026-10-08 16:44:20
930,1795,1795.TW,美時,生技醫療業,182.5,57,防守修復型,55.04,22.33,3.07,-49.07,96.35,-0.32,-5.13,2.03,潛在反彈空間較大、均線糾結，可能處於整理蓄勢、波動相對可控,跌幅過深，需留意基本面是否惡化、仍低於中長期均線，需耐心等待,2026-10-08 16:44:20
931,6144O,6144.TWO,得利影,文化創意業,13.25,57,低檔觀察型,52.41,46.01,3.26,-45.25,82.64,-0.73,-5.81,1.74,潛在反彈空間較大、RSI位於低檔整理區、均線糾結，可能處於整理蓄勢,跌幅過深，需留意基本面是否惡化、仍低於中長期均線，需耐心等待,2026-10-08 16:44:20
932,6111O,6111.TWO,光聚晶電,文化創意業,35.849998474121094,57,低檔觀察型,44.52,35.83,3.55,-29.98,42.82,-4.13,-13.28,0.48,股價距離52週高點有修復空間、潛在反彈空間較大、RSI位於低檔整理區,仍低於中長期均線，需耐心等待,2026-10-08 16:44:20
933,8489O,8489.TWO,三貝德,其他業,21.899999618530273,57,低檔觀察型,44.94,35.88,1.79,-54.94,121.92,-2.54,-5.7,0.92,潛在反彈空間較大、RSI位於低檔整理區、均線糾結，可能處於整理蓄勢,跌幅過深，需留意基本面是否惡化、仍低於中長期均線，需耐心等待,2026-10-08 16:44:20
934,6115,6115.TW,鎰勝,電子零組件業,43.900001525878906,57,防守修復型,44.28,14.09,1.49,-12.02,13.67,-1.75,-5.13,0.86,RSI位於低檔整理區、均線糾結，可能處於整理蓄勢、波動相對可控,仍低於中長期均線，需耐心等待,2026-10-08 16:44:20
935,3444O,3444.TWO,利機,電子通路業,78.30000305175781,57,低檔觀察型,45.6,43.26,2.93,-33.36,50.06,0.32,-8.74,0.3,股價距離52週高點有修復空間、潛在反彈空間較大、RSI位於低檔整理區,仍低於中長期均線，需耐心等待,2026-10-08 16:44:20
936,8068O,8068.TWO,全達,電子通路業,17.049999237060547,57,低檔觀察型,48.23,45.67,4.25,-41.0,69.5,-2.05,-10.44,0.56,股價距離52週高點有修復空間、潛在反彈空間較大、RSI位於低檔整理區,仍低於中長期均線，需耐心等待,2026-10-08 16:44:20
937,6276O,6276.TWO,安鈦克,電腦及週邊設備業,19.200000762939453,57,低檔觀察型,42.52,42.11,2.37,-57.0,132.55,-3.98,-18.36,0.96,潛在反彈空間較大、RSI位於低檔整理區、均線糾結，可能處於整理蓄勢,跌幅過深，需留意基本面是否惡化、仍低於中長期均線，需耐心等待,2026-10-08 16:44:20
938,5315O,5315.TWO,光聯,光電業,19.100000381469727,57,防守修復型,55.34,19.84,1.72,-25.54,34.29,0.46,-7.49,0.31,股價距離52週高點有修復空間、潛在反彈空間較大、均線糾結，可能處於整理蓄勢,仍低於中長期均線，需耐心等待,2026-10-08 16:44:20
939,6829O,6829.TWO,千附精密,半導體業,215.0,57,低檔觀察型,49.3,60.15,3.79,-22.66,29.3,0.05,-1.11,1.06,股價距離52週高點有修復空間、潛在反彈空間較大、RSI位於低檔整理區,波動過高，風險較大、仍低於中長期均線，需耐心等待,2026-10-08 16:44:20
940,3323O,3323.TWO,加百裕,電腦及週邊設備業,29.799999237060547,57,低檔觀察型,56.95,31.09,4.11,-34.51,52.68,1.23,-8.04,0.65,股價距離52週高點有修復空間、潛在反彈空間較大、均線糾結，可能處於整理蓄勢,仍低於中長期均線，需耐心等待,2026-10-08 16:44:20
941,8105,8105.TW,凌巨,光電業,15.149999618530273,57,低檔觀察型,49.08,48.37,4.08,-39.76,66.01,-3.01,-10.24,0.48,股價距離52週高點有修復空間、潛在反彈空間較大、RSI位於低檔整理區,仍低於中長期均線，需耐心等待,2026-10-08 16:44:20
942,2062,2062.TW,橋椿,居家生活,17.850000381469727,57,防守修復型,33.69,24.81,3.9,-24.52,32.49,-4.48,-6.92,0.74,股價距離52週高點有修復空間、潛在反彈空間較大、均線糾結，可能處於整理蓄勢,仍低於中長期均線，需耐心等待,2026-10-08 16:44:20
943,6237O,6237.TWO,驊訊,半導體業,35.650001525878906,57,低檔觀察型,52.57,43.45,3.89,-36.45,57.36,2.82,-10.78,0.6,股價距離52週高點有修復空間、潛在反彈空間較大、RSI位於低檔整理區,仍低於中長期均線，需耐心等待,2026-10-08 16:44:20
944,5484,5484.TW,慧友,光電業,38.95000076293945,57,低檔觀察型,44.63,44.28,3.61,-32.73,48.65,-3.98,-8.86,0.43,股價距離52週高點有修復空間、潛在反彈空間較大、RSI位於低檔整理區,仍低於中長期均線，需耐心等待,2026-10-08 16:44:20
945,8930O,8930.TWO,青鋼,鋼鐵工業,28.200000762939453,56,防守修復型,30.8,11.02,4.37,-15.7,18.62,-5.61,-3.79,0.89,股價距離52週高點有修復空間、均線糾結，可能處於整理蓄勢、波動相對可控,仍低於中長期均線，需耐心等待,2026-10-08 16:44:20
946,3056,3056.TW,富華新,建材營造業,13.649999618530273,55,防守修復型,41.29,24.99,1.84,-35.31,54.58,-3.1,-3.51,0.63,股價距離52週高點有修復空間、潛在反彈空間較大、RSI位於低檔整理區,仍低於中長期均線，需耐心等待,2026-10-08 16:44:20
947,4747O,4747.TWO,強生*,生技醫療業,23.149999618530273,55,防守修復型,33.44,19.65,8.45,-33.76,50.97,-8.58,-11.14,0.44,股價距離52週高點有修復空間、潛在反彈空間較大、波動相對可控,仍低於中長期均線，需耐心等待,2026-10-08 16:44:20
948,6198O,6198.TWO,瑞築,建材營造業,19.700000762939453,55,防守修復型,52.26,16.45,0.55,-33.89,51.27,0.4,-3.63,0.0,股價距離52週高點有修復空間、潛在反彈空間較大、RSI位於低檔整理區,仍低於中長期均線，需耐心等待,2026-10-08 16:44:20
949,1907,1907.TW,永豐餘,造紙工業,28.299999237060547,55,防守修復型,44.62,17.39,3.58,-9.29,10.25,-2.97,3.4,1.11,RSI位於低檔整理區、均線糾結，可能處於整理蓄勢、股價已脫離52週低點,仍需觀察技術面是否轉強,2026-10-08 16:44:20
950,2376,2376.TW,技嘉,電腦及週邊設備業,365.5,55,低檔觀察型,52.21,31.86,4.66,-8.4,9.17,3.86,7.79,2.32,RSI位於低檔整理區、均線糾結，可能處於整理蓄勢、股價已脫離52週低點,仍需觀察技術面是否轉強,2026-10-08 16:44:20
951,00676R,00676R.TW,富邦臺灣加權反1,nan,5.050000190734863,55,防守修復型,27.45,16.01,7.24,-48.78,95.25,-9.37,-12.73,0.34,潛在反彈空間較大、均線糾結，可能處於整理蓄勢、波動相對可控,跌幅過深，需留意基本面是否惡化、RSI過低，短線賣壓仍重,2026-10-08 16:44:20
952,6725O,6725.TWO,矽科宏晟,其他電子業,217.0,55,低檔觀察型,43.73,32.22,11.11,-46.94,88.48,-10.23,-23.77,0.73,潛在反彈空間較大、RSI位於低檔整理區、波動相對可控,跌幅過深，需留意基本面是否惡化、仍低於中長期均線，需耐心等待,2026-10-08 16:44:20
953,2640O,2640.TWO,大車隊,數位雲端,155.0,55,低檔觀察型,45.86,36.93,2.84,-20.51,25.81,0.87,-2.17,0.6,股價距離52週高點有修復空間、潛在反彈空間較大、RSI位於低檔整理區,仍低於中長期均線，需耐心等待,2026-10-08 16:44:20
954,00664R,00664R.TW,國泰臺灣加權反1,nan,1.4700000286102295,55,防守修復型,26.62,15.24,7.35,-49.48,97.96,-9.82,-13.28,0.63,潛在反彈空間較大、均線糾結，可能處於整理蓄勢、波動相對可控,跌幅過深，需留意基本面是否惡化、RSI過低，短線賣壓仍重,2026-10-08 16:44:20
955,00660,00660.TW,元大歐洲50,nan,45.84000015258789,55,防守修復型,46.84,11.89,1.14,-4.34,4.54,-1.15,1.29,1.28,RSI位於低檔整理區、均線糾結，可能處於整理蓄勢、股價已脫離52週低點,仍需觀察技術面是否轉強,2026-10-08 16:44:20
956,1909,1909.TW,榮成,造紙工業,10.149999618530273,55,防守修復型,44.01,17.78,2.84,-11.35,12.81,-2.52,2.02,0.78,RSI位於低檔整理區、均線糾結，可能處於整理蓄勢、股價已脫離52週低點,仍需觀察技術面是否轉強,2026-10-08 16:44:20
957,3312,3312.TW,弘憶股,電子通路業,51.5,55,低檔觀察型,51.38,50.64,3.06,-29.64,42.14,2.76,0.19,0.38,股價距離52週高點有修復空間、潛在反彈空間較大、RSI位於低檔整理區,仍需觀察技術面是否轉強,2026-10-08 16:44:20
958,8087O,8087.TWO,麗升能源,綠能環保,23.5,55,低檔觀察型,40.35,49.45,12.27,-39.51,65.32,-11.47,-21.81,0.06,股價距離52週高點有修復空間、潛在反彈空間較大、RSI位於低檔整理區,仍低於中長期均線，需耐心等待,2026-10-08 16:44:20
959,1342,1342.TW,八貫,其他業,101.0,55,防守修復型,48.75,14.08,3.26,-14.04,16.34,-2.61,-1.91,0.9,RSI位於低檔整理區、均線糾結，可能處於整理蓄勢、股價已脫離52週低點,仍低於中長期均線，需耐心等待,2026-10-08 16:44:20
960,8255O,8255.TWO,朋程,電機機械,153.0,55,防守修復型,65.1,23.43,3.71,-28.67,40.2,5.54,-1.41,0.74,股價距離52週高點有修復空間、潛在反彈空間較大、均線糾結，可能處於整理蓄勢,仍低於中長期均線，需耐心等待,2026-10-08 16:44:20
961,4106,4106.TW,雃博,生技醫療業,24.25,55,防守修復型,46.54,6.39,1.01,-4.15,4.33,-0.94,1.74,1.04,RSI位於低檔整理區、均線糾結，可能處於整理蓄勢、股價已脫離52週低點,仍需觀察技術面是否轉強,2026-10-08 16:44:20
962,1316,1316.TW,上曜,建材營造業,10.350000381469727,55,防守修復型,43.68,28.71,1.38,-37.08,58.94,-1.44,-2.78,0.41,股價距離52週高點有修復空間、潛在反彈空間較大、RSI位於低檔整理區,仍低於中長期均線，需耐心等待,2026-10-08 16:44:20
963,5258,5258.TW,虹堡,電腦及週邊設備業,42.150001525878906,55,低檔觀察型,41.25,32.62,13.52,-45.12,82.21,-11.22,-14.83,0.77,潛在反彈空間較大、RSI位於低檔整理區、波動相對可控,跌幅過深，需留意基本面是否惡化、仍低於中長期均線，需耐心等待,2026-10-08 16:44:20
964,5306,5306.TW,桂盟,運動休閒,87.9000015258789,55,防守修復型,38.18,20.03,4.2,-11.75,13.31,-4.5,-0.24,1.48,RSI位於低檔整理區、均線糾結，可能處於整理蓄勢、股價已脫離52週低點,仍低於中長期均線，需耐心等待,2026-10-08 16:44:20
965,1216,1216.TW,統一,食品工業,75.5,55,防守修復型,53.92,17.26,2.43,-6.21,6.62,-0.59,0.88,1.66,RSI位於低檔整理區、均線糾結，可能處於整理蓄勢、股價已脫離52週低點,仍需觀察技術面是否轉強,2026-10-08 16:44:20
966,2726O,2726.TWO,雅茗-KY,觀光餐旅,8.0,55,防守修復型,34.94,9.21,5.22,-52.38,110.0,-5.21,-12.4,1.24,潛在反彈空間較大、均線糾結，可能處於整理蓄勢、波動相對可控,跌幅過深，需留意基本面是否惡化、仍低於中長期均線，需耐心等待,2026-10-08 16:44:20
967,1612,1612.TW,宏泰,電器電纜,35.04999923706055,55,防守修復型,53.6,11.63,4.42,-13.78,15.98,4.36,-0.05,1.75,RSI位於低檔整理區、均線糾結，可能處於整理蓄勢、股價已脫離52週低點,仍低於中長期均線，需耐心等待,2026-10-08 16:44:20
968,2206,2206.TW,三陽工業,汽車工業,63.099998474121094,55,防守修復型,49.89,10.16,0.62,-2.62,2.69,0.19,2.46,0.96,RSI位於低檔整理區、均線糾結，可能處於整理蓄勢、股價已脫離52週低點,仍需觀察技術面是否轉強,2026-10-08 16:44:20
969,6176,6176.TW,瑞儀,光電業,91.0999984741211,55,防守修復型,39.65,28.22,11.55,-49.58,98.32,-10.86,-21.21,0.4,潛在反彈空間較大、RSI位於低檔整理區、波動相對可控,跌幅過深，需留意基本面是否惡化、仍低於中長期均線，需耐心等待,2026-10-08 16:44:20
970,6128,6128.TW,上福,電腦及週邊設備業,19.200000762939453,55,防守修復型,45.32,16.64,3.66,-31.91,46.87,-3.34,-4.34,0.25,股價距離52週高點有修復空間、潛在反彈空間較大、RSI位於低檔整理區,仍低於中長期均線，需耐心等待,2026-10-08 16:44:20
971,5880,5880.TW,合庫金,金融保險業,26.549999237060547,55,防守修復型,54.06,17.1,3.62,-3.63,3.77,3.04,8.7,0.83,RSI位於低檔整理區、均線糾結，可能處於整理蓄勢、股價已脫離52週低點,仍需觀察技術面是否轉強,2026-10-08 16:44:20
972,4552,4552.TW,力達-KY,電機機械,15.399999618530273,55,防守修復型,34.86,29.98,9.72,-37.65,60.39,-10.08,-17.78,0.65,股價距離52週高點有修復空間、潛在反彈空間較大、波動相對可控,仍低於中長期均線，需耐心等待,2026-10-08 16:44:20
973,6165,6165.TW,浪凡,數位雲端,47.75,55,防守修復型,43.68,24.98,0.73,-14.88,17.49,-2.32,-2.71,4.51,RSI位於低檔整理區、均線糾結，可能處於整理蓄勢、股價已脫離52週低點,仍低於中長期均線，需耐心等待,2026-10-08 16:44:20
974,4169,4169.TW,泰宗,生技醫療業,151.5,55,低檔觀察型,47.96,40.14,14.67,-45.99,85.15,-11.65,-12.51,0.81,潛在反彈空間較大、RSI位於低檔整理區、股價已脫離52週低點,跌幅過深，需留意基本面是否惡化、仍低於中長期均線，需耐心等待,2026-10-08 16:44:20
975,8091O,8091.TWO,翔名,半導體業,233.5,55,低檔觀察型,61.31,42.53,3.62,-20.85,26.34,3.35,0.23,1.04,股價距離52週高點有修復空間、潛在反彈空間較大、均線糾結，可能處於整理蓄勢,仍需觀察技術面是否轉強,2026-10-08 16:44:20
976,1310,1310.TW,台苯,塑膠工業,9.739999771118164,55,低檔觀察型,66.6,42.39,4.85,-20.49,25.77,11.51,8.55,1.01,股價距離52週高點有修復空間、潛在反彈空間較大、均線糾結，可能處於整理蓄勢,仍需觀察技術面是否轉強,2026-10-08 16:44:20
977,8942O,8942.TWO,森鉅,其他業,40.20000076293945,55,防守修復型,41.7,12.14,1.31,-12.61,14.43,-0.27,-2.14,0.97,RSI位於低檔整理區、均線糾結，可能處於整理蓄勢、股價已脫離52週低點,仍低於中長期均線，需耐心等待,2026-10-08 16:44:20
978,00956,00956.TW,中信日經高股息,nan,13.329999923706055,55,防守修復型,44.97,13.64,2.39,-4.03,4.2,0.58,4.64,0.8,RSI位於低檔整理區、均線糾結，可能處於整理蓄勢、股價已脫離52週低點,仍需觀察技術面是否轉強,2026-10-08 16:44:20
979,3060,3060.TW,銘異,電腦及週邊設備業,29.149999618530273,55,防守修復型,63.49,28.69,2.61,-30.01,42.88,4.45,-1.93,1.01,股價距離52週高點有修復空間、潛在反彈空間較大、均線糾結，可能處於整理蓄勢,仍低於中長期均線，需耐心等待,2026-10-08 16:44:20
980,4432O,4432.TWO,銘旺實,紡織纖維,15.25,55,防守修復型,39.93,13.21,2.45,-12.36,14.1,-3.35,-3.79,2.14,RSI位於低檔整理區、均線糾結，可能處於整理蓄勢、股價已脫離52週低點,仍低於中長期均線，需耐心等待,2026-10-08 16:44:20
981,2362,2362.TW,藍天,電腦及週邊設備業,46.70000076293945,55,防守修復型,46.8,17.02,1.59,-10.02,11.13,0.53,4.93,0.75,RSI位於低檔整理區、均線糾結，可能處於整理蓄勢、股價已脫離52週低點,仍需觀察技術面是否轉強,2026-10-08 16:44:20
982,4767O,4767.TWO,誠泰科技,化學工業,28.25,55,防守修復型,50.92,21.62,1.97,-5.04,5.31,2.01,3.34,1.03,RSI位於低檔整理區、均線糾結，可能處於整理蓄勢、股價已脫離52週低點,仍需觀察技術面是否轉強,2026-10-08 16:44:20
983,2941O,2941.TWO,米斯特,居家生活,31.350000381469727,55,低檔觀察型,51.36,37.46,0.3,-36.54,57.58,0.41,-1.47,0.7,股價距離52週高點有修復空間、潛在反彈空間較大、RSI位於低檔整理區,仍低於中長期均線，需耐心等待,2026-10-08 16:44:20
984,2434,2434.TW,統懋,半導體業,60.5,55,低檔觀察型,47.72,53.19,4.71,-33.37,50.08,-0.82,23.05,0.3,股價距離52週高點有修復空間、潛在反彈空間較大、RSI位於低檔整理區,仍需觀察技術面是否轉強,2026-10-08 16:44:20
985,4549O,4549.TWO,桓達,電機機械,99.0,55,防守修復型,56.91,19.85,2.1,-26.83,36.66,3.69,-0.18,0.69,股價距離52週高點有修復空間、潛在反彈空間較大、均線糾結，可能處於整理蓄勢,仍低於中長期均線，需耐心等待,2026-10-08 16:44:20
986,8011,8011.TW,台通,通信網路業,16.899999618530273,55,低檔觀察型,65.49,31.57,1.54,-32.26,47.63,4.91,-2.49,2.2,股價距離52週高點有修復空間、潛在反彈空間較大、均線糾結，可能處於整理蓄勢,仍低於中長期均線，需耐心等待,2026-10-08 16:44:20
987,2924O,2924.TWO,宏太-KY,居家生活,18.25,55,低檔觀察型,51.65,59.94,6.14,-36.41,57.26,3.67,1.86,0.12,股價距離52週高點有修復空間、潛在反彈空間較大、RSI位於低檔整理區,仍需觀察技術面是否轉強,2026-10-08 16:44:20
988,4503O,4503.TWO,金雨,電機機械,23.799999237060547,55,防守修復型,43.63,20.88,17.52,-54.84,121.43,-13.81,-31.19,1.05,潛在反彈空間較大、RSI位於低檔整理區、波動相對可控,跌幅過深，需留意基本面是否惡化、仍低於中長期均線，需耐心等待,2026-10-08 16:44:20
989,4528O,4528.TWO,江興鍛,電機機械,14.75,55,防守修復型,40.33,7.79,1.68,-31.87,46.78,-2.3,-4.32,0.68,股價距離52週高點有修復空間、潛在反彈空間較大、RSI位於低檔整理區,仍低於中長期均線，需耐心等待,2026-10-08 16:44:20
990,7642O,7642.TWO,昶瑞機電,電機機械,67.5,55,低檔觀察型,38.79,36.61,11.62,-31.82,46.67,-11.2,-8.13,0.72,股價距離52週高點有修復空間、潛在反彈空間較大、RSI位於低檔整理區,仍低於中長期均線，需耐心等待,2026-10-08 16:44:20
991,7765,7765.TW,中華資安,數位雲端,235.0,55,低檔觀察型,53.59,46.84,3.79,-21.27,27.02,3.36,1.22,0.32,股價距離52週高點有修復空間、潛在反彈空間較大、RSI位於低檔整理區,仍需觀察技術面是否轉強,2026-10-08 16:44:20
992,3023,3023.TW,信邦,電子零組件業,323.0,55,低檔觀察型,54.19,31.5,1.46,-5.0,5.26,2.96,3.79,1.08,RSI位於低檔整理區、均線糾結，可能處於整理蓄勢、股價已脫離52週低點,仍需觀察技術面是否轉強,2026-10-08 16:44:20
993,8131,8131.TW,福懋科,半導體業,68.19999694824219,55,低檔觀察型,69.25,38.94,2.37,-20.05,25.07,7.67,3.0,3.48,股價距離52週高點有修復空間、潛在反彈空間較大、均線糾結，可能處於整理蓄勢,仍需觀察技術面是否轉強,2026-10-08 16:44:20
994,8101,8101.TW,華冠,通信網路業,10.199999809265137,55,低檔觀察型,37.08,54.83,11.76,-44.11,78.92,-15.87,-21.02,0.43,股價距離52週高點有修復空間、潛在反彈空間較大、RSI位於低檔整理區,仍低於中長期均線，需耐心等待,2026-10-08 16:44:20
995,2722,2722.TW,夏都,觀光餐旅,21.5,55,防守修復型,51.76,10.03,1.74,-30.19,43.26,-0.84,-3.95,0.66,股價距離52週高點有修復空間、潛在反彈空間較大、RSI位於低檔整理區,仍低於中長期均線，需耐心等待,2026-10-08 16:44:20
996,3213O,3213.TWO,茂訊,電腦及週邊設備業,123.5,55,防守修復型,45.27,23.02,2.58,-13.33,15.38,-2.79,-0.67,1.39,RSI位於低檔整理區、均線糾結，可能處於整理蓄勢、股價已脫離52週低點,仍低於中長期均線，需耐心等待,2026-10-08 16:44:20
997,2535,2535.TW,達欣工,建材營造業,90.0,55,防守修復型,54.38,11.76,0.2,-6.93,7.44,0.96,5.04,1.44,RSI位於低檔整理區、均線糾結，可能處於整理蓄勢、股價已脫離52週低點,仍需觀察技術面是否轉強,2026-10-08 16:44:20
998,2498,2498.TW,宏達電,通信網路業,42.29999923706055,55,防守修復型,56.43,26.38,3.1,-21.08,26.71,3.4,-0.08,0.57,股價距離52週高點有修復空間、潛在反彈空間較大、均線糾結，可能處於整理蓄勢,仍低於中長期均線，需耐心等待,2026-10-08 16:44:20
999,6418O,6418.TWO,詠昇,電子零組件業,34.349998474121094,55,防守修復型,50.11,16.85,4.84,-54.2,118.34,3.98,5.77,0.65,潛在反彈空間較大、RSI位於低檔整理區、均線糾結，可能處於整理蓄勢,跌幅過深，需留意基本面是否惡化,2026-10-08 16:44:20
1000,3306O,3306.TWO,鼎天,通信網路業,47.29999923706055,55,防守修復型,61.42,20.17,4.16,-31.25,45.45,5.39,2.34,0.64,股價距離52週高點有修復空間、潛在反彈空間較大、均線糾結，可能處於整理蓄勢,仍需觀察技術面是否轉強,2026-10-08 16:44:20
1001,00632R,00632R.TW,元大台灣50反1,nan,9.130000114440918,55,防守修復型,27.67,16.51,7.21,-49.11,96.5,-9.4,-12.91,0.59,潛在反彈空間較大、均線糾結，可能處於整理蓄勢、波動相對可控,跌幅過深，需留意基本面是否惡化、RSI過低，短線賣壓仍重,2026-10-08 16:44:20
1002,3357O,3357.TWO,臺慶科,電子零組件業,225.0,55,防守修復型,62.91,29.75,1.92,-35.34,54.67,5.97,-3.2,2.35,股價距離52週高點有修復空間、潛在反彈空間較大、均線糾結，可能處於整理蓄勢,仍低於中長期均線，需耐心等待,2026-10-08 16:44:20
1003,8067O,8067.TWO,志旭,電子通路業,11.050000190734863,55,低檔觀察型,37.32,45.34,8.11,-34.62,52.94,-11.92,-14.03,0.49,股價距離52週高點有修復空間、潛在反彈空間較大、RSI位於低檔整理區,仍低於中長期均線，需耐心等待,2026-10-08 16:44:20
1004,8066O,8066.TWO,來思達,居家生活,14.75,55,防守修復型,47.97,27.6,1.16,-31.24,45.42,-0.2,-4.9,0.33,股價距離52週高點有修復空間、潛在反彈空間較大、RSI位於低檔整理區,仍低於中長期均線，需耐心等待,2026-10-08 16:44:20
1005,3450,3450.TW,聯鈞,半導體業,535.0,55,低檔觀察型,50.67,62.05,3.6,-17.18,20.75,5.18,10.57,1.52,股價距離52週高點有修復空間、RSI位於低檔整理區、均線糾結，可能處於整理蓄勢,波動過高，風險較大,2026-10-08 16:44:20
1006,3356,3356.TW,奇偶,光電業,67.5999984741211,55,防守修復型,43.9,16.22,4.65,-12.16,13.84,-2.81,-2.51,0.97,RSI位於低檔整理區、均線糾結，可能處於整理蓄勢、股價已脫離52週低點,仍低於中長期均線，需耐心等待,2026-10-08 16:44:20
1007,6971O,6971.TWO,惠民實業,綠能環保,23.5,55,防守修復型,32.43,25.72,8.1,-35.26,54.47,-8.0,-11.98,0.41,股價距離52週高點有修復空間、潛在反彈空間較大、波動相對可控,仍低於中長期均線，需耐心等待,2026-10-08 16:44:20
1008,9914,9914.TW,美利達,運動休閒,67.4000015258789,55,低檔觀察型,36.27,40.89,15.45,-37.88,60.98,-13.11,-7.08,0.65,股價距離52週高點有修復空間、潛在反彈空間較大、RSI位於低檔整理區,仍低於中長期均線，需耐心等待,2026-10-08 16:44:20
1009,7713O,7713.TWO,威力德生醫,生技醫療業,73.0999984741211,55,防守修復型,46.46,14.55,2.32,-4.57,4.79,1.3,3.3,4.06,RSI位於低檔整理區、均線糾結，可能處於整理蓄勢、股價已脫離52週低點,仍需觀察技術面是否轉強,2026-10-08 16:44:20
1010,3040,3040.TW,遠見,其他業,33.0,55,防守修復型,33.57,26.81,6.45,-49.0,96.06,-8.87,-13.41,2.39,潛在反彈空間較大、均線糾結，可能處於整理蓄勢、波動相對可控,跌幅過深，需留意基本面是否惡化、仍低於中長期均線，需耐心等待,2026-10-08 16:44:20
1011,7704O,7704.TWO,明遠精密,半導體業,60.599998474121094,55,防守修復型,45.44,17.17,2.1,-13.18,15.18,1.03,-0.9,1.09,RSI位於低檔整理區、均線糾結，可能處於整理蓄勢、股價已脫離52週低點,仍低於中長期均線，需耐心等待,2026-10-08 16:44:20
1012,4113O,4113.TWO,聯上,建材營造業,14.800000190734863,55,防守修復型,37.79,24.79,3.24,-41.73,71.62,-1.58,-2.4,0.53,股價距離52週高點有修復空間、潛在反彈空間較大、RSI位於低檔整理區,仍低於中長期均線，需耐心等待,2026-10-08 16:44:20
1013,5426O,5426.TWO,振發,電腦及週邊設備業,30.200000762939453,55,低檔觀察型,60.4,37.89,3.48,-23.83,31.29,9.13,14.29,3.55,股價距離52週高點有修復空間、潛在反彈空間較大、均線糾結，可能處於整理蓄勢,仍需觀察技術面是否轉強,2026-10-08 16:44:20
1014,1442,1442.TW,名軒,建材營造業,26.799999237060547,55,低檔觀察型,36.16,45.44,8.09,-27.86,38.62,-9.01,-5.6,0.68,股價距離52週高點有修復空間、潛在反彈空間較大、RSI位於低檔整理區,仍低於中長期均線，需耐心等待,2026-10-08 16:44:20
1015,1742O,1742.TWO,台蠟,化學工業,17.700000762939453,55,防守修復型,53.94,12.86,1.11,-4.32,4.52,1.82,7.81,1.62,RSI位於低檔整理區、均線糾結，可能處於整理蓄勢、股價已脫離52週低點,仍需觀察技術面是否轉強,2026-10-08 16:44:20
1016,00916,00916.TW,國泰全球品牌50,nan,26.979999542236328,55,防守修復型,52.84,9.83,0.71,-13.72,15.9,0.82,-0.02,2.02,RSI位於低檔整理區、均線糾結，可能處於整理蓄勢、股價已脫離52週低點,仍低於中長期均線，需耐心等待,2026-10-08 16:44:20
1017,7716O,7716.TWO,昱臺國際,航運業,24.799999237060547,55,防守修復型,69.72,14.7,1.26,-24.85,33.06,2.93,0.39,0.79,股價距離52週高點有修復空間、潛在反彈空間較大、均線糾結，可能處於整理蓄勢,仍需觀察技術面是否轉強,2026-10-08 16:44:20
1018,2852,2852.TW,第一保,金融保險業,27.75,55,防守修復型,48.03,10.27,1.11,-7.65,8.29,0.6,2.2,1.09,RSI位於低檔整理區、均線糾結，可能處於整理蓄勢、股價已脫離52週低點,仍需觀察技術面是否轉強,2026-10-08 16:44:20
1019,2543,2543.TW,皇昌,建材營造業,39.150001525878906,55,防守修復型,55.78,24.98,0.56,-50.06,100.26,1.63,-4.97,1.46,潛在反彈空間較大、均線糾結，可能處於整理蓄勢、股價已脫離52週低點,跌幅過深，需留意基本面是否惡化、仍低於中長期均線，需耐心等待,2026-10-08 16:44:20
1020,1580O,1580.TWO,新麥,電機機械,96.19999694824219,55,防守修復型,31.17,14.79,9.38,-31.04,45.01,-8.97,-16.04,0.65,股價距離52週高點有修復空間、潛在反彈空間較大、波動相對可控,仍低於中長期均線，需耐心等待,2026-10-08 16:44:20
1021,2754O,2754.TWO,亞洲藏壽司,觀光餐旅,67.30000305175781,55,防守修復型,38.97,12.55,1.71,-30.97,44.87,-2.62,-2.49,0.3,股價距離52週高點有修復空間、潛在反彈空間較大、RSI位於低檔整理區,仍低於中長期均線，需耐心等待,2026-10-08 16:44:20
1022,2542,2542.TW,興富發,建材營造業,38.79999923706055,55,低檔觀察型,29.88,51.71,13.87,-20.49,25.77,-13.34,-10.62,0.63,股價距離52週高點有修復空間、潛在反彈空間較大、股價已脫離52週低點,RSI過低，短線賣壓仍重、仍低於中長期均線，需耐心等待,2026-10-08 16:44:20
1023,6541,6541.TW,泰福-KY,生技醫療業,32.70000076293945,55,低檔觀察型,52.17,48.18,12.35,-49.92,99.69,-7.01,-13.17,1.38,潛在反彈空間較大、RSI位於低檔整理區、股價已脫離52週低點,跌幅過深，需留意基本面是否惡化、仍低於中長期均線，需耐心等待,2026-10-08 16:44:20
1024,2603,2603.TW,長榮,航運業,232.5,55,防守修復型,46.09,22.56,6.0,-7.55,8.17,3.43,7.97,1.11,RSI位於低檔整理區、均線糾結，可能處於整理蓄勢、股價已脫離52週低點,仍需觀察技術面是否轉強,2026-10-08 16:44:20
1025,2601,2601.TW,益航,航運業,6.079999923706055,55,低檔觀察型,17.01,40.48,14.33,-36.22,56.8,-20.82,-15.35,0.83,股價距離52週高點有修復空間、潛在反彈空間較大、成交量尚未明顯枯竭,RSI過低，短線賣壓仍重、仍低於中長期均線，需耐心等待,2026-10-08 16:44:20
1026,3550,3550.TW,聯穎,電子零組件業,24.549999237060547,55,低檔觀察型,53.43,50.51,7.57,-34.09,51.73,6.15,1.67,0.49,股價距離52週高點有修復空間、潛在反彈空間較大、RSI位於低檔整理區,仍需觀察技術面是否轉強,2026-10-08 16:44:20
1027,6807,6807.TW,峰源-KY,居家生活,32.75,55,防守修復型,46.09,27.12,5.9,-34.43,52.52,-4.68,-4.62,0.0,股價距離52週高點有修復空間、潛在反彈空間較大、RSI位於低檔整理區,仍低於中長期均線，需耐心等待,2026-10-08 16:44:20
1028,6756,6756.TW,威鋒電子,半導體業,97.9000015258789,55,防守修復型,50.1,20.07,0.68,-12.98,14.91,0.53,1.07,0.79,RSI位於低檔整理區、均線糾結，可能處於整理蓄勢、股價已脫離52週低點,仍需觀察技術面是否轉強,2026-10-08 16:44:20
1029,7689,7689.TW,大鵬科CLMX,通信網路業,157.5,55,低檔觀察型,38.19,31.27,10.11,-50.24,100.95,-10.13,-25.74,0.5,潛在反彈空間較大、RSI位於低檔整理區、波動相對可控,跌幅過深，需留意基本面是否惡化、仍低於中長期均線，需耐心等待,2026-10-08 16:44:20
1030,1568,1568.TW,倉佑,汽車工業,31.350000381469727,55,低檔觀察型,55.62,35.56,7.04,-37.05,58.85,6.46,-2.92,0.93,股價距離52週高點有修復空間、潛在反彈空間較大、均線糾結，可能處於整理蓄勢,仍低於中長期均線，需耐心等待,2026-10-08 16:44:20
1031,2233,2233.TW,宇隆,汽車工業,168.0,55,低檔觀察型,47.47,30.59,12.11,-55.96,127.08,-8.69,-28.97,0.47,潛在反彈空間較大、RSI位於低檔整理區、波動相對可控,跌幅過深，需留意基本面是否惡化、仍低於中長期均線，需耐心等待,2026-10-08 16:44:20
1032,6118O,6118.TWO,建達,電子通路業,16.149999618530273,55,低檔觀察型,58.41,41.59,2.96,-22.91,29.72,3.22,-2.57,0.71,股價距離52週高點有修復空間、潛在反彈空間較大、均線糾結，可能處於整理蓄勢,仍低於中長期均線，需耐心等待,2026-10-08 16:44:20
1033,3617,3617.TW,碩天,其他電子業,245.5,55,防守修復型,53.49,20.55,2.83,-5.58,5.91,3.99,10.87,0.83,RSI位於低檔整理區、均線糾結，可能處於整理蓄勢、股價已脫離52週低點,仍需觀察技術面是否轉強,2026-10-08 16:44:20
1034,5871,5871.TW,中租-KY,其他業,106.0,55,防守修復型,37.69,19.84,5.5,-12.45,14.22,-5.81,-5.76,0.6,RSI位於低檔整理區、均線糾結，可能處於整理蓄勢、股價已脫離52週低點,仍低於中長期均線，需耐心等待,2026-10-08 16:44:20
1035,1438,1438.TW,三地開發,建材營造業,21.75,55,防守修復型,55.74,27.6,2.93,-37.28,59.43,3.94,4.93,0.22,股價距離52週高點有修復空間、潛在反彈空間較大、均線糾結，可能處於整理蓄勢,仍需觀察技術面是否轉強,2026-10-08 16:44:20
1036,3712,3712.TW,永崴投控,電腦及週邊設備業,20.350000381469727,55,防守修復型,44.5,16.49,3.32,-49.06,96.31,1.72,5.82,0.52,潛在反彈空間較大、RSI位於低檔整理區、均線糾結，可能處於整理蓄勢,跌幅過深，需留意基本面是否惡化,2026-10-08 16:44:20
1037,7740,7740.TW,熙特爾-創,綠能環保,108.0,55,低檔觀察型,37.99,52.72,25.0,-44.88,81.44,-18.98,-23.55,1.96,股價距離52週高點有修復空間、潛在反彈空間較大、RSI位於低檔整理區,仍低於中長期均線，需耐心等待,2026-10-08 16:44:20
1038,00961,00961.TW,FT臺灣永續高息,nan,13.1899995803833,55,防守修復型,47.26,8.46,1.64,-3.01,3.11,0.83,5.77,1.26,RSI位於低檔整理區、均線糾結，可能處於整理蓄勢、股價已脫離52週低點,仍需觀察技術面是否轉強,2026-10-08 16:44:20
1039,6615O,6615.TWO,慧智,生技醫療業,33.29999923706055,55,防守修復型,41.1,12.32,1.16,-11.67,13.21,-2.13,-2.25,4.71,RSI位於低檔整理區、均線糾結，可能處於整理蓄勢、股價已脫離52週低點,仍低於中長期均線，需耐心等待,2026-10-08 16:44:20
1040,00965,00965.TW,元大航太防衛科技,nan,25.440000534057617,55,防守修復型,50.3,11.2,1.02,-6.95,7.47,-0.38,0.04,2.2,RSI位於低檔整理區、均線糾結，可能處於整理蓄勢、股價已脫離52週低點,仍需觀察技術面是否轉強,2026-10-08 16:44:20
1041,6664O,6664.TWO,群翊,電子零組件業,378.0,55,防守修復型,60.86,28.84,4.33,-21.25,26.98,7.0,-1.21,0.75,股價距離52週高點有修復空間、潛在反彈空間較大、均線糾結，可能處於整理蓄勢,仍低於中長期均線，需耐心等待,2026-10-08 16:44:20
1042,6548O,6548.TWO,長科*,半導體業,77.9000015258789,55,低檔觀察型,60.79,39.23,2.55,-20.59,25.93,7.94,9.05,3.62,股價距離52週高點有修復空間、潛在反彈空間較大、均線糾結，可能處於整理蓄勢,仍需觀察技術面是否轉強,2026-10-08 16:44:20
1043,6604O,6604.TWO,儒億,電機機械,25.299999237060547,55,低檔觀察型,27.52,52.42,14.38,-35.38,54.74,-18.8,-21.36,0.78,股價距離52週高點有修復空間、潛在反彈空間較大、股價已脫離52週低點,RSI過低，短線賣壓仍重、仍低於中長期均線，需耐心等待,2026-10-08 16:44:20
1044,6597O,6597.TWO,立誠,電子零組件業,64.80000305175781,55,低檔觀察型,35.74,36.2,3.87,-17.24,20.83,-4.54,-5.24,0.13,股價距離52週高點有修復空間、RSI位於低檔整理區、均線糾結，可能處於整理蓄勢,仍低於中長期均線，需耐心等待,2026-10-08 16:44:20
1045,6530O,6530.TWO,創威,通信網路業,98.19999694824219,55,低檔觀察型,53.48,49.18,14.06,-26.44,35.95,14.22,3.41,1.32,股價距離52週高點有修復空間、潛在反彈空間較大、RSI位於低檔整理區,仍需觀察技術面是否轉強,2026-10-08 16:44:20
1046,6464,6464.TW,台數科,其他業,76.5,55,防守修復型,46.01,17.25,1.29,-3.89,4.05,-1.6,0.58,1.14,RSI位於低檔整理區、均線糾結，可能處於整理蓄勢、股價已脫離52週低點,仍需觀察技術面是否轉強,2026-10-08 16:44:20
1047,6904O,6904.TWO,伯鑫,其他業,123.0,55,防守修復型,53.46,16.72,0.88,-7.17,7.72,0.09,1.43,2.96,RSI位於低檔整理區、均線糾結，可能處於整理蓄勢、股價已脫離52週低點,仍需觀察技術面是否轉強,2026-10-08 16:44:20
1048,2908,2908.TW,特力,貿易百貨業,22.049999237060547,55,防守修復型,50.65,13.2,0.6,-0.9,0.91,0.51,2.5,1.3,RSI位於低檔整理區、均線糾結，可能處於整理蓄勢、股價已脫離52週低點,仍需觀察技術面是否轉強,2026-10-08 16:44:20
1049,2915,2915.TW,潤泰全,貿易百貨業,58.5,55,防守修復型,54.18,20.5,4.44,-5.34,5.64,4.55,13.19,0.88,RSI位於低檔整理區、均線糾結，可能處於整理蓄勢、股價已脫離52週低點,仍需觀察技術面是否轉強,2026-10-08 16:44:20
1050,9958,9958.TW,世紀鋼,鋼鐵工業,89.0,55,防守修復型,37.63,22.56,9.47,-47.02,88.76,-10.65,-14.82,0.47,潛在反彈空間較大、RSI位於低檔整理區、波動相對可控,跌幅過深，需留意基本面是否惡化、仍低於中長期均線，需耐心等待,2026-10-08 16:44:20
1051,6016O,6016.TWO,康和證,金融保險業,24.0,55,低檔觀察型,60.66,33.21,9.86,-25.0,33.33,11.61,8.86,0.5,股價距離52週高點有修復空間、潛在反彈空間較大、股價已脫離52週低點,仍需觀察技術面是否轉強,2026-10-08 16:44:20
1052,2072,2072.TW,世紀風電,綠能環保,130.5,55,防守修復型,43.47,25.58,9.4,-58.11,138.7,-8.01,-16.76,0.62,潛在反彈空間較大、RSI位於低檔整理區、波動相對可控,跌幅過深，需留意基本面是否惡化、仍低於中長期均線，需耐心等待,2026-10-08 16:44:20
1053,3522O,3522.TWO,御嵿,觀光餐旅,12.0,55,低檔觀察型,38.95,32.02,3.03,-37.98,61.25,-1.99,-3.44,0.59,股價距離52週高點有修復空間、潛在反彈空間較大、RSI位於低檔整理區,仍低於中長期均線，需耐心等待,2026-10-08 16:44:20
1054,8171O,8171.TWO,天宇,綠能環保,21.049999237060547,55,防守修復型,66.06,13.98,3.11,-32.32,47.74,4.99,-1.48,0.89,股價距離52週高點有修復空間、潛在反彈空間較大、均線糾結，可能處於整理蓄勢,仍低於中長期均線，需耐心等待,2026-10-08 16:44:20
1055,5512O,5512.TWO,力麒,建材營造業,7.510000228881836,55,防守修復型,37.42,18.76,1.44,-14.85,17.44,-3.05,-1.77,0.9,RSI位於低檔整理區、均線糾結，可能處於整理蓄勢、股價已脫離52週低點,仍低於中長期均線，需耐心等待,2026-10-08 16:44:20
1056,8182O,8182.TWO,加高,電子零組件業,43.79999923706055,55,低檔觀察型,59.13,46.2,5.17,-25.76,34.7,8.9,2.84,0.7,股價距離52週高點有修復空間、潛在反彈空間較大、均線糾結，可能處於整理蓄勢,仍需觀察技術面是否轉強,2026-10-08 16:44:20
1057,3546O,3546.TWO,宇峻,文化創意業,72.69999694824219,55,防守修復型,49.82,16.09,0.19,-11.85,13.45,-0.18,-1.18,0.81,RSI位於低檔整理區、均線糾結，可能處於整理蓄勢、股價已脫離52週低點,仍低於中長期均線，需耐心等待,2026-10-08 16:44:20
1058,8436O,8436.TWO,大江,生技醫療業,102.5,55,防守修復型,31.28,14.87,9.18,-35.53,55.12,-10.13,-11.88,0.47,股價距離52週高點有修復空間、潛在反彈空間較大、波動相對可控,仍低於中長期均線，需耐心等待,2026-10-08 16:44:20
1059,8299O,8299.TWO,群聯,半導體業,2060.0,55,低檔觀察型,47.79,43.02,5.83,-28.47,39.81,2.77,-4.5,0.51,股價距離52週高點有修復空間、潛在反彈空間較大、RSI位於低檔整理區,仍低於中長期均線，需耐心等待,2026-10-08 16:44:20
1060,1231,1231.TW,聯華食,食品工業,78.0,55,防守修復型,33.55,10.11,2.04,-26.03,35.2,-3.43,-2.47,1.34,股價距離52週高點有修復空間、潛在反彈空間較大、均線糾結，可能處於整理蓄勢,仍低於中長期均線，需耐心等待,2026-10-08 16:44:20
1061,1232,1232.TW,大統益,食品工業,154.0,55,防守修復型,47.11,8.18,1.06,-8.61,9.42,-0.92,1.82,1.01,RSI位於低檔整理區、均線糾結，可能處於整理蓄勢、股價已脫離52週低點,仍需觀察技術面是否轉強,2026-10-08 16:44:20
1062,1309,1309.TW,台達化,塑膠工業,14.399999618530273,55,低檔觀察型,59.57,33.39,2.36,-45.66,84.03,5.8,-3.87,1.11,潛在反彈空間較大、均線糾結，可能處於整理蓄勢、股價已脫離52週低點,跌幅過深，需留意基本面是否惡化、仍低於中長期均線，需耐心等待,2026-10-08 16:44:20
1063,4991O,4991.TWO,環宇-KY,半導體業,518.0,54,低檔觀察型,56.52,76.6,6.09,-40.46,67.95,12.67,-5.0,1.82,股價距離52週高點有修復空間、潛在反彈空間較大、均線糾結，可能處於整理蓄勢,波動過高，風險較大、仍低於中長期均線，需耐心等待,2026-10-08 16:44:20
1064,1229,1229.TW,聯華,食品工業,39.650001525878906,53,防守修復型,39.98,14.88,2.73,-19.27,23.88,-3.12,-2.86,0.66,股價距離52週高點有修復空間、RSI位於低檔整理區、均線糾結，可能處於整理蓄勢,仍低於中長期均線，需耐心等待,2026-10-08 16:44:20
1065,1234,1234.TW,黑松,食品工業,32.29999923706055,53,防守修復型,27.6,6.24,1.87,-15.22,17.96,-3.23,-4.92,1.08,股價距離52週高點有修復空間、均線糾結，可能處於整理蓄勢、波動相對可控,RSI過低，短線賣壓仍重、仍低於中長期均線，需耐心等待,2026-10-08 16:44:20
1066,8433O,8433.TWO,弘帆,居家生活,52.29999923706055,53,防守修復型,28.9,5.77,2.59,-17.64,21.41,-3.28,-2.82,1.13,股價距離52週高點有修復空間、均線糾結，可能處於整理蓄勢、波動相對可控,RSI過低，短線賣壓仍重、仍低於中長期均線，需耐心等待,2026-10-08 16:44:20
1067,1220,1220.TW,台榮,食品工業,10.899999618530273,53,防守修復型,53.06,13.85,1.55,-18.35,22.48,-0.9,-4.97,0.56,股價距離52週高點有修復空間、RSI位於低檔整理區、均線糾結，可能處於整理蓄勢,仍低於中長期均線，需耐心等待,2026-10-08 16:44:20
1068,1233,1233.TW,天仁,食品工業,28.049999237060547,53,防守修復型,48.85,11.46,1.12,-16.27,19.43,-0.97,-0.97,0.49,股價距離52週高點有修復空間、RSI位於低檔整理區、均線糾結，可能處於整理蓄勢,仍低於中長期均線，需耐心等待,2026-10-08 16:44:20
1069,4175O,4175.TWO,杏一,生技醫療業,50.70000076293945,53,防守修復型,45.79,10.91,0.65,-15.5,18.34,-0.03,-2.68,0.0,股價距離52週高點有修復空間、RSI位於低檔整理區、均線糾結，可能處於整理蓄勢,仍低於中長期均線，需耐心等待,2026-10-08 16:44:20
1070,7703O,7703.TWO,銳澤,其他電子業,206.0,53,防守修復型,63.61,22.63,7.75,-17.6,21.36,10.03,4.3,0.73,股價距離52週高點有修復空間、均線糾結，可能處於整理蓄勢、股價已脫離52週低點,仍需觀察技術面是否轉強,2026-10-08 16:44:20
1071,7732,7732.TW,金興精密,汽車工業,33.54999923706055,53,防守修復型,46.04,19.1,3.34,-19.54,24.29,-3.01,-4.5,0.59,股價距離52週高點有修復空間、RSI位於低檔整理區、均線糾結，可能處於整理蓄勢,仍低於中長期均線，需耐心等待,2026-10-08 16:44:20
1072,2505,2505.TW,國揚,建材營造業,17.0,53,防守修復型,43.04,15.54,2.62,-15.0,17.65,-2.83,-4.59,0.27,股價距離52週高點有修復空間、RSI位於低檔整理區、均線糾結，可能處於整理蓄勢,仍低於中長期均線，需耐心等待,2026-10-08 16:44:20
1073,2528,2528.TW,皇普,建材營造業,18.799999237060547,53,防守修復型,34.32,22.69,2.26,-32.44,48.01,-5.12,-3.67,0.7,股價距離52週高點有修復空間、潛在反彈空間較大、均線糾結，可能處於整理蓄勢,仍低於中長期均線，需耐心等待,2026-10-08 16:44:20
1074,2646,2646.TW,星宇航空,航運業,20.100000381469727,53,防守修復型,41.26,11.61,3.3,-18.95,23.38,-3.41,-3.11,0.68,股價距離52週高點有修復空間、RSI位於低檔整理區、均線糾結，可能處於整理蓄勢,仍低於中長期均線，需耐心等待,2026-10-08 16:44:20
1075,8487,8487.TW,愛爾達-創,數位雲端,70.0,53,防守修復型,41.95,12.68,2.61,-15.76,18.71,-3.15,-4.44,0.68,股價距離52週高點有修復空間、RSI位於低檔整理區、均線糾結，可能處於整理蓄勢,仍低於中長期均線，需耐心等待,2026-10-08 16:44:20
1076,00648R,00648R.TW,元大S&P500反1,nan,3.869999885559082,53,防守修復型,39.48,9.25,1.17,-17.83,21.71,-2.06,-3.38,0.45,股價距離52週高點有修復空間、RSI位於低檔整理區、均線糾結，可能處於整理蓄勢,仍低於中長期均線，需耐心等待,2026-10-08 16:44:20
1077,6419O,6419.TWO,京晨科,光電業,165.0,53,低檔觀察型,59.37,51.78,5.15,-15.17,17.88,10.73,11.77,1.55,股價距離52週高點有修復空間、均線糾結，可能處於整理蓄勢、股價已脫離52週低點,仍需觀察技術面是否轉強,2026-10-08 16:44:20
1078,3005,3005.TW,神基,電腦及週邊設備業,118.0,53,防守修復型,55.57,15.72,1.8,-18.06,22.03,2.32,8.35,0.6,股價距離52週高點有修復空間、均線糾結，可能處於整理蓄勢、股價已脫離52週低點,仍需觀察技術面是否轉強,2026-10-08 16:44:20
1079,1712,1712.TW,興農,化學工業,39.849998474121094,53,防守修復型,49.7,9.72,0.79,-15.48,18.32,0.47,-0.41,0.6,股價距離52週高點有修復空間、RSI位於低檔整理區、均線糾結，可能處於整理蓄勢,仍低於中長期均線，需耐心等待,2026-10-08 16:44:20
1080,1725,1725.TW,元禎,化學工業,34.099998474121094,53,防守修復型,61.26,17.97,7.14,-17.13,20.67,8.3,6.37,0.63,股價距離52週高點有修復空間、均線糾結，可能處於整理蓄勢、股價已脫離52週低點,仍需觀察技術面是否轉強,2026-10-08 16:44:20
1081,2017,2017.TW,官田鋼,鋼鐵工業,8.890000343322754,53,防守修復型,47.53,15.68,0.92,-18.06,22.05,-0.53,-1.17,0.63,股價距離52週高點有修復空間、RSI位於低檔整理區、均線糾結，可能處於整理蓄勢,仍低於中長期均線，需耐心等待,2026-10-08 16:44:20
1082,2028,2028.TW,威致,鋼鐵工業,16.899999618530273,53,防守修復型,65.13,25.15,4.67,-17.36,21.01,6.96,3.21,0.55,股價距離52週高點有修復空間、均線糾結，可能處於整理蓄勢、股價已脫離52週低點,仍需觀察技術面是否轉強,2026-10-08 16:44:20
1083,2453,2453.TW,凌群,資訊服務業,53.29999923706055,53,防守修復型,49.86,26.87,1.9,-16.59,19.89,1.33,-2.19,0.31,股價距離52週高點有修復空間、RSI位於低檔整理區、均線糾結，可能處於整理蓄勢,仍低於中長期均線，需耐心等待,2026-10-08 16:44:20
1084,5548O,5548.TWO,安倉,建材營造業,20.100000381469727,53,防守修復型,41.82,7.96,2.04,-15.33,18.1,-2.22,-4.8,0.62,股價距離52週高點有修復空間、RSI位於低檔整理區、均線糾結，可能處於整理蓄勢,仍低於中長期均線，需耐心等待,2026-10-08 16:44:20
1085,00703,00703.TW,台新MSCI中國,nan,18.6299991607666,53,防守修復型,39.84,13.99,3.3,-18.33,22.44,-4.14,-4.42,0.18,股價距離52週高點有修復空間、RSI位於低檔整理區、均線糾結，可能處於整理蓄勢,仍低於中長期均線，需耐心等待,2026-10-08 16:44:20
1086,1732,1732.TW,毛寶,化學工業,26.75,53,防守修復型,63.46,10.85,1.05,-19.91,24.86,1.5,1.56,6.56,股價距離52週高點有修復空間、均線糾結，可能處於整理蓄勢、波動相對可控,仍需觀察技術面是否轉強,2026-10-08 16:44:20
1087,6625,6625.TW,必應,其他業,73.80000305175781,53,防守修復型,41.33,13.82,2.47,-18.36,22.49,-2.51,-2.36,0.38,股價距離52週高點有修復空間、RSI位於低檔整理區、均線糾結，可能處於整理蓄勢,仍低於中長期均線，需耐心等待,2026-10-08 16:44:20
1088,2605,2605.TW,新興,航運業,36.599998474121094,53,低檔觀察型,54.79,35.54,5.61,-15.57,18.44,6.96,10.8,0.61,股價距離52週高點有修復空間、RSI位於低檔整理區、均線糾結，可能處於整理蓄勢,仍需觀察技術面是否轉強,2026-10-08 16:44:20
1089,3308,3308.TW,聯德,電子零組件業,22.350000381469727,53,防守修復型,56.31,21.76,5.37,-15.18,17.9,6.58,6.29,0.5,股價距離52週高點有修復空間、均線糾結，可能處於整理蓄勢、股價已脫離52週低點,仍需觀察技術面是否轉強,2026-10-08 16:44:20
1090,2752O,2752.TWO,豆府,觀光餐旅,178.5,53,防守修復型,52.27,12.03,0.35,-19.96,24.93,0.55,-0.07,0.12,股價距離52週高點有修復空間、RSI位於低檔整理區、均線糾結，可能處於整理蓄勢,仍低於中長期均線，需耐心等待,2026-10-08 16:44:20
1091,6799,6799.TW,來頡,半導體業,91.5,53,低檔觀察型,67.41,30.07,7.53,-17.94,21.86,10.03,2.17,0.5,股價距離52週高點有修復空間、均線糾結，可能處於整理蓄勢、股價已脫離52週低點,仍需觀察技術面是否轉強,2026-10-08 16:44:20
1092,2323,2323.TW,中環,光電業,12.222220420837402,53,防守修復型,57.92,18.81,2.54,-16.03,19.09,3.42,2.44,0.0,股價距離52週高點有修復空間、均線糾結，可能處於整理蓄勢、股價已脫離52週低點,仍需觀察技術面是否轉強,2026-10-08 16:44:20
1093,2729O,2729.TWO,瓦城,觀光餐旅,154.5,53,防守修復型,44.46,17.6,1.42,-16.49,19.74,-1.96,-3.45,0.36,股價距離52週高點有修復空間、RSI位於低檔整理區、均線糾結，可能處於整理蓄勢,仍低於中長期均線，需耐心等待,2026-10-08 16:44:20
1094,5009O,5009.TWO,榮剛,鋼鐵工業,32.70000076293945,53,防守修復型,49.93,16.39,1.85,-18.56,22.78,-1.01,-3.66,0.65,股價距離52週高點有修復空間、RSI位於低檔整理區、均線糾結，可能處於整理蓄勢,仍低於中長期均線，需耐心等待,2026-10-08 16:44:20
1095,7777O,7777.TWO,能率亞洲,其他業,37.29999923706055,53,低檔觀察型,48.73,37.85,4.07,-15.99,19.03,-2.92,1.15,0.63,股價距離52週高點有修復空間、RSI位於低檔整理區、均線糾結，可能處於整理蓄勢,仍需觀察技術面是否轉強,2026-10-08 16:44:20
1096,6901,6901.TW,鑽石投資,其他業,17.149999618530273,53,低檔觀察型,58.27,47.57,4.43,-18.53,22.74,3.63,7.43,1.24,股價距離52週高點有修復空間、均線糾結，可能處於整理蓄勢、股價已脫離52週低點,仍需觀察技術面是否轉強,2026-10-08 16:44:20
1097,4550O,4550.TWO,長佳,電機機械,24.049999237060547,53,防守修復型,48.08,23.78,1.09,-15.17,17.88,-1.19,-2.11,0.53,股價距離52週高點有修復空間、RSI位於低檔整理區、均線糾結，可能處於整理蓄勢,仍低於中長期均線，需耐心等待,2026-10-08 16:44:20
1098,2916O,2916.TWO,滿心,居家生活,40.5,53,防守修復型,52.31,8.7,0.65,-19.0,23.46,0.68,-3.7,0.42,股價距離52週高點有修復空間、RSI位於低檔整理區、均線糾結，可能處於整理蓄勢,仍低於中長期均線，需耐心等待,2026-10-08 16:44:20
1099,6026O,6026.TWO,福邦證,金融保險業,15.850000381469727,53,防守修復型,59.56,17.62,6.77,-17.88,21.77,6.72,2.07,0.41,股價距離52週高點有修復空間、均線糾結，可能處於整理蓄勢、股價已脫離52週低點,仍需觀察技術面是否轉強,2026-10-08 16:44:20
1100,5474O,5474.TWO,聰泰,電腦及週邊設備業,161.0,53,低檔觀察型,53.77,35.67,5.93,-18.69,22.98,5.44,1.09,0.55,股價距離52週高點有修復空間、RSI位於低檔整理區、均線糾結，可能處於整理蓄勢,仍需觀察技術面是否轉強,2026-10-08 16:44:20
1101,5227O,5227.TWO,立凱-KY,電子零組件業,28.850000381469727,53,低檔觀察型,39.92,53.02,8.44,-30.65,44.19,-11.47,-3.65,0.6,股價距離52週高點有修復空間、潛在反彈空間較大、RSI位於低檔整理區,仍低於中長期均線，需耐心等待,2026-10-08 16:44:20
1102,3611O,3611.TWO,鼎翰,電腦及週邊設備業,183.0,53,防守修復型,47.25,7.45,1.52,-15.08,17.76,-1.24,-3.09,0.62,股價距離52週高點有修復空間、RSI位於低檔整理區、均線糾結，可能處於整理蓄勢,仍低於中長期均線，需耐心等待,2026-10-08 16:44:20
1103,4721O,4721.TWO,美琪瑪,化學工業,82.30000305175781,53,防守修復型,68.76,26.05,7.06,-18.51,22.72,11.38,-0.02,1.65,股價距離52週高點有修復空間、均線糾結，可能處於整理蓄勢、股價已脫離52週低點,仍低於中長期均線，需耐心等待,2026-10-08 16:44:20
1104,3030,3030.TW,德律,其他電子業,313.5,52,低檔觀察型,71.78,30.5,3.56,-25.27,33.81,9.89,-2.08,2.13,股價距離52週高點有修復空間、潛在反彈空間較大、均線糾結，可能處於整理蓄勢,RSI偏高，不符合低檔潛伏、仍低於中長期均線，需耐心等待,2026-10-08 16:44:20
1105,2524,2524.TW,京城,建材營造業,33.650001525878906,52,低檔觀察型,43.07,46.43,2.1,-24.8,32.99,-4.16,-5.42,0.33,股價距離52週高點有修復空間、潛在反彈空間較大、RSI位於低檔整理區,仍低於中長期均線，需耐心等待,2026-10-08 16:44:20
1106,1707,1707.TW,葡萄王,生技醫療業,84.9000015258789,52,防守修復型,33.58,14.07,4.2,-34.69,53.12,-4.89,-11.94,0.51,股價距離52週高點有修復空間、潛在反彈空間較大、均線糾結，可能處於整理蓄勢,仍低於中長期均線，需耐心等待,2026-10-08 16:44:20
1107,7823,7823.TW,奧義賽博-KY創,數位雲端,78.69999694824219,52,防守修復型,38.94,21.98,2.84,-46.82,88.06,-4.22,-7.54,0.49,潛在反彈空間較大、RSI位於低檔整理區、均線糾結，可能處於整理蓄勢,跌幅過深，需留意基本面是否惡化、仍低於中長期均線，需耐心等待,2026-10-08 16:44:20
1108,6821O,6821.TWO,聯寶,電子零組件業,45.54999923706055,52,低檔觀察型,62.76,43.69,2.84,-36.74,58.07,8.05,-10.99,1.21,股價距離52週高點有修復空間、潛在反彈空間較大、均線糾結，可能處於整理蓄勢,仍低於中長期均線，需耐心等待,2026-10-08 16:44:20
1109,2923,2923.TW,鼎固-KY,建材營造業,23.700000762939453,52,低檔觀察型,43.31,69.52,13.71,-42.2,73.0,-15.13,-9.96,0.26,股價距離52週高點有修復空間、潛在反彈空間較大、RSI位於低檔整理區,波動過高，風險較大、仍低於中長期均線，需耐心等待,2026-10-08 16:44:20
1110,6844O,6844.TWO,諾貝兒,生技醫療業,56.900001525878906,52,防守修復型,32.02,11.89,4.94,-33.45,50.26,-4.94,-8.36,0.54,股價距離52週高點有修復空間、潛在反彈空間較大、均線糾結，可能處於整理蓄勢,仍低於中長期均線，需耐心等待,2026-10-08 16:44:20
1111,1235,1235.TW,興泰,食品工業,30.950000762939453,52,低檔觀察型,37.32,65.32,4.92,-41.13,69.86,-11.48,-15.23,0.12,股價距離52週高點有修復空間、潛在反彈空間較大、RSI位於低檔整理區,波動過高，風險較大、仍低於中長期均線，需耐心等待,2026-10-08 16:44:20
1112,8074O,8074.TWO,鉅橡,電子零組件業,58.0,52,低檔觀察型,64.57,46.23,3.33,-37.43,59.83,7.41,-9.64,3.22,股價距離52週高點有修復空間、潛在反彈空間較大、均線糾結，可能處於整理蓄勢,仍低於中長期均線，需耐心等待,2026-10-08 16:44:20
1113,5234,5234.TW,達興材料,光電業,336.5,52,低檔觀察型,64.86,52.51,3.88,-27.16,37.3,7.5,-6.73,3.91,股價距離52週高點有修復空間、潛在反彈空間較大、均線糾結，可能處於整理蓄勢,仍低於中長期均線，需耐心等待,2026-10-08 16:44:20
1114,4133,4133.TW,亞諾法,生技醫療業,21.700000762939453,52,防守修復型,70.43,24.9,1.71,-25.17,33.64,4.1,3.29,7.89,股價距離52週高點有修復空間、潛在反彈空間較大、均線糾結，可能處於整理蓄勢,RSI偏高，不符合低檔潛伏,2026-10-08 16:44:20
1115,3090,3090.TW,日電貿,電子零組件業,174.0,52,低檔觀察型,56.15,37.37,1.03,-48.82,95.4,4.3,-7.65,3.38,潛在反彈空間較大、均線糾結，可能處於整理蓄勢、股價已脫離52週低點,跌幅過深，需留意基本面是否惡化、仍低於中長期均線，需耐心等待,2026-10-08 16:44:20
1116,7786,7786.TW,東方風能,綠能環保,116.5,52,防守修復型,44.36,27.91,3.86,-53.4,114.59,-4.6,-6.51,0.46,潛在反彈空間較大、RSI位於低檔整理區、均線糾結，可能處於整理蓄勢,跌幅過深，需留意基本面是否惡化、仍低於中長期均線，需耐心等待,2026-10-08 16:44:20
1117,6741O,6741.TWO,91APP*-KY,數位雲端,54.20000076293945,52,防守修復型,31.79,15.8,3.38,-31.57,46.13,-4.58,-9.39,0.61,股價距離52週高點有修復空間、潛在反彈空間較大、均線糾結，可能處於整理蓄勢,仍低於中長期均線，需耐心等待,2026-10-08 16:44:20
1118,1785O,1785.TWO,光洋科,其他電子業,107.0,52,低檔觀察型,60.38,39.06,4.29,-42.16,72.9,3.3,-15.26,2.87,股價距離52週高點有修復空間、潛在反彈空間較大、均線糾結，可能處於整理蓄勢,仍低於中長期均線，需耐心等待,2026-10-08 16:44:20
1119,2702,2702.TW,華園,觀光餐旅,12.050000190734863,52,防守修復型,30.68,15.31,1.6,-32.3,47.72,-4.54,-8.43,0.63,股價距離52週高點有修復空間、潛在反彈空間較大、均線糾結，可能處於整理蓄勢,仍低於中長期均線，需耐心等待,2026-10-08 16:44:20
1120,7839O,7839.TWO,達人網,數位雲端,44.25,52,防守修復型,55.15,25.83,2.56,-35.4,54.8,-0.5,-12.03,0.55,股價距離52週高點有修復空間、潛在反彈空間較大、均線糾結，可能處於整理蓄勢,仍低於中長期均線，需耐心等待,2026-10-08 16:44:20
1121,5272O,5272.TWO,笙科,半導體業,17.700000762939453,52,防守修復型,56.55,23.23,2.19,-34.57,52.82,0.65,-11.84,0.65,股價距離52週高點有修復空間、潛在反彈空間較大、均線糾結，可能處於整理蓄勢,仍低於中長期均線，需耐心等待,2026-10-08 16:44:20
1122,6415,6415.TW,矽力*-KY,半導體業,456.5,52,低檔觀察型,60.03,41.85,3.37,-32.17,47.43,4.45,-5.06,0.95,股價距離52週高點有修復空間、潛在反彈空間較大、均線糾結，可能處於整理蓄勢,仍低於中長期均線，需耐心等待,2026-10-08 16:44:20
1123,3432,3432.TW,台端,電子零組件業,14.699999809265137,52,低檔觀察型,47.91,42.65,4.92,-34.96,53.74,-4.33,-14.21,0.46,股價距離52週高點有修復空間、潛在反彈空間較大、RSI位於低檔整理區,仍低於中長期均線，需耐心等待,2026-10-08 16:44:20
1124,6175O,6175.TWO,立敦,電子零組件業,77.0,52,低檔觀察型,60.69,36.67,6.38,-33.91,51.3,0.79,-7.21,2.95,股價距離52週高點有修復空間、潛在反彈空間較大、均線糾結，可能處於整理蓄勢,仍低於中長期均線，需耐心等待,2026-10-08 16:44:20
1125,7822,7822.TW,倍利科,半導體業,950.0,52,低檔觀察型,55.61,45.11,7.01,-47.95,92.11,6.84,-8.14,1.48,潛在反彈空間較大、均線糾結，可能處於整理蓄勢、股價已脫離52週低點,跌幅過深，需留意基本面是否惡化、仍低於中長期均線，需耐心等待,2026-10-08 16:44:20
1126,6862,6862.TW,三集瑞-KY,電子零組件業,148.5,52,低檔觀察型,62.45,49.38,2.32,-34.87,53.54,5.54,-9.36,3.8,股價距離52週高點有修復空間、潛在反彈空間較大、均線糾結，可能處於整理蓄勢,仍低於中長期均線，需耐心等待,2026-10-08 16:44:20
1127,2485,2485.TW,兆赫,通信網路業,43.70000076293945,52,低檔觀察型,58.51,49.04,2.16,-46.38,86.5,6.17,-16.92,2.4,潛在反彈空間較大、均線糾結，可能處於整理蓄勢、股價已脫離52週低點,跌幅過深，需留意基本面是否惡化、仍低於中長期均線，需耐心等待,2026-10-08 16:44:20
1128,1784O,1784.TWO,訊聯,生技醫療業,60.0,52,防守修復型,48.91,24.2,1.58,-48.05,92.5,-0.43,-8.12,0.52,潛在反彈空間較大、RSI位於低檔整理區、均線糾結，可能處於整理蓄勢,跌幅過深，需留意基本面是否惡化、仍低於中長期均線，需耐心等待,2026-10-08 16:44:20
1129,4729O,4729.TWO,熒茂,光電業,19.600000381469727,52,低檔觀察型,55.27,39.99,2.55,-27.94,38.78,2.45,-5.18,0.42,股價距離52週高點有修復空間、潛在反彈空間較大、均線糾結，可能處於整理蓄勢,仍低於中長期均線，需耐心等待,2026-10-08 16:44:20
1130,2367,2367.TW,燿華,電子零組件業,47.20000076293945,52,低檔觀察型,63.04,47.47,3.83,-39.64,65.68,10.14,-9.14,2.26,股價距離52週高點有修復空間、潛在反彈空間較大、均線糾結，可能處於整理蓄勢,仍低於中長期均線，需耐心等待,2026-10-08 16:44:20
1131,1213,1213.TW,大飲,食品工業,7.309999942779541,52,低檔觀察型,49.79,49.62,1.97,-38.31,62.11,-1.18,-7.62,0.35,股價距離52週高點有修復空間、潛在反彈空間較大、RSI位於低檔整理區,仍低於中長期均線，需耐心等待,2026-10-08 16:44:20
1132,3447,3447.TW,展達,通信網路業,27.5,52,低檔觀察型,46.59,30.18,2.29,-55.65,125.45,-2.44,-17.09,0.42,潛在反彈空間較大、RSI位於低檔整理區、均線糾結，可能處於整理蓄勢,跌幅過深，需留意基本面是否惡化、仍低於中長期均線，需耐心等待,2026-10-08 16:44:20
1133,1587,1587.TW,吉茂,汽車工業,23.799999237060547,52,防守修復型,49.02,19.9,2.2,-58.1,138.66,-1.71,-11.64,0.5,潛在反彈空間較大、RSI位於低檔整理區、均線糾結，可能處於整理蓄勢,跌幅過深，需留意基本面是否惡化、仍低於中長期均線，需耐心等待,2026-10-08 16:44:20
1134,4989,4989.TW,榮科,電子零組件業,73.69999694824219,52,低檔觀察型,69.13,57.76,2.97,-36.74,58.07,14.55,-7.83,4.0,股價距離52週高點有修復空間、潛在反彈空間較大、均線糾結，可能處於整理蓄勢,仍低於中長期均線，需耐心等待,2026-10-08 16:44:20
1135,4771,4771.TW,望隼,生技醫療業,203.0,50,低檔觀察型,42.76,33.14,4.19,-7.31,7.88,0.05,2.19,0.75,RSI位於低檔整理區、均線糾結，可能處於整理蓄勢、股價已脫離52週低點,仍需觀察技術面是否轉強,2026-10-08 16:44:20
1136,4807,4807.TW,日成-KY,貿易百貨業,31.600000381469727,50,低檔觀察型,57.63,53.15,8.09,-29.78,42.41,-2.52,1.67,0.78,股價距離52週高點有修復空間、潛在反彈空間較大、股價已脫離52週低點,仍需觀察技術面是否轉強,2026-10-08 16:44:20
1137,8147O,8147.TWO,正淩,電子零組件業,142.0,50,低檔觀察型,55.5,57.32,9.4,-25.46,34.15,9.6,-2.13,1.08,股價距離52週高點有修復空間、潛在反彈空間較大、股價已脫離52週低點,仍低於中長期均線，需耐心等待,2026-10-08 16:44:20
1138,4737,4737.TW,華廣,生技醫療業,55.0,50,低檔觀察型,40.03,42.53,2.08,-23.29,30.36,-3.49,-4.37,0.55,股價距離52週高點有修復空間、潛在反彈空間較大、RSI位於低檔整理區,仍低於中長期均線，需耐心等待,2026-10-08 16:44:20
1139,4581,4581.TW,光隆精密-KY,汽車工業,48.099998474121094,50,防守修復型,49.72,11.19,2.34,-11.25,12.68,-1.82,-2.85,2.23,RSI位於低檔整理區、均線糾結，可能處於整理蓄勢、波動相對可控,仍低於中長期均線，需耐心等待,2026-10-08 16:44:20
1140,8941O,8941.TWO,關中,居家生活,43.900001525878906,50,防守修復型,47.1,14.31,0.57,-6.3,6.72,-0.01,0.07,0.81,RSI位於低檔整理區、均線糾結，可能處於整理蓄勢、波動相對可控,仍需觀察技術面是否轉強,2026-10-08 16:44:20
1141,8291O,8291.TWO,尚茂,電子零組件業,27.700000762939453,50,低檔觀察型,37.67,59.24,17.86,-79.17,380.14,-17.74,-34.02,0.91,潛在反彈空間較大、RSI位於低檔整理區、股價已脫離52週低點,跌幅過深，需留意基本面是否惡化、仍低於中長期均線，需耐心等待,2026-10-08 16:44:20
1142,5514O,5514.TWO,三豐,建材營造業,15.100000381469727,50,防守修復型,58.27,11.92,4.17,-13.71,15.89,4.79,3.94,0.82,均線糾結，可能處於整理蓄勢、股價已脫離52週低點、波動相對可控,仍需觀察技術面是否轉強,2026-10-08 16:44:20
1143,1527,1527.TW,鑽全,電機機械,32.5,50,防守修復型,45.47,7.05,1.03,-12.52,14.31,-1.21,-1.38,0.88,RSI位於低檔整理區、均線糾結，可能處於整理蓄勢、波動相對可控,仍低於中長期均線，需耐心等待,2026-10-08 16:44:20
1144,2027,2027.TW,大成鋼,鋼鐵工業,47.75,50,防守修復型,51.57,24.24,1.72,-6.37,6.81,2.35,9.67,0.74,RSI位於低檔整理區、均線糾結，可能處於整理蓄勢、股價已脫離52週低點,仍需觀察技術面是否轉強,2026-10-08 16:44:20
1145,1417,1417.TW,嘉裕,紡織纖維,8.15999984741211,50,防守修復型,51.69,8.75,2.29,-11.78,13.36,-1.42,-3.22,0.96,RSI位於低檔整理區、均線糾結，可能處於整理蓄勢、波動相對可控,仍低於中長期均線，需耐心等待,2026-10-08 16:44:20
1146,5225,5225.TW,東科-KY,其他電子業,53.20000076293945,50,防守修復型,30.44,21.32,14.64,-53.13,113.35,-14.71,-21.83,1.35,潛在反彈空間較大、波動相對可控、成交量尚未明顯枯竭,跌幅過深，需留意基本面是否惡化、仍低於中長期均線，需耐心等待,2026-10-08 16:44:20
1147,8423O,8423.TWO,保綠-KY,綠能環保,17.950000762939453,50,防守修復型,49.74,16.47,0.66,-8.18,8.91,0.44,0.54,1.2,RSI位於低檔整理區、均線糾結，可能處於整理蓄勢、波動相對可控,仍需觀察技術面是否轉強,2026-10-08 16:44:20
1148,8435O,8435.TWO,鉅邁,其他業,52.70000076293945,50,防守修復型,40.94,7.62,0.14,-12.31,14.04,-0.78,-2.58,2.6,RSI位於低檔整理區、均線糾結，可能處於整理蓄勢、波動相對可控,仍低於中長期均線，需耐心等待,2026-10-08 16:44:20
1149,4527O,4527.TWO,方土霖,電機機械,45.0,50,防守修復型,40.55,5.29,1.17,-11.86,13.46,0.32,-1.59,1.68,RSI位於低檔整理區、均線糾結，可能處於整理蓄勢、波動相對可控,仍低於中長期均線，需耐心等待,2026-10-08 16:44:20
1150,6869,6869.TW,雲豹能源,綠能環保,70.80000305175781,50,低檔觀察型,58.11,31.56,3.92,-43.13,75.85,5.15,-4.1,0.5,股價距離52週高點有修復空間、潛在反彈空間較大、均線糾結，可能處於整理蓄勢,仍低於中長期均線，需耐心等待,2026-10-08 16:44:20
1151,6727O,6727.TWO,亞泰金屬,電子零組件業,526.0,50,低檔觀察型,58.63,53.82,9.97,-20.3,25.48,17.47,14.34,0.91,股價距離52週高點有修復空間、潛在反彈空間較大、股價已脫離52週低點,股價已明顯高於季線，低估性下降,2026-10-08 16:44:20
1152,6712O,6712.TWO,長聖,生技醫療業,161.5,50,防守修復型,57.95,15.1,4.03,-11.75,13.31,4.57,9.69,2.02,均線糾結，可能處於整理蓄勢、股價已脫離52週低點、波動相對可控,仍需觀察技術面是否轉強,2026-10-08 16:44:20
1153,00678,00678.TW,群益那斯達克生技,nan,42.880001068115234,50,防守修復型,49.27,21.25,1.88,-5.17,5.46,1.33,8.32,0.75,RSI位於低檔整理區、均線糾結，可能處於整理蓄勢、股價已脫離52週低點,仍需觀察技術面是否轉強,2026-10-08 16:44:20
1154,6788O,6788.TWO,華景電,半導體業,377.0,50,低檔觀察型,64.08,39.26,2.69,-27.92,38.73,7.86,-3.82,2.49,股價距離52週高點有修復空間、潛在反彈空間較大、均線糾結，可能處於整理蓄勢,仍低於中長期均線，需耐心等待,2026-10-08 16:44:20
1155,2511,2511.TW,太子,建材營造業,8.25,50,防守修復型,40.51,7.62,0.8,-9.14,10.06,-1.62,0.68,0.74,RSI位於低檔整理區、均線糾結，可能處於整理蓄勢、股價已脫離52週低點,仍需觀察技術面是否轉強,2026-10-08 16:44:20
1156,3169O,3169.TWO,亞信,半導體業,109.0,50,低檔觀察型,52.15,31.32,8.6,-11.38,12.84,5.24,1.99,0.74,RSI位於低檔整理區、股價已脫離52週低點、波動相對可控,仍需觀察技術面是否轉強,2026-10-08 16:44:20
1157,3027,3027.TW,盛達,通信網路業,19.75,50,低檔觀察型,66.13,40.89,2.47,-30.82,44.56,7.28,3.32,1.73,股價距離52週高點有修復空間、潛在反彈空間較大、均線糾結，可能處於整理蓄勢,仍需觀察技術面是否轉強,2026-10-08 16:44:20
1158,6983O,6983.TWO,華洋精機,其他電子業,382.0,50,低檔觀察型,67.17,40.55,7.31,-27.24,37.43,15.63,5.32,6.55,股價距離52週高點有修復空間、潛在反彈空間較大、均線糾結，可能處於整理蓄勢,股價已明顯高於季線，低估性下降,2026-10-08 16:44:20
1159,7819O,7819.TWO,精誠金融,資訊服務業,33.04999923706055,50,防守修復型,31.8,10.22,3.77,-74.96,299.39,-5.67,-25.72,0.36,潛在反彈空間較大、均線糾結，可能處於整理蓄勢、波動相對可控,跌幅過深，需留意基本面是否惡化、仍低於中長期均線，需耐心等待,2026-10-08 16:44:20
1160,7728O,7728.TWO,光焱科技,其他電子業,637.0,50,低檔觀察型,54.34,52.25,1.98,-28.28,39.42,4.21,-3.81,0.36,股價距離52週高點有修復空間、潛在反彈空間較大、RSI位於低檔整理區,仍低於中長期均線，需耐心等待,2026-10-08 16:44:20
1161,8028,8028.TW,昇陽半導體,半導體業,285.0,50,低檔觀察型,63.03,50.12,7.11,-20.06,25.09,7.9,3.75,1.05,股價距離52週高點有修復空間、潛在反彈空間較大、均線糾結，可能處於整理蓄勢,仍需觀察技術面是否轉強,2026-10-08 16:44:20
1162,8261,8261.TW,富鼎,半導體業,191.0,50,低檔觀察型,55.2,59.84,7.59,-45.74,84.29,-0.37,0.49,1.54,潛在反彈空間較大、均線糾結，可能處於整理蓄勢、股價已脫離52週低點,跌幅過深，需留意基本面是否惡化,2026-10-08 16:44:20
1163,8404,8404.TW,百和興業-KY,其他業,13.5,50,低檔觀察型,36.43,30.32,16.16,-51.79,107.41,-13.05,-16.66,0.34,潛在反彈空間較大、RSI位於低檔整理區、波動相對可控,跌幅過深，需留意基本面是否惡化、仍低於中長期均線，需耐心等待,2026-10-08 16:44:20
1164,3149,3149.TW,正達,光電業,77.0999984741211,50,低檔觀察型,66.78,53.71,6.29,-26.22,35.54,14.02,10.98,0.93,股價距離52週高點有修復空間、潛在反彈空間較大、均線糾結，可能處於整理蓄勢,仍需觀察技術面是否轉強,2026-10-08 16:44:20
1165,6968O,6968.TWO,萬達寵物,居家生活,41.099998474121094,50,防守修復型,31.22,2.86,1.9,-30.13,43.12,-2.59,-3.01,0.89,股價距離52週高點有修復空間、潛在反彈空間較大、均線糾結，可能處於整理蓄勢,仍低於中長期均線，需耐心等待,2026-10-08 16:44:20
1166,9911,9911.TW,櫻花,居家生活,81.30000305175781,50,防守修復型,41.4,4.21,0.98,-11.92,13.53,-1.11,-1.65,1.28,RSI位於低檔整理區、均線糾結，可能處於整理蓄勢、波動相對可控,仍低於中長期均線，需耐心等待,2026-10-08 16:44:20
1167,8466,8466.TW,美吉吉-KY,其他業,15.350000381469727,50,低檔觀察型,51.93,46.08,6.66,-37.85,60.91,-3.32,-3.81,0.31,股價距離52週高點有修復空間、潛在反彈空間較大、RSI位於低檔整理區,仍低於中長期均線，需耐心等待,2026-10-08 16:44:20
1168,8482,8482.TW,商億-KY,居家生活,48.0,50,低檔觀察型,48.81,30.96,1.06,-13.51,15.62,-1.27,-1.63,0.9,RSI位於低檔整理區、均線糾結，可能處於整理蓄勢、波動相對可控,仍低於中長期均線，需耐心等待,2026-10-08 16:44:20
1169,2015,2015.TW,豐興,鋼鐵工業,64.5,50,防守修復型,51.88,14.6,0.32,-8.51,9.3,0.28,2.1,1.09,RSI位於低檔整理區、均線糾結，可能處於整理蓄勢、波動相對可控,仍需觀察技術面是否轉強,2026-10-08 16:44:20
1170,3499O,3499.TWO,環天科,通信網路業,13.449999809265137,50,低檔觀察型,50.45,38.8,2.41,-37.0,58.74,1.43,-4.99,0.66,股價距離52週高點有修復空間、潛在反彈空間較大、RSI位於低檔整理區,仍低於中長期均線，需耐心等待,2026-10-08 16:44:20
1171,4126O,4126.TWO,太醫,生技醫療業,77.5,50,防守修復型,45.68,4.48,0.56,-13.41,15.48,0.19,-1.45,1.35,RSI位於低檔整理區、均線糾結，可能處於整理蓄勢、波動相對可控,仍低於中長期均線，需耐心等待,2026-10-08 16:44:20
1172,2397,2397.TW,友通,電腦及週邊設備業,63.400001525878906,50,防守修復型,57.27,19.7,3.08,-10.45,11.67,3.58,4.36,0.91,均線糾結，可能處於整理蓄勢、股價已脫離52週低點、波動相對可控,仍需觀察技術面是否轉強,2026-10-08 16:44:20
1173,1717,1717.TW,長興,化學工業,75.5999984741211,50,防守修復型,59.75,22.57,4.12,-11.48,12.96,7.74,2.82,1.18,均線糾結，可能處於整理蓄勢、股價已脫離52週低點、波動相對可控,仍需觀察技術面是否轉強,2026-10-08 16:44:20
1174,3465O,3465.TWO,進泰電子,其他電子業,29.799999237060547,50,防守修復型,55.21,10.36,1.09,-42.58,74.16,0.14,-3.34,0.35,股價距離52週高點有修復空間、潛在反彈空間較大、均線糾結，可能處於整理蓄勢,仍低於中長期均線，需耐心等待,2026-10-08 16:44:20
1175,3339O,3339.TWO,泰谷,光電業,45.400001525878906,50,低檔觀察型,52.99,50.14,11.92,-36.41,57.27,11.83,0.87,0.43,股價距離52週高點有修復空間、潛在反彈空間較大、RSI位於低檔整理區,仍需觀察技術面是否轉強,2026-10-08 16:44:20
1176,6291O,6291.TWO,沛亨,半導體業,469.5,50,低檔觀察型,49.93,59.56,14.73,-30.85,44.62,12.07,0.12,0.39,股價距離52週高點有修復空間、潛在反彈空間較大、RSI位於低檔整理區,仍需觀察技術面是否轉強,2026-10-08 16:44:20
1177,2886,2886.TW,兆豐金,金融保險業,49.79999923706055,50,防守修復型,51.63,21.92,2.24,-6.21,6.63,1.3,9.04,0.71,RSI位於低檔整理區、均線糾結，可能處於整理蓄勢、股價已脫離52週低點,仍需觀察技術面是否轉強,2026-10-08 16:44:20
1178,00643K,00643K.TW,群益深証中小+R,nan,3.740000009536743,50,防守修復型,32.6,15.66,3.37,-16.7,20.05,-4.49,-8.02,0.0,股價距離52週高點有修復空間、均線糾結，可能處於整理蓄勢、波動相對可控,仍低於中長期均線，需耐心等待,2026-10-08 16:44:20
1179,4166O,4166.TWO,友霖,生技醫療業,23.899999618530273,50,防守修復型,43.19,24.86,2.27,-14.95,17.57,-3.26,-4.58,1.62,RSI位於低檔整理區、均線糾結，可能處於整理蓄勢、波動相對可控,仍低於中長期均線，需耐心等待,2026-10-08 16:44:20
1180,4406O,4406.TWO,新昕纖,紡織纖維,10.050000190734863,50,防守修復型,46.67,14.76,1.42,-6.07,6.47,0.12,0.53,8.36,RSI位於低檔整理區、均線糾結，可能處於整理蓄勢、波動相對可控,仍需觀察技術面是否轉強,2026-10-08 16:44:20
1181,2478,2478.TW,大毅,電子零組件業,134.5,50,低檔觀察型,63.33,38.51,2.59,-44.42,79.93,7.24,1.09,4.78,股價距離52週高點有修復空間、潛在反彈空間較大、均線糾結，可能處於整理蓄勢,仍需觀察技術面是否轉強,2026-10-08 16:44:20
1182,3625O,3625.TWO,西勝,電腦及週邊設備業,19.86045265197754,50,低檔觀察型,25.47,33.79,29.5,-70.72,241.58,-27.72,-32.46,2.02,潛在反彈空間較大、波動相對可控、成交量尚未明顯枯竭,跌幅過深，需留意基本面是否惡化、RSI過低，短線賣壓仍重,2026-10-08 16:44:20
1183,6884O,6884.TWO,海柏特,資訊服務業,30.899999618530273,50,低檔觀察型,49.05,35.17,0.72,-54.56,120.06,-0.46,-4.73,1.92,潛在反彈空間較大、RSI位於低檔整理區、均線糾結，可能處於整理蓄勢,跌幅過深，需留意基本面是否惡化、仍低於中長期均線，需耐心等待,2026-10-08 16:44:20
1184,3373O,3373.TWO,熱映,其他電子業,17.100000381469727,50,防守修復型,74.67,26.67,2.2,-17.19,20.76,4.4,3.06,12.44,股價距離52週高點有修復空間、均線糾結，可能處於整理蓄勢、股價已脫離52週低點,RSI偏高，不符合低檔潛伏,2026-10-08 16:44:20
1185,6194O,6194.TWO,育富,電子零組件業,31.850000381469727,50,防守修復型,72.53,23.04,1.47,-19.67,24.49,6.23,1.55,1.4,股價距離52週高點有修復空間、均線糾結，可能處於整理蓄勢、股價已脫離52週低點,RSI偏高，不符合低檔潛伏,2026-10-08 16:44:20
1186,7770O,7770.TWO,君曜,半導體業,40.0,50,低檔觀察型,51.74,55.2,5.31,-51.87,107.75,2.33,-4.47,0.74,潛在反彈空間較大、RSI位於低檔整理區、均線糾結，可能處於整理蓄勢,跌幅過深，需留意基本面是否惡化、仍低於中長期均線，需耐心等待,2026-10-08 16:44:20
1187,2002,2002.TW,中鋼,鋼鐵工業,18.950000762939453,50,防守修復型,51.21,12.2,0.63,-10.82,12.14,-0.17,0.11,0.77,RSI位於低檔整理區、均線糾結，可能處於整理蓄勢、波動相對可控,仍需觀察技術面是否轉強,2026-10-08 16:44:20
1188,6838,6838.TW,台新藥,生技醫療業,25.100000381469727,50,低檔觀察型,56.73,42.22,6.12,-21.56,27.49,5.29,1.21,0.64,股價距離52週高點有修復空間、潛在反彈空間較大、均線糾結，可能處於整理蓄勢,仍需觀察技術面是否轉強,2026-10-08 16:44:20
1189,6873,6873.TW,泓德能源,綠能環保,65.0999984741211,50,防守修復型,34.78,23.05,8.9,-53.0,112.75,-10.98,-18.68,1.07,潛在反彈空間較大、波動相對可控、成交量尚未明顯枯竭,跌幅過深，需留意基本面是否惡化、仍低於中長期均線，需耐心等待,2026-10-08 16:44:20
1190,00865B,00865B.TW,國泰US短期公債,nan,48.900001525878906,50,防守修復型,51.85,4.15,0.47,-1.39,1.41,-0.2,0.76,1.23,RSI位於低檔整理區、均線糾結，可能處於整理蓄勢、波動相對可控,仍需觀察技術面是否轉強,2026-10-08 16:44:20
1191,4702O,4702.TWO,中美實,居家生活,9.34000015258789,50,防守修復型,45.28,7.3,1.91,-11.05,12.42,-1.6,-3.7,1.03,RSI位於低檔整理區、均線糾結，可能處於整理蓄勢、波動相對可控,仍低於中長期均線，需耐心等待,2026-10-08 16:44:20
1192,1513,1513.TW,中興電,電機機械,168.0,50,防守修復型,55.74,12.84,1.89,-10.16,11.31,2.68,2.39,1.69,均線糾結，可能處於整理蓄勢、股價已脫離52週低點、波動相對可控,仍需觀察技術面是否轉強,2026-10-08 16:44:20
1193,2949O,2949.TWO,欣新網,數位雲端,62.5,50,低檔觀察型,44.68,49.38,2.69,-25.42,34.08,-1.06,-1.28,0.0,股價距離52週高點有修復空間、潛在反彈空間較大、RSI位於低檔整理區,仍低於中長期均線，需耐心等待,2026-10-08 16:44:20
1194,4754O,4754.TWO,國碳科,化學工業,37.95000076293945,50,防守修復型,52.06,11.66,0.7,-6.3,6.72,0.98,0.89,1.05,RSI位於低檔整理區、均線糾結，可能處於整理蓄勢、波動相對可控,仍需觀察技術面是否轉強,2026-10-08 16:44:20
1195,3047,3047.TW,訊舟,通信網路業,14.5,50,低檔觀察型,54.49,41.94,2.81,-32.08,47.24,1.83,-2.32,0.39,股價距離52週高點有修復空間、潛在反彈空間較大、RSI位於低檔整理區,仍低於中長期均線，需耐心等待,2026-10-08 16:44:20
1196,4772O,4772.TWO,台特化,化學工業,277.0,50,低檔觀察型,64.16,46.48,5.75,-26.33,35.74,11.03,2.05,0.81,股價距離52週高點有修復空間、潛在反彈空間較大、均線糾結，可能處於整理蓄勢,仍需觀察技術面是否轉強,2026-10-08 16:44:20
1197,00673R,00673R.TW,期元大S&P原油反1,nan,10.819999694824219,50,低檔觀察型,46.55,41.08,13.94,-63.18,171.63,-10.32,-15.09,0.58,潛在反彈空間較大、RSI位於低檔整理區、股價已脫離52週低點,跌幅過深，需留意基本面是否惡化、仍低於中長期均線，需耐心等待,2026-10-08 16:44:20
1198,6669,6669.TW,緯穎,電腦及週邊設備業,2240.0,50,低檔觀察型,53.95,44.46,4.36,-14.34,16.74,6.81,18.81,0.83,RSI位於低檔整理區、均線糾結，可能處於整理蓄勢、股價已脫離52週低點,仍需觀察技術面是否轉強,2026-10-08 16:44:20
1199,6689,6689.TW,伊雲谷,數位雲端,62.70000076293945,50,低檔觀察型,46.07,50.54,3.46,-26.67,36.36,0.61,-3.53,0.19,股價距離52週高點有修復空間、潛在反彈空間較大、RSI位於低檔整理區,仍低於中長期均線，需耐心等待,2026-10-08 16:44:20
1200,6934,6934.TW,心誠鎂,生技醫療業,73.5999984741211,50,防守修復型,46.81,28.37,0.67,-55.26,123.51,-1.87,-1.71,0.22,潛在反彈空間較大、RSI位於低檔整理區、均線糾結，可能處於整理蓄勢,跌幅過深，需留意基本面是否惡化、仍低於中長期均線，需耐心等待,2026-10-08 16:44:20
1201,4979O,4979.TWO,華星光,通信網路業,579.0,50,低檔觀察型,51.53,73.54,9.76,-19.36,24.01,11.01,6.49,1.95,股價距離52週高點有修復空間、RSI位於低檔整理區、股價已脫離52週低點,波動過高，風險較大,2026-10-08 16:44:20
1202,00763U,00763U.TW,期街口道瓊銅,nan,34.7400016784668,50,防守修復型,50.18,23.62,0.74,-3.18,3.28,0.26,1.99,0.78,RSI位於低檔整理區、均線糾結，可能處於整理蓄勢、股價已脫離52週低點,仍需觀察技術面是否轉強,2026-10-08 16:44:20
1203,00668K,00668K.TW,國泰美國道瓊+U,nan,18.760000228881836,50,防守修復型,38.98,9.98,2.31,-5.54,5.86,-2.66,-0.66,0.93,RSI位於低檔整理區、均線糾結，可能處於整理蓄勢、股價已脫離52週低點,仍低於中長期均線，需耐心等待,2026-10-08 16:44:20
1204,1817,1817.TW,凱撒衛,玻璃陶瓷,39.70000076293945,50,防守修復型,41.79,7.46,1.5,-2.22,2.27,0.45,0.81,1.76,RSI位於低檔整理區、均線糾結，可能處於整理蓄勢、波動相對可控,仍需觀察技術面是否轉強,2026-10-08 16:44:20
1205,00775B,00775B.TW,台新投等債15+,nan,29.360000610351562,50,防守修復型,22.93,9.2,3.84,-12.54,14.34,-5.84,-7.5,0.97,均線糾結，可能處於整理蓄勢、波動相對可控、成交量尚未明顯枯竭,RSI過低，短線賣壓仍重、仍低於中長期均線，需耐心等待,2026-10-08 16:44:20
1206,3141O,3141.TWO,晶宏,半導體業,81.5,50,低檔觀察型,42.63,48.04,11.96,-20.49,25.77,2.98,11.32,0.55,股價距離52週高點有修復空間、潛在反彈空間較大、RSI位於低檔整理區,仍需觀察技術面是否轉強,2026-10-08 16:44:20
1207,3088O,3088.TWO,艾訊,電腦及週邊設備業,134.0,50,低檔觀察型,57.63,31.59,2.72,-12.99,14.93,2.96,2.58,1.4,均線糾結，可能處於整理蓄勢、股價已脫離52週低點、波動相對可控,仍需觀察技術面是否轉強,2026-10-08 16:44:20
1208,2073O,2073.TWO,雄順,鋼鐵工業,25.600000381469727,50,低檔觀察型,47.31,33.09,3.0,-10.18,11.33,-3.01,-2.7,1.79,RSI位於低檔整理區、均線糾結，可能處於整理蓄勢、波動相對可控,仍低於中長期均線，需耐心等待,2026-10-08 16:44:20
1209,7821,7821.TW,神數,汽車工業,35.0,50,防守修復型,18.89,19.55,9.08,-53.52,115.14,-10.45,-16.44,0.55,潛在反彈空間較大、波動相對可控、股價低於季線，具修復空間,跌幅過深，需留意基本面是否惡化、RSI過低，短線賣壓仍重,2026-10-08 16:44:20
1210,4707O,4707.TWO,磐亞,化學工業,32.599998474121094,50,低檔觀察型,60.57,55.34,6.24,-25.74,34.67,5.87,28.22,3.55,股價距離52週高點有修復空間、潛在反彈空間較大、均線糾結，可能處於整理蓄勢,仍需觀察技術面是否轉強,2026-10-08 16:44:20
1211,4568O,4568.TWO,科際精密,電機機械,38.849998474121094,50,防守修復型,43.72,20.43,0.73,-11.1,12.48,-1.67,-3.68,1.4,RSI位於低檔整理區、均線糾結，可能處於整理蓄勢、波動相對可控,仍低於中長期均線，需耐心等待,2026-10-08 16:44:20
1212,4430O,4430.TWO,耀億,其他業,17.799999237060547,50,防守修復型,54.58,16.82,0.87,-6.32,6.74,1.68,2.3,1.35,RSI位於低檔整理區、均線糾結，可能處於整理蓄勢、波動相對可控,仍需觀察技術面是否轉強,2026-10-08 16:44:20
1213,2308,2308.TW,台達電,電子零組件業,1990.0,50,低檔觀察型,61.09,55.44,7.28,-21.03,26.63,11.67,1.88,0.82,股價距離52週高點有修復空間、潛在反彈空間較大、均線糾結，可能處於整理蓄勢,仍需觀察技術面是否轉強,2026-10-08 16:44:20
1214,2380,2380.TW,虹光,電腦及週邊設備業,15.800000190734863,50,低檔觀察型,30.43,35.03,11.14,-37.57,60.18,-14.06,-19.79,3.05,股價距離52週高點有修復空間、潛在反彈空間較大、成交量尚未明顯枯竭,仍低於中長期均線，需耐心等待,2026-10-08 16:44:20
1215,5344O,5344.TWO,立衛,半導體業,14.350000381469727,50,低檔觀察型,61.47,42.59,3.21,-24.07,31.71,3.21,-4.62,3.76,股價距離52週高點有修復空間、潛在反彈空間較大、均線糾結，可能處於整理蓄勢,仍低於中長期均線，需耐心等待,2026-10-08 16:44:20
1216,2327,2327.TW,國巨*,電子零組件業,647.0,50,低檔觀察型,63.78,53.91,3.43,-43.25,76.2,9.81,1.09,2.22,股價距離52週高點有修復空間、潛在反彈空間較大、均線糾結，可能處於整理蓄勢,仍需觀察技術面是否轉強,2026-10-08 16:44:20
1217,1735,1735.TW,日勝化,化學工業,23.149999618530273,50,低檔觀察型,65.92,55.17,4.53,-26.97,36.93,13.53,2.04,2.12,股價距離52週高點有修復空間、潛在反彈空間較大、均線糾結，可能處於整理蓄勢,仍需觀察技術面是否轉強,2026-10-08 16:44:20
1218,2727,2727.TW,王品,觀光餐旅,233.5,50,防守修復型,54.84,8.07,1.11,-6.22,6.64,1.3,-0.21,1.02,RSI位於低檔整理區、均線糾結，可能處於整理蓄勢、股價已脫離52週低點,仍低於中長期均線，需耐心等待,2026-10-08 16:44:20
1219,00915,00915.TW,凱基優選高股息30,nan,32.900001525878906,50,防守修復型,54.7,9.03,3.12,-1.14,1.16,2.76,8.22,0.77,RSI位於低檔整理區、均線糾結，可能處於整理蓄勢、股價已脫離52週低點,仍需觀察技術面是否轉強,2026-10-08 16:44:20
1220,00713,00713.TW,元大台灣高息低波,nan,62.95000076293945,50,防守修復型,48.66,9.57,2.64,-3.3,3.42,1.57,5.63,0.77,RSI位於低檔整理區、均線糾結，可能處於整理蓄勢、股價已脫離52週低點,仍需觀察技術面是否轉強,2026-10-08 16:44:20
1221,00998AO,00998A.TWO,主動復華金融股息,nan,16.770000457763672,50,防守修復型,42.35,19.6,5.66,-7.86,8.53,-4.48,-0.81,3.27,RSI位於低檔整理區、均線糾結，可能處於整理蓄勢、股價已脫離52週低點,仍低於中長期均線，需耐心等待,2026-10-08 16:44:20
1222,00711B,00711B.TW,復華彭博新興債,nan,14.520000457763672,50,防守修復型,13.31,10.04,4.78,-12.85,14.74,-6.85,-8.27,2.47,均線糾結，可能處於整理蓄勢、波動相對可控、成交量尚未明顯枯竭,RSI過低，短線賣壓仍重、仍低於中長期均線，需耐心等待,2026-10-08 16:44:20
1223,00908,00908.TW,富邦入息REITs+,nan,14.180000305175781,50,防守修復型,13.25,6.48,5.39,-10.48,11.71,-7.28,-5.03,1.65,均線糾結，可能處於整理蓄勢、波動相對可控、成交量尚未明顯枯竭,RSI過低，短線賣壓仍重、仍低於中長期均線，需耐心等待,2026-10-08 16:44:20
1224,1452,1452.TW,宏益,紡織纖維,10.699999809265137,50,防守修復型,36.31,12.17,4.91,-11.57,13.08,-4.98,-4.35,1.17,RSI位於低檔整理區、均線糾結，可能處於整理蓄勢、波動相對可控,仍低於中長期均線，需耐心等待,2026-10-08 16:44:20
1225,1457,1457.TW,宜進,紡織纖維,14.300000190734863,50,防守修復型,47.55,12.63,0.35,-13.33,15.38,-0.33,-0.51,1.5,RSI位於低檔整理區、均線糾結，可能處於整理蓄勢、波動相對可控,仍低於中長期均線，需耐心等待,2026-10-08 16:44:20
1226,1440,1440.TW,南紡,紡織纖維,13.949999809265137,50,防守修復型,59.6,27.79,1.2,-10.58,11.83,5.03,6.38,2.96,均線糾結，可能處於整理蓄勢、股價已脫離52週低點、波動相對可控,仍需觀察技術面是否轉強,2026-10-08 16:44:20
1227,4972O,4972.TWO,湯石照明,光電業,16.149999618530273,50,防守修復型,36.96,8.24,1.63,-13.17,15.17,-2.23,-2.73,1.03,RSI位於低檔整理區、均線糾結，可能處於整理蓄勢、波動相對可控,仍低於中長期均線，需耐心等待,2026-10-08 16:44:20
1228,5457O,5457.TWO,宣德,電子零組件業,23.850000381469727,50,低檔觀察型,38.9,39.94,12.84,-51.18,104.82,-11.98,-22.07,2.09,潛在反彈空間較大、RSI位於低檔整理區、成交量尚未明顯枯竭,跌幅過深，需留意基本面是否惡化、仍低於中長期均線，需耐心等待,2026-10-08 16:44:20
1229,00857BO,00857B.TWO,永豐20年美公債,nan,20.979999542236328,50,防守修復型,19.19,10.55,4.92,-14.19,16.54,-6.84,-8.26,1.24,均線糾結，可能處於整理蓄勢、波動相對可控、成交量尚未明顯枯竭,RSI過低，短線賣壓仍重、仍低於中長期均線，需耐心等待,2026-10-08 16:44:20
1230,00853BO,00853B.TWO,統一美債10年Aa-A,nan,25.25,50,防守修復型,21.7,9.76,4.27,-12.36,14.1,-5.59,-7.36,0.95,均線糾結，可能處於整理蓄勢、波動相對可控、成交量尚未明顯枯竭,RSI過低，短線賣壓仍重、仍低於中長期均線，需耐心等待,2026-10-08 16:44:20
1231,00884BO,00884B.TWO,中信低碳新興債,nan,27.15999984741211,50,防守修復型,28.36,11.07,3.93,-11.82,13.4,-5.37,-7.06,0.85,均線糾結，可能處於整理蓄勢、波動相對可控、成交量尚未明顯枯竭,RSI過低，短線賣壓仍重、仍低於中長期均線，需耐心等待,2026-10-08 16:44:20
1232,00931BO,00931B.TWO,統一美債20年,nan,12.289999961853027,50,防守修復型,22.99,10.38,4.08,-13.14,15.13,-5.91,-7.36,0.98,均線糾結，可能處於整理蓄勢、波動相對可控、成交量尚未明顯枯竭,RSI過低，短線賣壓仍重、仍低於中長期均線，需耐心等待,2026-10-08 16:44:20
1233,00950BO,00950B.TWO,凱基A級公司債,nan,12.960000038146973,50,防守修復型,23.92,9.75,3.72,-10.81,12.11,-5.27,-6.68,1.72,均線糾結，可能處於整理蓄勢、波動相對可控、成交量尚未明顯枯竭,RSI過低，短線賣壓仍重、仍低於中長期均線，需耐心等待,2026-10-08 16:44:20
1234,00958BO,00958B.TWO,永豐ESG銀行債15+,nan,8.529999732971191,50,防守修復型,20.7,9.3,4.29,-11.51,13.01,-5.75,-7.05,2.18,均線糾結，可能處於整理蓄勢、波動相對可控、成交量尚未明顯枯竭,RSI過低，短線賣壓仍重、仍低於中長期均線，需耐心等待,2026-10-08 16:44:20
1235,00937BO,00937B.TWO,群益ESG投等債20+,nan,13.579999923706055,50,防守修復型,24.08,10.12,3.78,-11.53,13.03,-5.39,-7.05,1.01,均線糾結，可能處於整理蓄勢、波動相對可控、成交量尚未明顯枯竭,RSI過低，短線賣壓仍重、仍低於中長期均線，需耐心等待,2026-10-08 16:44:20
1236,00948BO,00948B.TWO,中信優息投資級債,nan,8.699999809265137,50,防守修復型,24.59,10.15,3.62,-10.68,11.95,-5.08,-6.69,1.84,均線糾結，可能處於整理蓄勢、波動相對可控、成交量尚未明顯枯竭,RSI過低，短線賣壓仍重、仍低於中長期均線，需耐心等待,2026-10-08 16:44:20
1237,00966BO,00966B.TWO,統一ESG投等債15+,nan,12.800000190734863,50,防守修復型,24.4,10.59,3.47,-10.86,12.19,-5.25,-6.86,1.12,均線糾結，可能處於整理蓄勢、波動相對可控、成交量尚未明顯枯竭,RSI過低，短線賣壓仍重、仍低於中長期均線，需耐心等待,2026-10-08 16:44:20
1238,00772BO,00772B.TWO,中信高評級公司債,nan,30.8700008392334,50,防守修復型,25.44,9.86,3.88,-11.17,12.57,-5.14,-6.82,0.98,均線糾結，可能處於整理蓄勢、波動相對可控、成交量尚未明顯枯竭,RSI過低，短線賣壓仍重、仍低於中長期均線，需耐心等待,2026-10-08 16:44:20
1239,00970BO,00970B.TWO,台新BBB投等債20+,nan,8.619999885559082,50,防守修復型,26.72,9.73,3.64,-10.67,11.95,-5.01,-6.66,0.96,均線糾結，可能處於整理蓄勢、波動相對可控、成交量尚未明顯枯竭,RSI過低，短線賣壓仍重、仍低於中長期均線，需耐心等待,2026-10-08 16:44:20
1240,00967BO,00967B.TWO,元大優息美債,nan,8.420000076293945,50,防守修復型,21.71,9.17,4.22,-11.46,12.95,-5.6,-6.66,1.09,均線糾結，可能處於整理蓄勢、波動相對可控、成交量尚未明顯枯竭,RSI過低，短線賣壓仍重、仍低於中長期均線，需耐心等待,2026-10-08 16:44:20
1241,00964,00964.TW,中信亞太高股息,nan,14.8100004196167,50,防守修復型,53.95,6.09,2.53,-1.53,1.55,2.39,3.35,0.77,RSI位於低檔整理區、均線糾結，可能處於整理蓄勢、股價已脫離52週低點,仍需觀察技術面是否轉強,2026-10-08 16:44:20
1242,2239,2239.TW,英利-KY,汽車工業,18.149999618530273,50,防守修復型,31.33,19.66,4.67,-52.98,112.67,-7.27,-13.97,0.33,潛在反彈空間較大、均線糾結，可能處於整理蓄勢、波動相對可控,跌幅過深，需留意基本面是否惡化、仍低於中長期均線，需耐心等待,2026-10-08 16:44:20
1243,3380,3380.TW,明泰,通信網路業,30.899999618530273,50,低檔觀察型,51.42,48.07,6.54,-25.63,34.47,4.54,-4.03,0.46,股價距離52週高點有修復空間、潛在反彈空間較大、RSI位於低檔整理區,仍低於中長期均線，需耐心等待,2026-10-08 16:44:20
1244,4946O,4946.TWO,辣椒,文化創意業,99.0999984741211,50,低檔觀察型,60.44,30.29,10.51,-38.06,61.45,11.61,1.36,0.72,股價距離52週高點有修復空間、潛在反彈空間較大、股價已脫離52週低點,仍需觀察技術面是否轉強,2026-10-08 16:44:20
1245,4583,4583.TW,台灣精銳,電機機械,416.0,50,防守修復型,32.42,20.12,13.88,-48.83,95.43,-13.59,-28.6,1.19,潛在反彈空間較大、波動相對可控、成交量尚未明顯枯竭,跌幅過深，需留意基本面是否惡化、仍低於中長期均線，需耐心等待,2026-10-08 16:44:20
1246,5521,5521.TW,工信,建材營造業,11.100000381469727,50,防守修復型,69.05,15.96,2.02,-59.41,146.4,6.01,4.28,1.66,潛在反彈空間較大、均線糾結，可能處於整理蓄勢、股價已脫離52週低點,跌幅過深，需留意基本面是否惡化,2026-10-08 16:44:20
1247,4551,4551.TW,智伸科,汽車工業,187.0,50,低檔觀察型,62.98,57.25,4.37,-33.69,50.8,10.6,9.25,2.57,股價距離52週高點有修復空間、潛在反彈空間較大、均線糾結，可能處於整理蓄勢,仍需觀察技術面是否轉強,2026-10-08 16:44:20
1248,4755,4755.TW,三福化,化學工業,127.5,50,低檔觀察型,64.18,42.77,2.78,-24.78,32.94,8.43,-2.68,4.8,股價距離52週高點有修復空間、潛在反彈空間較大、均線糾結，可能處於整理蓄勢,仍低於中長期均線，需耐心等待,2026-10-08 16:44:20
1249,6166,6166.TW,凌華,電腦及週邊設備業,131.0,50,低檔觀察型,59.73,43.46,6.41,-21.32,27.1,3.45,7.23,0.6,股價距離52週高點有修復空間、潛在反彈空間較大、均線糾結，可能處於整理蓄勢,仍需觀察技術面是否轉強,2026-10-08 16:44:20
1250,4934,4934.TW,太極,光電業,15.550000190734863,50,低檔觀察型,66.05,35.49,3.17,-25.06,33.44,7.74,-1.59,2.34,股價距離52週高點有修復空間、潛在反彈空間較大、均線糾結，可能處於整理蓄勢,仍低於中長期均線，需耐心等待,2026-10-08 16:44:20
1251,4949,4949.TW,有成精密,光電業,83.9000015258789,50,低檔觀察型,67.34,37.66,6.32,-22.31,28.72,15.66,2.94,2.59,股價距離52週高點有修復空間、潛在反彈空間較大、均線糾結，可能處於整理蓄勢,股價已明顯高於季線，低估性下降,2026-10-08 16:44:20
1252,4763,4763.TW,材料*-KY,化學工業,46.349998474121094,50,低檔觀察型,45.31,52.06,3.36,-24.88,33.12,-4.51,-0.1,0.58,股價距離52週高點有修復空間、潛在反彈空間較大、RSI位於低檔整理區,仍低於中長期均線，需耐心等待,2026-10-08 16:44:20
1253,4977,4977.TW,眾達-KY,通信網路業,175.0,50,低檔觀察型,56.08,49.08,9.6,-35.3,54.57,13.12,-1.68,1.96,股價距離52週高點有修復空間、潛在反彈空間較大、股價已脫離52週低點,仍低於中長期均線，需耐心等待,2026-10-08 16:44:20
1254,6703O,6703.TWO,軒郁,生技醫療業,100.5,50,防守修復型,43.84,9.99,2.79,-9.39,10.36,-2.61,-2.13,1.26,RSI位於低檔整理區、均線糾結，可能處於整理蓄勢、股價已脫離52週低點,仍低於中長期均線，需耐心等待,2026-10-08 16:44:20
1255,00755BO,00755B.TWO,群益投資級公用債,nan,30.110000610351562,50,防守修復型,25.53,9.1,4.05,-11.39,12.85,-5.4,-6.93,1.69,均線糾結，可能處於整理蓄勢、波動相對可控、成交量尚未明顯枯竭,RSI過低，短線賣壓仍重、仍低於中長期均線，需耐心等待,2026-10-08 16:44:20
1256,00756BO,00756B.TWO,群益投等新興公債,nan,28.729999542236328,50,防守修復型,25.52,9.5,4.96,-12.3,14.03,-6.03,-7.58,1.43,均線糾結，可能處於整理蓄勢、波動相對可控、成交量尚未明顯枯竭,RSI過低，短線賣壓仍重、仍低於中長期均線，需耐心等待,2026-10-08 16:44:20
1257,00759BO,00759B.TWO,復華製藥債,nan,50.25,50,防守修復型,26.15,10.92,3.81,-10.83,12.14,-5.26,-6.73,1.01,均線糾結，可能處於整理蓄勢、波動相對可控、成交量尚未明顯枯竭,RSI過低，短線賣壓仍重、仍低於中長期均線，需耐心等待,2026-10-08 16:44:20
1258,00760BO,00760B.TWO,復華新興企業債,nan,49.72999954223633,50,防守修復型,20.43,8.45,4.06,-10.72,12.0,-5.41,-6.61,0.92,均線糾結，可能處於整理蓄勢、波動相對可控、成交量尚未明顯枯竭,RSI過低，短線賣壓仍重、仍低於中長期均線，需耐心等待,2026-10-08 16:44:20
1259,00761BO,00761B.TWO,國泰A級公司債,nan,31.579999923706055,50,防守修復型,26.5,10.02,3.88,-11.57,13.08,-5.13,-6.92,1.64,均線糾結，可能處於整理蓄勢、波動相對可控、成交量尚未明顯枯竭,RSI過低，短線賣壓仍重、仍低於中長期均線，需耐心等待,2026-10-08 16:44:20
1260,6164,6164.TW,華興,光電業,13.350000381469727,50,低檔觀察型,64.89,46.93,4.61,-23.28,30.34,10.16,6.3,0.84,股價距離52週高點有修復空間、潛在反彈空間較大、均線糾結，可能處於整理蓄勢,仍需觀察技術面是否轉強,2026-10-08 16:44:20
1261,00799BO,00799B.TWO,國泰A級醫療債,nan,27.190000534057617,50,防守修復型,25.08,9.75,3.93,-12.82,14.71,-5.37,-7.01,0.88,均線糾結，可能處於整理蓄勢、波動相對可控、成交量尚未明顯枯竭,RSI過低，短線賣壓仍重、仍低於中長期均線，需耐心等待,2026-10-08 16:44:20
1262,00773BO,00773B.TWO,中信優先金融債,nan,33.09000015258789,50,防守修復型,26.33,9.74,4.1,-10.86,12.18,-5.15,-6.51,1.45,均線糾結，可能處於整理蓄勢、波動相對可控、成交量尚未明顯枯竭,RSI過低，短線賣壓仍重、仍低於中長期均線，需耐心等待,2026-10-08 16:44:20
1263,00778BO,00778B.TWO,凱基金融債20+,nan,31.479999542236328,50,防守修復型,24.09,9.91,4.23,-12.48,14.26,-5.55,-7.24,0.97,均線糾結，可能處於整理蓄勢、波動相對可控、成交量尚未明顯枯竭,RSI過低，短線賣壓仍重、仍低於中長期均線，需耐心等待,2026-10-08 16:44:20
1264,00777BO,00777B.TWO,凱基AAA至A公司債,nan,29.649999618530273,50,防守修復型,22.7,10.51,3.68,-12.59,14.4,-5.34,-7.33,1.35,均線糾結，可能處於整理蓄勢、波動相對可控、成交量尚未明顯枯竭,RSI過低，短線賣壓仍重、仍低於中長期均線，需耐心等待,2026-10-08 16:44:20
1265,00792BO,00792B.TWO,群益A級公司債,nan,28.809999465942383,50,防守修復型,20.37,10.26,4.82,-12.72,14.58,-6.17,-7.85,1.25,均線糾結，可能處於整理蓄勢、波動相對可控、成交量尚未明顯枯竭,RSI過低，短線賣壓仍重、仍低於中長期均線，需耐心等待,2026-10-08 16:44:20
1266,00795BO,00795B.TWO,中信美國公債20年,nan,24.40999984741211,50,防守修復型,22.98,10.7,4.56,-13.53,15.65,-6.38,-7.88,1.35,均線糾結，可能處於整理蓄勢、波動相對可控、成交量尚未明顯枯竭,RSI過低，短線賣壓仍重、仍低於中長期均線，需耐心等待,2026-10-08 16:44:20
1267,00836BO,00836B.TWO,永豐10年A公司債,nan,26.200000762939453,50,防守修復型,25.93,12.67,4.48,-12.55,14.35,-5.94,-7.72,4.47,均線糾結，可能處於整理蓄勢、波動相對可控、成交量尚未明顯枯竭,RSI過低，短線賣壓仍重、仍低於中長期均線，需耐心等待,2026-10-08 16:44:20
1268,00779BO,00779B.TWO,凱基美債25+,nan,25.440000534057617,50,防守修復型,21.13,11.38,5.12,-14.57,17.06,-6.78,-8.3,1.31,均線糾結，可能處於整理蓄勢、波動相對可控、成交量尚未明顯枯竭,RSI過低，短線賣壓仍重、仍低於中長期均線，需耐心等待,2026-10-08 16:44:20
1269,00840BO,00840B.TWO,凱基IG精選15+,nan,27.31999969482422,50,防守修復型,23.04,9.59,3.86,-12.32,14.06,-5.3,-7.27,1.01,均線糾結，可能處於整理蓄勢、波動相對可控、成交量尚未明顯枯竭,RSI過低，短線賣壓仍重、仍低於中長期均線，需耐心等待,2026-10-08 16:44:20
1270,00844BO,00844B.TWO,台新15年IG金融債,nan,29.030000686645508,50,防守修復型,27.81,10.35,4.11,-11.74,13.3,-5.37,-6.94,1.86,均線糾結，可能處於整理蓄勢、波動相對可控、成交量尚未明顯枯竭,RSI過低，短線賣壓仍重、仍低於中長期均線，需耐心等待,2026-10-08 16:44:20
1271,00687BO,00687B.TWO,國泰20年美債,nan,25.239999771118164,50,防守修復型,20.68,10.83,5.03,-14.06,16.36,-6.79,-8.14,0.95,均線糾結，可能處於整理蓄勢、波動相對可控、成交量尚未明顯枯竭,RSI過低，短線賣壓仍重、仍低於中長期均線，需耐心等待,2026-10-08 16:44:20
1272,00981T,00981T.TW,平衡凱基雙核收息,nan,11.680000305175781,50,防守修復型,42.3,6.95,1.0,-5.73,6.08,-1.46,-1.92,1.13,RSI位於低檔整理區、均線糾結，可能處於整理蓄勢、股價已脫離52週低點,仍低於中長期均線，需耐心等待,2026-10-08 16:44:20
1273,00687CO,00687C.TWO,國泰20年美債+櫃U,nan,8.5600004196167,50,防守修復型,22.53,12.18,3.47,-12.47,14.25,-5.38,-6.84,1.35,均線糾結，可能處於整理蓄勢、波動相對可控、成交量尚未明顯枯竭,RSI過低，短線賣壓仍重、仍低於中長期均線，需耐心等待,2026-10-08 16:44:20
1274,00696BO,00696B.TWO,富邦美債20年,nan,26.489999771118164,50,防守修復型,23.73,10.84,4.03,-13.15,15.14,-5.84,-7.3,1.14,均線糾結，可能處於整理蓄勢、波動相對可控、成交量尚未明顯枯竭,RSI過低，短線賣壓仍重、仍低於中長期均線，需耐心等待,2026-10-08 16:44:20
1275,00679BO,00679B.TWO,元大美債20年,nan,24.299999237060547,50,防守修復型,23.23,10.83,4.55,-13.21,15.23,-6.35,-7.74,0.81,均線糾結，可能處於整理蓄勢、波動相對可控、成交量尚未明顯枯竭,RSI過低，短線賣壓仍重、仍低於中長期均線，需耐心等待,2026-10-08 16:44:20
1276,1210,1210.TW,大成,食品工業,51.29999923706055,50,防守修復型,39.09,9.83,3.75,-12.76,14.62,-4.39,-4.91,1.16,RSI位於低檔整理區、均線糾結，可能處於整理蓄勢、波動相對可控,仍低於中長期均線，需耐心等待,2026-10-08 16:44:20
1277,6117,6117.TW,迎廣,電腦及週邊設備業,68.0,49,低檔觀察型,72.1,37.33,2.38,-28.42,39.71,6.3,-5.88,7.92,股價距離52週高點有修復空間、潛在反彈空間較大、均線糾結，可能處於整理蓄勢,RSI偏高，不符合低檔潛伏、仍低於中長期均線，需耐心等待,2026-10-08 16:44:20
1278,6405,6405.TW,悅城,光電業,40.25,49,低檔觀察型,46.81,78.72,6.8,-50.31,101.24,-0.27,-20.12,0.74,潛在反彈空間較大、RSI位於低檔整理區、均線糾結，可能處於整理蓄勢,跌幅過深，需留意基本面是否惡化、波動過高，風險較大,2026-10-08 16:44:20
1279,6683O,6683.TWO,雍智科技,半導體業,1445.0,49,低檔觀察型,49.5,76.96,14.82,-43.66,77.51,10.78,-7.24,0.85,股價距離52週高點有修復空間、潛在反彈空間較大、RSI位於低檔整理區,波動過高，風險較大、仍低於中長期均線，需耐心等待,2026-10-08 16:44:20
1280,6739O,6739.TWO,竹陞科技,其他電子業,1100.0,49,低檔觀察型,49.01,78.4,5.28,-35.67,55.45,2.38,-6.39,0.3,股價距離52週高點有修復空間、潛在反彈空間較大、RSI位於低檔整理區,波動過高，風險較大、仍低於中長期均線，需耐心等待,2026-10-08 16:44:20
1281,6236O,6236.TWO,中湛,數位雲端,16.899999618530273,49,低檔觀察型,43.05,80.14,4.88,-42.32,73.37,-1.91,-6.09,0.0,股價距離52週高點有修復空間、潛在反彈空間較大、RSI位於低檔整理區,波動過高，風險較大、仍低於中長期均線，需耐心等待,2026-10-08 16:44:20
1282,6271,6271.TW,同欣電,半導體業,241.5,48,防守修復型,66.52,27.3,9.91,-16.0,19.05,15.92,12.4,1.2,股價距離52週高點有修復空間、股價已脫離52週低點、波動相對可控,股價已明顯高於季線，低估性下降,2026-10-08 16:44:20
1283,6792,6792.TW,詠業,通信網路業,59.79999923706055,48,防守修復型,55.24,19.74,2.6,-17.86,21.74,3.9,-1.61,0.63,股價距離52週高點有修復空間、均線糾結，可能處於整理蓄勢、股價已脫離52週低點,仍低於中長期均線，需耐心等待,2026-10-08 16:44:20
1284,5274O,5274.TWO,信驊,半導體業,17750.0,48,低檔觀察型,45.59,53.5,14.66,-15.09,17.77,6.11,10.13,1.71,股價距離52週高點有修復空間、RSI位於低檔整理區、股價已脫離52週低點,仍需觀察技術面是否轉強,2026-10-08 16:44:20
1285,6239,6239.TW,力成,半導體業,307.5,48,低檔觀察型,61.34,40.36,5.62,-18.87,23.25,10.65,8.25,0.99,股價距離52週高點有修復空間、均線糾結，可能處於整理蓄勢、股價已脫離52週低點,仍需觀察技術面是否轉強,2026-10-08 16:44:20
1286,2303,2303.TW,聯電,半導體業,148.5,48,低檔觀察型,52.33,48.28,14.07,-16.81,20.2,10.45,14.76,0.81,股價距離52週高點有修復空間、RSI位於低檔整理區、股價已脫離52週低點,仍需觀察技術面是否轉強,2026-10-08 16:44:20
1287,6190O,6190.TWO,萬泰科,通信網路業,76.4000015258789,48,低檔觀察型,67.01,43.43,4.03,-16.96,20.42,11.27,3.62,1.32,股價距離52週高點有修復空間、均線糾結，可能處於整理蓄勢、股價已脫離52週低點,仍需觀察技術面是否轉強,2026-10-08 16:44:20
1288,1713,1713.TW,國化,化學工業,44.75,48,防守修復型,62.68,21.58,4.49,-15.09,17.77,0.33,-3.84,0.46,股價距離52週高點有修復空間、均線糾結，可能處於整理蓄勢、股價已脫離52週低點,仍低於中長期均線，需耐心等待,2026-10-08 16:44:20
1289,4536,4536.TW,拓凱,運動休閒,158.0,48,防守修復型,33.89,16.06,2.44,-17.06,20.57,-4.59,-3.09,0.86,股價距離52週高點有修復空間、均線糾結，可能處於整理蓄勢、波動相對可控,仍低於中長期均線，需耐心等待,2026-10-08 16:44:20
1290,8341,8341.TW,日友,綠能環保,73.5999984741211,48,防守修復型,33.07,6.47,1.83,-19.56,24.32,-2.58,-3.4,1.11,股價距離52週高點有修復空間、均線糾結，可能處於整理蓄勢、波動相對可控,仍低於中長期均線，需耐心等待,2026-10-08 16:44:20
1291,00852L,00852L.TW,國泰美國道瓊正2,nan,32.70000076293945,48,防守修復型,35.33,14.45,5.83,-12.94,14.86,-6.3,-3.24,0.36,RSI位於低檔整理區、均線糾結，可能處於整理蓄勢、股價已脫離52週低點,仍低於中長期均線，需耐心等待,2026-10-08 16:44:20
1292,5291O,5291.TWO,邑昇,電子零組件業,64.30000305175781,48,低檔觀察型,60.9,41.57,5.13,-18.4,22.55,11.56,4.54,0.95,股價距離52週高點有修復空間、均線糾結，可能處於整理蓄勢、股價已脫離52週低點,仍需觀察技術面是否轉強,2026-10-08 16:44:20
1293,1615,1615.TW,大山,電器電纜,41.900001525878906,48,防守修復型,31.99,8.22,2.28,-15.53,18.39,-3.7,-4.78,0.86,股價距離52週高點有修復空間、均線糾結，可能處於整理蓄勢、波動相對可控,仍低於中長期均線，需耐心等待,2026-10-08 16:44:20
1294,6272,6272.TW,驊陞,電子零組件業,25.5,47,低檔觀察型,45.85,40.85,4.29,-57.71,136.47,-1.24,-13.08,0.34,潛在反彈空間較大、RSI位於低檔整理區、均線糾結，可能處於整理蓄勢,跌幅過深，需留意基本面是否惡化、仍低於中長期均線，需耐心等待,2026-10-08 16:44:20
1295,7842O,7842.TWO,天能綠電,綠能環保,99.69999694824219,47,防守修復型,56.05,20.17,3.64,-45.37,83.05,5.52,-5.79,0.08,潛在反彈空間較大、均線糾結，可能處於整理蓄勢、股價已脫離52週低點,跌幅過深，需留意基本面是否惡化、仍低於中長期均線，需耐心等待,2026-10-08 16:44:20
1296,6693O,6693.TWO,廣閎科,半導體業,197.0,47,低檔觀察型,52.25,69.76,11.82,-28.75,40.36,8.27,9.66,0.99,股價距離52週高點有修復空間、潛在反彈空間較大、RSI位於低檔整理區,波動過高，風險較大,2026-10-08 16:44:20
1297,3419,3419.TW,譁裕,通信網路業,11.899999618530273,47,低檔觀察型,55.25,49.81,4.17,-33.7,50.84,0.48,-9.46,0.28,股價距離52週高點有修復空間、潛在反彈空間較大、均線糾結，可能處於整理蓄勢,仍低於中長期均線，需耐心等待,2026-10-08 16:44:20
1298,6443,6443.TW,元晶,光電業,27.600000381469727,47,低檔觀察型,54.45,57.87,7.08,-47.23,89.49,4.09,-14.71,0.46,潛在反彈空間較大、RSI位於低檔整理區、均線糾結，可能處於整理蓄勢,跌幅過深，需留意基本面是否惡化、仍低於中長期均線，需耐心等待,2026-10-08 16:44:20
1299,4741O,4741.TWO,泓瀚,化學工業,40.599998474121094,47,低檔觀察型,51.3,40.7,7.48,-49.88,99.51,-3.47,-21.1,0.68,潛在反彈空間較大、RSI位於低檔整理區、均線糾結，可能處於整理蓄勢,跌幅過深，需留意基本面是否惡化、仍低於中長期均線，需耐心等待,2026-10-08 16:44:20
1300,3535,3535.TW,晶彩科,光電業,91.9000015258789,47,低檔觀察型,56.61,36.76,2.64,-38.11,61.59,4.54,-13.2,0.57,股價距離52週高點有修復空間、潛在反彈空間較大、均線糾結，可能處於整理蓄勢,仍低於中長期均線，需耐心等待,2026-10-08 16:44:20
1301,6796,6796.TW,晉弘,生技醫療業,56.0,47,低檔觀察型,53.77,48.5,7.24,-45.89,84.81,-2.02,-6.81,0.41,潛在反彈空間較大、RSI位於低檔整理區、均線糾結，可能處於整理蓄勢,跌幅過深，需留意基本面是否惡化、仍低於中長期均線，需耐心等待,2026-10-08 16:44:20
1302,7768,7768.TW,頌勝科技,半導體業,300.5,47,低檔觀察型,55.8,49.79,6.36,-38.17,61.73,6.34,-9.98,0.4,股價距離52週高點有修復空間、潛在反彈空間較大、均線糾結，可能處於整理蓄勢,仍低於中長期均線，需耐心等待,2026-10-08 16:44:20
1303,3013,3013.TW,晟銘電,電腦及週邊設備業,96.30000305175781,47,低檔觀察型,70.53,41.1,5.4,-28.46,39.79,14.41,0.91,2.33,股價距離52週高點有修復空間、潛在反彈空間較大、均線糾結，可能處於整理蓄勢,RSI偏高，不符合低檔潛伏,2026-10-08 16:44:20
1304,8045,8045.TW,達運光電,通信網路業,55.900001525878906,47,低檔觀察型,58.75,47.22,3.06,-38.64,62.97,3.61,-7.91,0.45,股價距離52週高點有修復空間、潛在反彈空間較大、均線糾結，可能處於整理蓄勢,仍低於中長期均線，需耐心等待,2026-10-08 16:44:20
1305,7749,7749.TW,意騰-KY,半導體業,391.0,47,低檔觀察型,57.26,37.75,8.0,-28.12,39.13,8.02,-5.75,0.44,股價距離52週高點有修復空間、潛在反彈空間較大、股價已脫離52週低點,仍低於中長期均線，需耐心等待,2026-10-08 16:44:20
1306,3372O,3372.TWO,典範,半導體業,16.600000381469727,47,低檔觀察型,59.26,46.75,3.9,-35.28,54.52,5.64,-7.34,0.54,股價距離52週高點有修復空間、潛在反彈空間較大、均線糾結，可能處於整理蓄勢,仍低於中長期均線，需耐心等待,2026-10-08 16:44:20
1307,3666O,3666.TWO,光耀,光電業,25.399999618530273,47,防守修復型,71.26,2.38,0.74,-22.91,29.72,1.21,-1.13,1.38,股價距離52週高點有修復空間、潛在反彈空間較大、均線糾結，可能處於整理蓄勢,RSI偏高，不符合低檔潛伏、仍低於中長期均線，需耐心等待,2026-10-08 16:44:20
1308,6231O,6231.TWO,系微,資訊服務業,234.5,47,低檔觀察型,56.02,54.13,4.98,-32.71,48.61,5.24,-9.48,0.24,股價距離52週高點有修復空間、潛在反彈空間較大、均線糾結，可能處於整理蓄勢,仍低於中長期均線，需耐心等待,2026-10-08 16:44:20
1309,6924,6924.TW,榮惠-KY創,電子零組件業,131.0,47,低檔觀察型,51.97,60.3,11.85,-32.3,47.71,10.34,6.76,0.9,股價距離52週高點有修復空間、潛在反彈空間較大、RSI位於低檔整理區,波動過高，風險較大,2026-10-08 16:44:20
1310,6535O,6535.TWO,順藥,生技醫療業,81.0,47,低檔觀察型,50.16,47.63,5.3,-74.61,293.83,-3.25,-19.75,0.54,潛在反彈空間較大、RSI位於低檔整理區、均線糾結，可能處於整理蓄勢,跌幅過深，需留意基本面是否惡化、仍低於中長期均線，需耐心等待,2026-10-08 16:44:20
1311,6986O,6986.TWO,和迅,生技醫療業,44.20000076293945,47,低檔觀察型,59.38,38.78,3.87,-36.86,58.37,2.16,-12.92,0.54,股價距離52週高點有修復空間、潛在反彈空間較大、均線糾結，可能處於整理蓄勢,仍低於中長期均線，需耐心等待,2026-10-08 16:44:20
1312,4745O,4745.TWO,合富-KY,生技醫療業,12.149999618530273,47,防守修復型,57.96,11.54,2.13,-54.75,120.99,-0.01,-15.26,0.47,潛在反彈空間較大、均線糾結，可能處於整理蓄勢、股價已脫離52週低點,跌幅過深，需留意基本面是否惡化、仍低於中長期均線，需耐心等待,2026-10-08 16:44:20
1313,3062,3062.TW,建漢,通信網路業,22.350000381469727,47,低檔觀察型,56.44,45.92,5.8,-31.44,45.86,6.08,-6.88,0.69,股價距離52週高點有修復空間、潛在反彈空間較大、均線糾結，可能處於整理蓄勢,仍低於中長期均線，需耐心等待,2026-10-08 16:44:20
1314,3715,3715.TW,定穎投控,電子零組件業,139.0,47,低檔觀察型,64.99,58.7,6.79,-31.7,46.4,16.11,-5.49,2.63,股價距離52週高點有修復空間、潛在反彈空間較大、均線糾結，可能處於整理蓄勢,仍低於中長期均線，需耐心等待、股價已明顯高於季線，低估性下降,2026-10-08 16:44:20
1315,6432O,6432.TWO,今展科,電子零組件業,66.19999694824219,47,低檔觀察型,56.54,72.09,9.4,-23.82,31.27,0.45,4.27,1.74,股價距離52週高點有修復空間、潛在反彈空間較大、股價已脫離52週低點,波動過高，風險較大,2026-10-08 16:44:20
1316,5536O,5536.TWO,聖暉*,其他電子業,1045.0,47,低檔觀察型,72.5,44.44,5.33,-27.18,37.32,9.76,3.18,2.41,股價距離52週高點有修復空間、潛在反彈空間較大、均線糾結，可能處於整理蓄勢,RSI偏高，不符合低檔潛伏,2026-10-08 16:44:20
1317,2489,2489.TW,瑞軒,光電業,41.400001525878906,47,低檔觀察型,54.53,62.92,11.61,-26.73,36.47,14.48,3.35,0.94,股價距離52週高點有修復空間、潛在反彈空間較大、RSI位於低檔整理區,波動過高，風險較大,2026-10-08 16:44:20
1318,6909,6909.TW,創控,半導體業,43.29999923706055,47,低檔觀察型,55.81,48.06,2.61,-35.18,54.27,4.11,-9.94,0.44,股價距離52週高點有修復空間、潛在反彈空間較大、均線糾結，可能處於整理蓄勢,仍低於中長期均線，需耐心等待,2026-10-08 16:44:20
1319,3645,3645.TW,達邁,電子零組件業,74.30000305175781,47,低檔觀察型,55.94,37.13,4.82,-36.77,58.14,6.01,-12.18,0.56,股價距離52週高點有修復空間、潛在反彈空間較大、均線糾結，可能處於整理蓄勢,仍低於中長期均線，需耐心等待,2026-10-08 16:44:20
1320,3665,3665.TW,貿聯-KY,其他電子業,2315.0,47,低檔觀察型,52.7,65.04,11.29,-21.26,27.0,7.32,4.85,0.95,股價距離52週高點有修復空間、潛在反彈空間較大、RSI位於低檔整理區,波動過高，風險較大,2026-10-08 16:44:20
1321,6140O,6140.TWO,訊達,資訊服務業,20.049999237060547,47,低檔觀察型,52.43,95.98,13.66,-37.83,60.85,11.6,4.13,1.44,股價距離52週高點有修復空間、潛在反彈空間較大、RSI位於低檔整理區,波動過高，風險較大,2026-10-08 16:44:20
1322,00787BO,00787B.TWO,元大10年IG醫療債,nan,29.959999084472656,45,防守修復型,23.31,10.83,4.36,-11.73,13.28,-5.56,-6.92,0.22,均線糾結，可能處於整理蓄勢、波動相對可控、股價低於季線，具修復空間,RSI過低，短線賣壓仍重、仍低於中長期均線，需耐心等待,2026-10-08 16:44:20
1323,1563,1563.TW,巧新,汽車工業,80.5999984741211,45,低檔觀察型,57.61,30.19,5.14,-14.86,17.45,0.71,4.8,0.79,均線糾結，可能處於整理蓄勢、股價已脫離52週低點、波動相對可控,仍需觀察技術面是否轉強,2026-10-08 16:44:20
1324,1608,1608.TW,華榮,電器電纜,37.04999923706055,45,防守修復型,59.08,20.77,3.44,-8.63,9.45,6.53,7.83,2.66,均線糾結，可能處於整理蓄勢、股價已脫離52週低點、波動相對可控,仍需觀察技術面是否轉強,2026-10-08 16:44:20
1325,00764BO,00764B.TWO,群益25年美債,nan,25.200000762939453,45,防守修復型,21.61,10.88,4.92,-14.17,16.51,-6.66,-8.07,0.33,均線糾結，可能處於整理蓄勢、波動相對可控、股價低於季線，具修復空間,RSI過低，短線賣壓仍重、仍低於中長期均線，需耐心等待,2026-10-08 16:44:20
1326,6183,6183.TW,關貿,資訊服務業,91.4000015258789,45,防守修復型,47.92,11.15,0.59,-7.3,7.88,-0.63,-0.25,1.7,RSI位於低檔整理區、均線糾結，可能處於整理蓄勢、波動相對可控,仍低於中長期均線，需耐心等待,2026-10-08 16:44:20
1327,5425O,5425.TWO,台半,半導體業,104.5,45,低檔觀察型,64.12,46.31,7.7,-27.43,37.8,15.47,12.22,1.22,股價距離52週高點有修復空間、潛在反彈空間較大、均線糾結，可能處於整理蓄勢,股價已明顯高於季線，低估性下降,2026-10-08 16:44:20
1328,6277,6277.TW,宏正,電腦及週邊設備業,78.0999984741211,45,防守修復型,50.33,17.87,1.42,-10.74,12.04,-0.72,3.2,0.58,RSI位於低檔整理區、均線糾結，可能處於整理蓄勢、股價已脫離52週低點,仍需觀察技術面是否轉強,2026-10-08 16:44:20
1329,00758BO,00758B.TWO,復華能源債,nan,47.790000915527344,45,防守修復型,23.31,9.52,3.53,-9.75,10.8,-5.09,-6.33,1.06,均線糾結，可能處於整理蓄勢、波動相對可控、成交量尚未明顯枯竭,RSI過低，短線賣壓仍重、仍低於中長期均線，需耐心等待,2026-10-08 16:44:20
1330,00791BO,00791B.TWO,復華信用債1-5,nan,56.25,45,防守修復型,44.79,5.09,1.23,-3.43,3.56,-1.23,-1.0,0.98,RSI位於低檔整理區、均線糾結，可能處於整理蓄勢、波動相對可控,仍低於中長期均線，需耐心等待,2026-10-08 16:44:20
1331,00943,00943.TW,兆豐電子高息等權,nan,21.350000381469727,45,防守修復型,56.79,9.94,1.2,-8.64,9.46,0.33,2.03,6.8,均線糾結，可能處於整理蓄勢、股價已脫離52週低點、波動相對可控,仍需觀察技術面是否轉強,2026-10-08 16:44:20
1332,00932,00932.TW,兆豐永續高息等權,nan,17.6299991607666,45,防守修復型,59.51,7.45,0.71,-2.92,3.01,1.35,2.72,1.37,均線糾結，可能處於整理蓄勢、股價已脫離52週低點、波動相對可控,仍需觀察技術面是否轉強,2026-10-08 16:44:20
1333,00934,00934.TW,中信成長高股息,nan,30.170000076293945,45,防守修復型,59.96,10.43,3.94,-2.11,2.15,4.89,9.16,1.87,均線糾結，可能處於整理蓄勢、股價已脫離52週低點、波動相對可控,仍需觀察技術面是否轉強,2026-10-08 16:44:20
1334,2838,2838.TW,聯邦銀,金融保險業,20.5,45,防守修復型,44.53,20.01,1.95,-12.02,13.67,-0.61,0.53,0.46,RSI位於低檔整理區、均線糾結，可能處於整理蓄勢、股價已脫離52週低點,仍需觀察技術面是否轉強,2026-10-08 16:44:20
1335,2762,2762.TW,世界健身-KY,運動休閒,77.69999694824219,45,防守修復型,31.02,8.94,4.92,-13.57,15.7,-5.97,-5.02,0.28,均線糾結，可能處於整理蓄勢、股價已脫離52週低點、波動相對可控,仍低於中長期均線，需耐心等待,2026-10-08 16:44:20
1336,1904,1904.TW,正隆,造紙工業,25.25,45,防守修復型,57.67,29.68,3.31,-1.94,1.98,6.06,14.37,1.35,均線糾結，可能處於整理蓄勢、股價已脫離52週低點、波動相對可控,仍需觀察技術面是否轉強,2026-10-08 16:44:20
1337,2006,2006.TW,東和鋼鐵,鋼鐵工業,85.9000015258789,45,低檔觀察型,56.38,31.54,6.32,-2.94,3.03,6.61,15.83,1.02,均線糾結，可能處於整理蓄勢、股價已脫離52週低點、波動相對可控,仍需觀察技術面是否轉強,2026-10-08 16:44:20
1338,6186O,6186.TWO,新潤,建材營造業,28.950000762939453,45,防守修復型,27.63,14.5,18.87,-51.75,107.25,-16.12,-23.13,0.38,潛在反彈空間較大、波動相對可控、股價低於季線，具修復空間,跌幅過深，需留意基本面是否惡化、RSI過低，短線賣壓仍重,2026-10-08 16:44:20
1339,6914,6914.TW,阜爾運通,其他業,119.0,45,防守修復型,41.56,9.53,1.74,-7.87,8.54,-2.0,-1.35,1.02,RSI位於低檔整理區、均線糾結，可能處於整理蓄勢、波動相對可控,仍低於中長期均線，需耐心等待,2026-10-08 16:44:20
1340,6916,6916.TW,華凌,光電業,19.0,45,防守修復型,56.68,22.23,0.83,-14.8,17.37,1.74,-0.1,1.28,均線糾結，可能處於整理蓄勢、股價已脫離52週低點、波動相對可控,仍低於中長期均線，需耐心等待,2026-10-08 16:44:20
1341,00957BO,00957B.TWO,兆豐US優選投等債,nan,12.329999923706055,45,防守修復型,24.83,10.11,3.73,-12.24,13.95,-5.2,-6.95,0.56,均線糾結，可能處於整理蓄勢、波動相對可控、股價低於季線，具修復空間,RSI過低，短線賣壓仍重、仍低於中長期均線，需耐心等待,2026-10-08 16:44:20
1342,6150O,6150.TWO,撼訊,電腦及週邊設備業,65.0,45,低檔觀察型,56.84,46.64,6.63,-22.34,28.77,8.15,4.76,0.43,股價距離52週高點有修復空間、潛在反彈空間較大、均線糾結，可能處於整理蓄勢,仍需觀察技術面是否轉強,2026-10-08 16:44:20
1343,00962,00962.TW,台新AI優息動能,nan,15.359999656677246,45,防守修復型,58.4,16.11,1.26,-6.23,6.64,2.86,5.92,1.28,均線糾結，可能處於整理蓄勢、股價已脫離52週低點、波動相對可控,仍需觀察技術面是否轉強,2026-10-08 16:44:20
1344,6581,6581.TW,鋼聯,綠能環保,108.0,45,防守修復型,44.63,14.69,0.83,-4.42,4.63,-0.56,-0.23,2.84,RSI位於低檔整理區、均線糾結，可能處於整理蓄勢、波動相對可控,仍低於中長期均線，需耐心等待,2026-10-08 16:44:20
1345,6531,6531.TW,愛普*,半導體業,1000.0,45,低檔觀察型,54.59,73.97,8.56,-15.97,19.0,11.77,8.03,0.78,股價距離52週高點有修復空間、RSI位於低檔整理區、股價已脫離52週低點,波動過高，風險較大,2026-10-08 16:44:20
1346,7810O,7810.TWO,捷創科技,半導體業,248.5,45,低檔觀察型,69.74,38.7,10.93,-26.48,36.02,18.36,15.72,0.93,股價距離52週高點有修復空間、潛在反彈空間較大、股價已脫離52週低點,股價已明顯高於季線，低估性下降,2026-10-08 16:44:20
1347,6789,6789.TW,采鈺,半導體業,485.5,45,低檔觀察型,58.24,38.81,4.89,-20.54,25.85,6.14,-1.89,0.68,股價距離52週高點有修復空間、潛在反彈空間較大、均線糾結，可能處於整理蓄勢,仍低於中長期均線，需耐心等待,2026-10-08 16:44:20
1348,00959BO,00959B.TWO,大華投等美債15Y+,nan,8.609999656677246,45,防守修復型,23.39,10.18,3.79,-10.78,12.08,-5.63,-7.01,0.73,均線糾結，可能處於整理蓄勢、波動相對可控、股價低於季線，具修復空間,RSI過低，短線賣壓仍重、仍低於中長期均線，需耐心等待,2026-10-08 16:44:20
1349,2321,2321.TW,東訊,通信網路業,25.5,45,低檔觀察型,46.95,68.06,8.59,-27.74,38.4,-5.84,-1.59,0.0,股價距離52週高點有修復空間、潛在反彈空間較大、RSI位於低檔整理區,波動過高，風險較大、仍低於中長期均線，需耐心等待,2026-10-08 16:44:20
1350,00862BO,00862B.TWO,中信投資級公司債,nan,28.90999984741211,45,防守修復型,24.96,10.88,4.31,-12.05,13.7,-5.65,-7.39,0.57,均線糾結，可能處於整理蓄勢、波動相對可控、股價低於季線，具修復空間,RSI過低，短線賣壓仍重、仍低於中長期均線，需耐心等待,2026-10-08 16:44:20
1351,5210O,5210.TWO,寶碩,資訊服務業,29.850000381469727,45,防守修復型,54.53,26.06,3.13,-10.23,11.39,2.51,4.73,0.49,RSI位於低檔整理區、均線糾結，可能處於整理蓄勢、股價已脫離52週低點,仍需觀察技術面是否轉強,2026-10-08 16:44:20
1352,00859BO,00859B.TWO,群益0-1年美債,nan,40.689998626708984,45,防守修復型,45.64,6.57,1.22,-3.17,3.27,-1.09,-0.83,1.06,RSI位於低檔整理區、均線糾結，可能處於整理蓄勢、波動相對可控,仍低於中長期均線，需耐心等待,2026-10-08 16:44:20
1353,00860BO,00860B.TWO,群益1-5Y投資級債,nan,37.7400016784668,45,防守修復型,46.55,3.51,1.36,-3.33,3.44,-1.24,-1.02,1.01,RSI位於低檔整理區、均線糾結，可能處於整理蓄勢、波動相對可控,仍低於中長期均線，需耐心等待,2026-10-08 16:44:20
1354,00942BO,00942B.TWO,台新美A公司債20+,nan,13.039999961853027,45,防守修復型,25.17,10.98,3.93,-12.01,13.65,-5.42,-7.3,0.71,均線糾結，可能處於整理蓄勢、波動相對可控、股價低於季線，具修復空間,RSI過低，短線賣壓仍重、仍低於中長期均線，需耐心等待,2026-10-08 16:44:20
1355,5211O,5211.TWO,蒙恬,資訊服務業,20.850000381469727,45,低檔觀察型,56.8,43.56,3.78,-33.49,50.36,5.1,4.18,0.52,股價距離52週高點有修復空間、潛在反彈空間較大、均線糾結，可能處於整理蓄勢,仍需觀察技術面是否轉強,2026-10-08 16:44:20
1356,1451,1451.TW,年興,紡織纖維,17.0,45,防守修復型,41.5,8.14,1.49,-9.09,10.0,-1.61,-0.42,0.89,RSI位於低檔整理區、均線糾結，可能處於整理蓄勢、波動相對可控,仍低於中長期均線，需耐心等待,2026-10-08 16:44:20
1357,5201O,5201.TWO,凱衛,資訊服務業,27.299999237060547,45,低檔觀察型,41.77,36.31,5.98,-44.17,79.12,-0.22,-3.36,0.46,股價距離52週高點有修復空間、潛在反彈空間較大、RSI位於低檔整理區,仍低於中長期均線，需耐心等待,2026-10-08 16:44:20
1358,6577O,6577.TWO,勁豐,電腦及週邊設備業,80.5,45,防守修復型,53.31,12.67,0.71,-14.72,17.27,0.47,1.4,0.34,RSI位於低檔整理區、均線糾結，可能處於整理蓄勢、股價已脫離52週低點,仍需觀察技術面是否轉強,2026-10-08 16:44:20
1359,00933BO,00933B.TWO,國泰10Y+金融債,nan,14.829999923706055,45,防守修復型,21.92,7.96,3.92,-10.77,12.07,-5.03,-6.29,0.71,均線糾結，可能處於整理蓄勢、波動相對可控、股價低於季線，具修復空間,RSI過低，短線賣壓仍重、仍低於中長期均線，需耐心等待,2026-10-08 16:44:20
1360,00870BO,00870B.TWO,元大15年EM主權債,nan,26.010000228881836,45,防守修復型,30.33,12.7,4.23,-12.04,13.69,-5.3,-7.0,1.37,均線糾結，可能處於整理蓄勢、波動相對可控、成交量尚未明顯枯竭,仍低於中長期均線，需耐心等待,2026-10-08 16:44:20
1361,4931O,4931.TWO,新盛力,電腦及週邊設備業,252.5,45,低檔觀察型,54.48,41.0,5.08,-9.82,10.89,7.37,12.22,1.47,RSI位於低檔整理區、均線糾結，可能處於整理蓄勢、股價已脫離52週低點,仍需觀察技術面是否轉強,2026-10-08 16:44:20
1362,3481,3481.TW,群創,光電業,52.5,45,低檔觀察型,56.98,51.53,4.08,-25.95,35.05,6.35,9.06,0.47,股價距離52週高點有修復空間、潛在反彈空間較大、均線糾結，可能處於整理蓄勢,仍需觀察技術面是否轉強,2026-10-08 16:44:20
1363,5324O,5324.TWO,士開,建材營造業,12.550000190734863,45,防守修復型,59.96,16.11,1.72,-1.57,1.59,2.46,4.71,1.32,均線糾結，可能處於整理蓄勢、股價已脫離52週低點、波動相對可控,仍需觀察技術面是否轉強,2026-10-08 16:44:20
1364,5312O,5312.TWO,寶島科,生技醫療業,89.4000015258789,45,防守修復型,39.73,7.41,0.77,-14.86,17.45,-1.33,-3.45,0.71,RSI位於低檔整理區、均線糾結，可能處於整理蓄勢、波動相對可控,仍低於中長期均線，需耐心等待,2026-10-08 16:44:20
1365,5340O,5340.TWO,建榮,電子零組件業,90.0,45,低檔觀察型,65.91,36.64,6.54,-32.84,48.89,16.13,0.89,2.73,股價距離52週高點有修復空間、潛在反彈空間較大、均線糾結，可能處於整理蓄勢,股價已明顯高於季線，低估性下降,2026-10-08 16:44:20
1366,2706,2706.TW,第一店,觀光餐旅,12.100000381469727,45,防守修復型,39.92,11.62,2.59,-8.33,9.09,-2.68,-2.25,0.86,RSI位於低檔整理區、均線糾結，可能處於整理蓄勢、波動相對可控,仍低於中長期均線，需耐心等待,2026-10-08 16:44:20
1367,00984BO,00984B.TWO,大華優利美A債15,nan,14.949999809265137,45,防守修復型,24.37,10.42,3.68,-12.37,14.11,-5.52,-7.14,0.44,均線糾結，可能處於整理蓄勢、波動相對可控、股價低於季線，具修復空間,RSI過低，短線賣壓仍重、仍低於中長期均線，需耐心等待,2026-10-08 16:44:20
1368,00983BO,00983B.TWO,大華優利美公債20,nan,14.180000305175781,45,防守修復型,22.19,10.81,4.45,-14.58,17.07,-6.51,-7.98,0.66,均線糾結，可能處於整理蓄勢、波動相對可控、股價低於季線，具修復空間,RSI過低，短線賣壓仍重、仍低於中長期均線，需耐心等待,2026-10-08 16:44:20
1369,6831,6831.TW,邁科,電腦及週邊設備業,488.0,45,低檔觀察型,38.13,42.81,18.13,-48.95,95.9,-15.9,-24.06,0.66,潛在反彈空間較大、RSI位於低檔整理區、股價已脫離52週低點,跌幅過深，需留意基本面是否惡化、仍低於中長期均線，需耐心等待,2026-10-08 16:44:20
1370,00863BO,00863B.TWO,中信全球電信債,nan,29.15999984741211,45,防守修復型,25.48,10.47,4.22,-12.59,14.4,-5.37,-7.38,0.58,均線糾結，可能處於整理蓄勢、波動相對可控、股價低於季線，具修復空間,RSI過低，短線賣壓仍重、仍低於中長期均線，需耐心等待,2026-10-08 16:44:20
1371,3130,3130.TW,一零四,數位雲端,207.5,45,防守修復型,40.11,4.6,0.5,-9.39,10.36,-0.15,-3.41,1.03,RSI位於低檔整理區、均線糾結，可能處於整理蓄勢、波動相對可控,仍低於中長期均線，需耐心等待,2026-10-08 16:44:20
1372,00982BO,00982B.TWO,FT投資級債20+,nan,9.010000228881836,45,防守修復型,23.59,9.13,3.78,-11.32,12.76,-5.02,-6.86,0.08,均線糾結，可能處於整理蓄勢、波動相對可控、股價低於季線，具修復空間,RSI過低，短線賣壓仍重、仍低於中長期均線，需耐心等待,2026-10-08 16:44:20
1373,00980BO,00980B.TWO,台新特選IG債10+,nan,8.729999542236328,45,防守修復型,24.87,9.29,3.62,-10.37,11.57,-5.07,-6.57,0.56,均線糾結，可能處於整理蓄勢、波動相對可控、股價低於季線，具修復空間,RSI過低，短線賣壓仍重、仍低於中長期均線，需耐心等待,2026-10-08 16:44:20
1374,4207O,4207.TWO,環泰,食品工業,19.299999237060547,45,防守修復型,37.53,12.99,2.94,-8.96,9.84,-3.46,-1.0,0.72,RSI位於低檔整理區、均線糾結，可能處於整理蓄勢、股價已脫離52週低點,仍低於中長期均線，需耐心等待,2026-10-08 16:44:20
1375,1240O,1240.TWO,茂生農經,農業科技業,53.900001525878906,45,防守修復型,41.17,12.69,1.7,-9.45,10.43,0.03,-1.4,3.81,RSI位於低檔整理區、均線糾結，可能處於整理蓄勢、波動相對可控,仍低於中長期均線，需耐心等待,2026-10-08 16:44:20
1376,1593O,1593.TWO,祺驊,運動休閒,31.549999237060547,45,防守修復型,48.61,9.1,1.54,-10.75,12.04,1.07,0.91,0.61,RSI位於低檔整理區、均線糾結，可能處於整理蓄勢、股價已脫離52週低點,仍需觀察技術面是否轉強,2026-10-08 16:44:20
1377,4114O,4114.TWO,健喬,生技醫療業,29.200000762939453,45,防守修復型,42.44,9.81,1.05,-7.94,8.62,-1.57,-0.05,0.81,RSI位於低檔整理區、均線糾結，可能處於整理蓄勢、波動相對可控,仍低於中長期均線，需耐心等待,2026-10-08 16:44:20
1378,6130O,6130.TWO,上亞科技,生技醫療業,22.850000381469727,45,低檔觀察型,32.14,30.42,8.93,-51.64,106.78,-10.08,-7.34,0.18,潛在反彈空間較大、波動相對可控、股價低於季線，具修復空間,跌幅過深，需留意基本面是否惡化、仍低於中長期均線，需耐心等待,2026-10-08 16:44:20
1379,5356O,5356.TWO,協益,電腦及週邊設備業,25.899999618530273,45,防守修復型,51.91,9.6,1.43,-9.76,10.81,1.56,-1.48,1.0,RSI位於低檔整理區、均線糾結，可能處於整理蓄勢、波動相對可控,仍低於中長期均線，需耐心等待,2026-10-08 16:44:20
1380,6126O,6126.TWO,信音,電子零組件業,32.400001525878906,45,低檔觀察型,63.13,38.85,3.12,-24.65,32.72,6.51,-2.17,0.58,股價距離52週高點有修復空間、潛在反彈空間較大、均線糾結，可能處於整理蓄勢,仍低於中長期均線，需耐心等待,2026-10-08 16:44:20
1381,00719BO,00719B.TWO,元大美債1-3,nan,31.020000457763672,45,防守修復型,50.14,4.24,0.86,-2.3,2.35,-0.61,-0.26,0.92,RSI位於低檔整理區、均線糾結，可能處於整理蓄勢、波動相對可控,仍低於中長期均線，需耐心等待,2026-10-08 16:44:20
1382,1437,1437.TW,勤益控,其他業,31.200000762939453,45,防守修復型,36.96,13.86,1.69,-10.34,11.54,-1.06,2.29,0.47,RSI位於低檔整理區、均線糾結，可能處於整理蓄勢、股價已脫離52週低點,仍需觀察技術面是否轉強,2026-10-08 16:44:20
1383,00751BO,00751B.TWO,元大AAA至A公司債,nan,28.540000915527344,45,防守修復型,23.19,11.57,4.62,-13.7,15.87,-6.05,-8.08,0.61,均線糾結，可能處於整理蓄勢、波動相對可控、股價低於季線，具修復空間,RSI過低，短線賣壓仍重、仍低於中長期均線，需耐心等待,2026-10-08 16:44:20
1384,6113O,6113.TWO,亞矽,電子通路業,23.649999618530273,45,低檔觀察型,55.21,41.42,2.09,-20.77,26.22,2.79,-2.85,0.38,股價距離52週高點有修復空間、潛在反彈空間較大、均線糾結，可能處於整理蓄勢,仍低於中長期均線，需耐心等待,2026-10-08 16:44:20
1385,4976,4976.TW,佳凌,光電業,37.599998474121094,45,低檔觀察型,55.47,30.34,0.37,-14.35,16.76,3.29,7.37,0.73,均線糾結，可能處於整理蓄勢、股價已脫離52週低點、波動相對可控,仍需觀察技術面是否轉強,2026-10-08 16:44:20
1386,2109,2109.TW,華豐,橡膠工業,14.350000381469727,45,防守修復型,39.36,17.54,0.95,-8.31,9.06,-1.95,-1.05,1.52,RSI位於低檔整理區、均線糾結，可能處於整理蓄勢、波動相對可控,仍低於中長期均線，需耐心等待,2026-10-08 16:44:20
1387,3563,3563.TW,牧德,光電業,740.0,45,低檔觀察型,54.55,50.3,10.45,-22.68,29.32,8.2,-0.48,0.79,股價距離52週高點有修復空間、潛在反彈空間較大、RSI位於低檔整理區,仍低於中長期均線，需耐心等待,2026-10-08 16:44:20
1388,3576,3576.TW,聯合再生,光電業,18.600000381469727,45,低檔觀察型,56.25,55.37,5.49,-30.34,43.55,6.45,6.87,0.45,股價距離52週高點有修復空間、潛在反彈空間較大、均線糾結，可能處於整理蓄勢,仍需觀察技術面是否轉強,2026-10-08 16:44:20
1389,2108,2108.TW,南帝,橡膠工業,29.75,45,防守修復型,57.78,29.05,0.87,-7.47,8.07,3.04,4.57,2.42,均線糾結，可能處於整理蓄勢、股價已脫離52週低點、波動相對可控,仍需觀察技術面是否轉強,2026-10-08 16:44:20
1390,1102,1102.TW,亞泥,水泥工業,35.900001525878906,45,防守修復型,59.3,13.34,3.8,-7.95,8.64,4.87,3.69,0.8,均線糾結，可能處於整理蓄勢、股價已脫離52週低點、波動相對可控,仍需觀察技術面是否轉強,2026-10-08 16:44:20
1391,1323,1323.TW,永裕,塑膠工業,21.5,45,防守修復型,54.77,12.78,2.09,-12.78,14.65,2.6,4.79,0.55,RSI位於低檔整理區、均線糾結，可能處於整理蓄勢、股價已脫離52週低點,仍需觀察技術面是否轉強,2026-10-08 16:44:20
1392,1217,1217.TW,愛之味,食品工業,9.890000343322754,45,防守修復型,43.62,5.78,0.25,-8.0,8.7,-0.54,-0.03,1.09,RSI位於低檔整理區、均線糾結，可能處於整理蓄勢、波動相對可控,仍低於中長期均線，需耐心等待,2026-10-08 16:44:20
1393,1103,1103.TW,嘉泥,水泥工業,13.149999618530273,45,防守修復型,50.21,13.53,0.67,-8.04,8.75,-0.42,-1.3,1.08,RSI位於低檔整理區、均線糾結，可能處於整理蓄勢、波動相對可控,仍低於中長期均線，需耐心等待,2026-10-08 16:44:20
1394,1236,1236.TW,宏亞,食品工業,25.799999237060547,45,防守修復型,58.26,8.04,2.2,-8.35,9.11,2.81,2.4,0.81,均線糾結，可能處於整理蓄勢、股價已脫離52週低點、波動相對可控,仍需觀察技術面是否轉強,2026-10-08 16:44:20
1395,8096O,8096.TWO,擎亞,電子通路業,90.0999984741211,45,低檔觀察型,41.36,46.96,25.34,-46.84,88.12,-18.35,-23.02,0.42,潛在反彈空間較大、RSI位於低檔整理區、股價已脫離52週低點,跌幅過深，需留意基本面是否惡化、仍低於中長期均線，需耐心等待,2026-10-08 16:44:20
1396,6116,6116.TW,彩晶,光電業,15.5,45,低檔觀察型,55.92,55.06,7.63,-31.72,46.45,8.15,8.8,0.44,股價距離52週高點有修復空間、潛在反彈空間較大、均線糾結，可能處於整理蓄勢,仍需觀察技術面是否轉強,2026-10-08 16:44:20
1397,4961,4961.TW,天鈺,半導體業,179.0,45,低檔觀察型,51.93,39.68,7.68,-3.76,3.91,6.19,6.35,1.02,RSI位於低檔整理區、均線糾結，可能處於整理蓄勢、股價已脫離52週低點,仍需觀察技術面是否轉強,2026-10-08 16:44:20
1398,4906,4906.TW,正文,通信網路業,42.20000076293945,45,低檔觀察型,63.73,43.22,10.37,-20.97,26.54,16.29,8.55,1.7,股價距離52週高點有修復空間、潛在反彈空間較大、股價已脫離52週低點,股價已明顯高於季線，低估性下降,2026-10-08 16:44:20
1399,4904,4904.TW,遠傳,通信網路業,106.0,45,防守修復型,56.04,15.45,2.01,-5.78,6.13,2.72,4.41,0.84,均線糾結，可能處於整理蓄勢、股價已脫離52週低點、波動相對可控,仍需觀察技術面是否轉強,2026-10-08 16:44:20
1400,1402,1402.TW,遠東新,紡織纖維,28.600000381469727,45,防守修復型,55.83,19.74,0.61,-5.77,6.12,2.39,4.11,1.07,均線糾結，可能處於整理蓄勢、股價已脫離52週低點、波動相對可控,仍需觀察技術面是否轉強,2026-10-08 16:44:20
1401,1472,1472.TW,三洋實業,建材營造業,89.0,45,防守修復型,54.21,12.13,0.69,-8.25,8.99,0.35,-0.42,0.98,RSI位於低檔整理區、均線糾結，可能處於整理蓄勢、波動相對可控,仍低於中長期均線，需耐心等待,2026-10-08 16:44:20
1402,4119,4119.TW,旭富,生技醫療業,53.599998474121094,45,低檔觀察型,40.16,33.73,6.74,-10.52,11.75,0.97,10.35,0.42,RSI位於低檔整理區、均線糾結，可能處於整理蓄勢、股價已脫離52週低點,仍需觀察技術面是否轉強,2026-10-08 16:44:20
1403,00741BO,00741B.TWO,富邦全球非投等債,nan,36.70000076293945,45,防守修復型,37.93,3.89,1.63,-3.88,4.03,-1.76,-1.68,1.05,RSI位於低檔整理區、均線糾結，可能處於整理蓄勢、波動相對可控,仍低於中長期均線，需耐心等待,2026-10-08 16:44:20
1404,1339,1339.TW,昭輝,汽車工業,42.45000076293945,45,防守修復型,43.93,12.16,3.28,-8.71,9.54,-3.34,-2.04,0.84,RSI位於低檔整理區、均線糾結，可能處於整理蓄勢、波動相對可控,仍低於中長期均線，需耐心等待,2026-10-08 16:44:20
1405,1338,1338.TW,廣華-KY,汽車工業,15.050000190734863,45,防守修復型,55.3,28.28,2.16,-31.44,45.85,0.27,-4.51,0.26,股價距離52週高點有修復空間、潛在反彈空間較大、均線糾結，可能處於整理蓄勢,仍低於中長期均線，需耐心等待,2026-10-08 16:44:20
1406,4736,4736.TW,泰博,生技醫療業,131.5,45,防守修復型,59.21,16.49,4.27,-1.5,1.52,5.63,10.64,1.34,均線糾結，可能處於整理蓄勢、股價已脫離52週低點、波動相對可控,仍需觀察技術面是否轉強,2026-10-08 16:44:20
1407,1711,1711.TW,永光,化學工業,45.45000076293945,45,低檔觀察型,62.6,56.47,5.9,-26.69,36.41,15.76,2.77,6.67,股價距離52週高點有修復空間、潛在反彈空間較大、均線糾結，可能處於整理蓄勢,股價已明顯高於季線，低估性下降,2026-10-08 16:44:20
1408,5609O,5609.TWO,中菲行,航運業,78.69999694824219,45,防守修復型,54.27,6.47,0.25,-6.2,6.61,0.34,-0.33,1.75,RSI位於低檔整理區、均線糾結，可能處於整理蓄勢、波動相對可控,仍低於中長期均線，需耐心等待,2026-10-08 16:44:20
1409,2634,2634.TW,漢翔,航運業,63.599998474121094,45,防守修復型,47.02,28.24,1.69,-13.23,15.25,-2.04,11.18,0.59,RSI位於低檔整理區、均線糾結，可能處於整理蓄勢、股價已脫離52週低點,仍需觀察技術面是否轉強,2026-10-08 16:44:20
1410,5487O,5487.TWO,通泰,半導體業,29.850000381469727,45,防守修復型,56.8,25.93,0.85,-4.33,4.52,3.03,4.43,2.59,均線糾結，可能處於整理蓄勢、股價已脫離52週低點、波動相對可控,仍需觀察技術面是否轉強,2026-10-08 16:44:20
1411,4526,4526.TW,東台,電機機械,33.45000076293945,45,低檔觀察型,58.43,36.93,5.67,-25.17,33.63,7.37,-3.82,0.45,股價距離52週高點有修復空間、潛在反彈空間較大、均線糾結，可能處於整理蓄勢,仍低於中長期均線，需耐心等待,2026-10-08 16:44:20
1412,2516,2516.TW,新建,建材營造業,15.050000190734863,45,低檔觀察型,56.27,33.56,4.7,-5.05,5.32,5.33,9.44,1.16,均線糾結，可能處於整理蓄勢、股價已脫離52週低點、波動相對可控,仍需觀察技術面是否轉強,2026-10-08 16:44:20
1413,6875O,6875.TWO,國邑*,生技醫療業,27.049999237060547,45,低檔觀察型,24.18,56.16,9.6,-55.51,124.77,-17.6,-22.25,1.06,潛在反彈空間較大、成交量尚未明顯枯竭、股價低於季線，具修復空間,跌幅過深，需留意基本面是否惡化、RSI過低，短線賣壓仍重,2026-10-08 16:44:20
1414,6482O,6482.TWO,弘煜科,文化創意業,23.299999237060547,45,防守修復型,34.67,20.22,10.85,-47.64,90.99,-10.79,-15.78,0.75,潛在反彈空間較大、波動相對可控、股價低於季線，具修復空間,跌幅過深，需留意基本面是否惡化、仍低於中長期均線，需耐心等待,2026-10-08 16:44:20
1415,6423O,6423.TWO,億而得,半導體業,87.0999984741211,45,低檔觀察型,53.2,51.16,10.72,-30.6,44.09,9.65,-0.76,0.75,股價距離52週高點有修復空間、潛在反彈空間較大、RSI位於低檔整理區,仍低於中長期均線，需耐心等待,2026-10-08 16:44:20
1416,00736,00736.TW,國泰新興市場,nan,32.0,45,防守修復型,57.93,8.79,0.66,-0.19,0.19,1.4,2.98,1.11,均線糾結，可能處於整理蓄勢、股價已脫離52週低點、波動相對可控,仍需觀察技術面是否轉強,2026-10-08 16:44:20
1417,1720,1720.TW,生達,生技醫療業,56.099998474121094,45,防守修復型,48.47,4.72,0.97,-5.93,6.3,-0.88,-0.88,0.72,RSI位於低檔整理區、均線糾結，可能處於整理蓄勢、股價已脫離52週低點,仍低於中長期均線，需耐心等待,2026-10-08 16:44:20
1418,0061,0061.TW,元大寶滬深,nan,23.030000686645508,45,防守修復型,31.69,13.64,3.55,-10.98,12.33,-5.5,-6.52,1.66,均線糾結，可能處於整理蓄勢、波動相對可控、成交量尚未明顯枯竭,仍低於中長期均線，需耐心等待,2026-10-08 16:44:20
1419,2065O,2065.TWO,世豐,鋼鐵工業,35.70000076293945,45,防守修復型,55.07,11.95,2.3,-4.8,5.04,3.13,6.02,1.71,均線糾結，可能處於整理蓄勢、股價已脫離52週低點、波動相對可控,仍需觀察技術面是否轉強,2026-10-08 16:44:20
1420,2067O,2067.TWO,嘉鋼,電機機械,6.399139881134033,45,低檔觀察型,38.76,46.87,13.33,-59.32,145.83,-14.72,-22.46,0.0,潛在反彈空間較大、RSI位於低檔整理區、股價低於季線，具修復空間,跌幅過深，需留意基本面是否惡化、仍低於中長期均線，需耐心等待,2026-10-08 16:44:20
1421,8342O,8342.TWO,益張,其他業,82.0,45,防守修復型,34.72,20.3,4.25,-12.77,14.63,-5.67,-7.24,1.73,均線糾結，可能處於整理蓄勢、波動相對可控、成交量尚未明顯枯竭,仍低於中長期均線，需耐心等待,2026-10-08 16:44:20
1422,1730,1730.TW,花仙子,化學工業,51.099998474121094,45,防守修復型,41.78,4.15,0.31,-5.02,5.28,-0.5,-1.75,1.25,RSI位於低檔整理區、均線糾結，可能處於整理蓄勢、波動相對可控,仍低於中長期均線，需耐心等待,2026-10-08 16:44:20
1423,1731,1731.TW,美吾華,生技醫療業,20.950000762939453,45,防守修復型,53.65,6.42,0.33,-5.63,5.97,0.62,-0.94,1.52,RSI位於低檔整理區、均線糾結，可能處於整理蓄勢、波動相對可控,仍低於中長期均線，需耐心等待,2026-10-08 16:44:20
1424,2637,2637.TW,慧洋-KY,航運業,96.80000305175781,45,低檔觀察型,48.89,40.78,7.89,-5.56,5.89,5.46,15.67,0.88,RSI位於低檔整理區、均線糾結，可能處於整理蓄勢、股價已脫離52週低點,仍需觀察技術面是否轉強,2026-10-08 16:44:20
1425,00714,00714.TW,群益道瓊美國地產,nan,20.079999923706055,45,防守修復型,18.33,7.97,6.41,-13.22,15.24,-8.18,-7.6,0.41,均線糾結，可能處於整理蓄勢、波動相對可控、股價低於季線，具修復空間,RSI過低，短線賣壓仍重、仍低於中長期均線，需耐心等待,2026-10-08 16:44:20
1426,3025,3025.TW,星通,通信網路業,58.5,45,低檔觀察型,64.66,45.86,3.44,-25.76,34.7,7.66,-3.23,3.18,股價距離52週高點有修復空間、潛在反彈空間較大、均線糾結，可能處於整理蓄勢,仍低於中長期均線，需耐心等待,2026-10-08 16:44:20
1427,4506O,4506.TWO,崇友,電機機械,118.0,45,防守修復型,37.95,6.63,2.69,-7.81,8.47,-2.54,-1.68,1.63,RSI位於低檔整理區、均線糾結，可能處於整理蓄勢、波動相對可控,仍低於中長期均線，需耐心等待,2026-10-08 16:44:20
1428,7584O,7584.TWO,樂意,文化創意業,29.600000381469727,45,低檔觀察型,63.66,43.25,6.87,-43.37,76.59,11.92,8.7,0.22,股價距離52週高點有修復空間、潛在反彈空間較大、均線糾結，可能處於整理蓄勢,仍需觀察技術面是否轉強,2026-10-08 16:44:20
1429,1786,1786.TW,科妍,生技醫療業,41.45000076293945,45,防守修復型,33.66,27.57,12.09,-56.96,132.33,-12.64,-20.19,0.72,潛在反彈空間較大、波動相對可控、股價低於季線，具修復空間,跌幅過深，需留意基本面是否惡化、仍低於中長期均線，需耐心等待,2026-10-08 16:44:20
1430,6988,6988.TW,威力暘-創,汽車工業,12.850000381469727,45,低檔觀察型,66.39,39.44,2.0,-38.81,63.42,5.57,-3.99,1.9,股價距離52週高點有修復空間、潛在反彈空間較大、均線糾結，可能處於整理蓄勢,仍低於中長期均線，需耐心等待,2026-10-08 16:44:20
1431,00882,00882.TW,中信中國高股息,nan,14.75,45,防守修復型,41.95,5.66,1.12,-9.62,10.64,-1.43,-3.49,0.98,RSI位於低檔整理區、均線糾結，可能處於整理蓄勢、波動相對可控,仍低於中長期均線，需耐心等待,2026-10-08 16:44:20
1432,1537,1537.TW,廣隆,電機機械,113.0,45,防守修復型,29.92,11.82,5.57,-12.06,13.72,-6.45,-8.19,0.79,均線糾結，可能處於整理蓄勢、波動相對可控、股價低於季線，具修復空間,RSI過低，短線賣壓仍重、仍低於中長期均線，需耐心等待,2026-10-08 16:44:20
1433,1516,1516.TW,川飛,其他業,13.600000381469727,45,低檔觀察型,45.75,46.94,10.28,-46.67,87.5,-8.07,-22.98,0.66,潛在反彈空間較大、RSI位於低檔整理區、股價低於季線，具修復空間,跌幅過深，需留意基本面是否惡化、仍低於中長期均線，需耐心等待,2026-10-08 16:44:20
1434,2850,2850.TW,新產,金融保險業,163.5,45,防守修復型,58.74,21.79,1.11,-2.97,3.06,3.55,10.49,1.1,均線糾結，可能處於整理蓄勢、股價已脫離52週低點、波動相對可控,仍需觀察技術面是否轉強,2026-10-08 16:44:20
1435,2609,2609.TW,陽明,航運業,59.099998474121094,45,防守修復型,51.53,25.03,6.22,-10.45,11.68,5.94,10.56,0.36,RSI位於低檔整理區、均線糾結，可能處於整理蓄勢、股價已脫離52週低點,仍需觀察技術面是否轉強,2026-10-08 16:44:20
1436,2882,2882.TW,國泰金,金融保險業,113.0,45,防守修復型,59.94,20.92,6.4,-2.16,2.21,8.35,16.68,1.13,均線糾結，可能處於整理蓄勢、股價已脫離52週低點、波動相對可控,仍需觀察技術面是否轉強,2026-10-08 16:44:20
1437,00989BO,00989B.TWO,台新美國非投等債,nan,9.859999656677246,45,防守修復型,35.55,5.08,2.22,-4.27,4.46,-2.29,-2.13,1.28,RSI位於低檔整理區、均線糾結，可能處於整理蓄勢、波動相對可控,仍低於中長期均線，需耐心等待,2026-10-08 16:44:20
1438,2419,2419.TW,仲琦,通信網路業,27.299999237060547,45,低檔觀察型,47.67,49.83,9.34,-27.68,38.28,4.66,-2.95,0.4,股價距離52週高點有修復空間、潛在反彈空間較大、RSI位於低檔整理區,仍低於中長期均線，需耐心等待,2026-10-08 16:44:20
1439,4127O,4127.TWO,天良,生技醫療業,42.900001525878906,45,低檔觀察型,23.05,58.28,57.11,-53.52,115.15,-39.6,-33.4,2.04,潛在反彈空間較大、股價已脫離52週低點、成交量尚未明顯枯竭,跌幅過深，需留意基本面是否惡化、RSI過低，短線賣壓仍重,2026-10-08 16:44:20
1440,6233O,6233.TWO,旺玖,半導體業,24.950000762939453,45,低檔觀察型,80.71,30.23,5.31,-18.06,22.04,15.88,5.41,3.38,股價距離52週高點有修復空間、均線糾結，可能處於整理蓄勢、股價已脫離52週低點,RSI偏高，不符合低檔潛伏、股價已明顯高於季線，低估性下降,2026-10-08 16:44:20
1441,8481,8481.TW,政伸,其他業,40.5,45,防守修復型,42.31,7.58,0.38,-8.68,9.51,-0.87,-1.37,1.45,RSI位於低檔整理區、均線糾結，可能處於整理蓄勢、波動相對可控,仍低於中長期均線，需耐心等待,2026-10-08 16:44:20
1442,2596O,2596.TWO,綠意,建材營造業,34.04999923706055,45,防守修復型,43.03,19.53,4.88,-13.8,16.01,1.93,7.79,0.22,RSI位於低檔整理區、均線糾結，可能處於整理蓄勢、股價已脫離52週低點,仍需觀察技術面是否轉強,2026-10-08 16:44:20
1443,4590,4590.TW,富田-創,電機機械,89.4000015258789,45,防守修復型,52.03,26.6,2.03,-11.04,12.42,1.95,8.17,0.58,RSI位於低檔整理區、均線糾結，可能處於整理蓄勢、股價已脫離52週低點,仍需觀察技術面是否轉強,2026-10-08 16:44:20
1444,9925,9925.TW,新保,其他業,39.400001525878906,45,防守修復型,41.38,4.02,1.3,-5.06,5.33,-1.61,-2.16,0.83,RSI位於低檔整理區、均線糾結，可能處於整理蓄勢、波動相對可控,仍低於中長期均線，需耐心等待,2026-10-08 16:44:20
1445,8411,8411.TW,福貞-KY,其他業,11.699999809265137,45,防守修復型,25.94,17.26,6.83,-12.03,13.68,-7.98,-5.97,0.5,均線糾結，可能處於整理蓄勢、波動相對可控、股價低於季線，具修復空間,RSI過低，短線賣壓仍重、仍低於中長期均線，需耐心等待,2026-10-08 16:44:20
1446,1521,1521.TW,大億,汽車工業,25.700000762939453,45,防守修復型,52.34,26.62,1.67,-13.47,15.56,0.96,0.42,0.48,RSI位於低檔整理區、均線糾結，可能處於整理蓄勢、股價已脫離52週低點,仍需觀察技術面是否轉強,2026-10-08 16:44:20
1447,2906,2906.TW,高林,貿易百貨業,13.300000190734863,45,防守修復型,40.33,14.63,1.43,-14.74,17.29,-2.1,0.19,0.42,RSI位於低檔整理區、均線糾結，可能處於整理蓄勢、股價已脫離52週低點,仍需觀察技術面是否轉強,2026-10-08 16:44:20
1448,2464,2464.TW,盟立,其他電子業,193.0,45,低檔觀察型,52.24,59.5,7.52,-13.06,15.03,8.68,19.83,1.01,RSI位於低檔整理區、均線糾結，可能處於整理蓄勢、股價已脫離52週低點,仍需觀察技術面是否轉強,2026-10-08 16:44:20
1449,3520O,3520.TWO,華盈,電子零組件業,17.799999237060547,45,防守修復型,55.64,23.43,0.72,-9.87,10.96,1.55,6.65,1.12,均線糾結，可能處於整理蓄勢、股價已脫離52週低點、波動相對可控,仍需觀察技術面是否轉強,2026-10-08 16:44:20
1450,9928,9928.TW,中視,其他業,17.850000381469727,45,防守修復型,49.15,10.42,1.41,-14.59,17.09,-0.88,-0.95,0.72,RSI位於低檔整理區、均線糾結，可能處於整理蓄勢、波動相對可控,仍低於中長期均線，需耐心等待,2026-10-08 16:44:20
1451,6294O,6294.TWO,智基,文化創意業,27.75,45,防守修復型,33.6,9.6,1.26,-44.44,80.0,-0.96,-4.06,0.23,股價距離52週高點有修復空間、潛在反彈空間較大、均線糾結，可能處於整理蓄勢,仍低於中長期均線，需耐心等待,2026-10-08 16:44:20
1452,2938O,2938.TWO,床的世界,居家生活,18.299999237060547,45,低檔觀察型,28.72,57.85,26.29,-37.01,58.74,-21.45,-22.32,0.46,股價距離52週高點有修復空間、潛在反彈空間較大、股價低於季線，具修復空間,RSI過低，短線賣壓仍重、仍低於中長期均線，需耐心等待,2026-10-08 16:44:20
1453,00900,00900.TW,富邦特選高股息30,nan,19.639999389648438,45,防守修復型,58.5,8.37,3.11,-2.96,3.05,3.58,6.63,1.42,均線糾結，可能處於整理蓄勢、股價已脫離52週低點、波動相對可控,仍需觀察技術面是否轉強,2026-10-08 16:44:20
1454,4120O,4120.TWO,友華,生技醫療業,45.79999923706055,45,防守修復型,41.05,14.44,2.18,-7.66,8.3,-2.55,-1.61,0.87,RSI位於低檔整理區、均線糾結，可能處於整理蓄勢、波動相對可控,仍低於中長期均線，需耐心等待,2026-10-08 16:44:20
1455,8462,8462.TW,柏文,運動休閒,158.0,45,防守修復型,41.28,18.51,4.57,-11.98,13.61,-4.25,2.31,0.42,RSI位於低檔整理區、均線糾結，可能處於整理蓄勢、股價已脫離52週低點,仍需觀察技術面是否轉強,2026-10-08 16:44:20
1456,2408,2408.TW,南亞科,半導體業,514.0,45,低檔觀察型,51.98,50.3,6.87,-5.34,5.64,7.06,24.93,0.89,RSI位於低檔整理區、均線糾結，可能處於整理蓄勢、股價已脫離52週低點,仍需觀察技術面是否轉強,2026-10-08 16:44:20
1457,6910O,6910.TWO,德鴻,數位雲端,25.399999618530273,45,防守修復型,48.41,23.12,4.04,-47.74,91.34,1.52,-4.62,0.4,潛在反彈空間較大、RSI位於低檔整理區、均線糾結，可能處於整理蓄勢,跌幅過深，需留意基本面是否惡化、仍低於中長期均線，需耐心等待,2026-10-08 16:44:20
1458,6527O,6527.TWO,明達醫,生技醫療業,75.0,45,防守修復型,52.72,15.0,2.18,-11.87,13.47,2.11,3.97,0.47,RSI位於低檔整理區、均線糾結，可能處於整理蓄勢、股價已脫離52週低點,仍需觀察技術面是否轉強,2026-10-08 16:44:20
1459,4538O,4538.TWO,大詠城,電機機械,17.399999618530273,45,防守修復型,47.86,11.87,0.91,-8.9,9.77,-0.94,-3.51,0.82,RSI位於低檔整理區、均線糾結，可能處於整理蓄勢、波動相對可控,仍低於中長期均線，需耐心等待,2026-10-08 16:44:20
1460,6612O,6612.TWO,奈米醫材,生技醫療業,72.19999694824219,45,低檔觀察型,52.65,31.55,6.67,-13.05,15.0,5.6,8.47,0.41,RSI位於低檔整理區、均線糾結，可能處於整理蓄勢、股價已脫離52週低點,仍需觀察技術面是否轉強,2026-10-08 16:44:20
1461,2812,2812.TW,台中銀,金融保險業,18.850000381469727,45,防守修復型,45.28,13.57,1.22,-10.06,11.18,-1.06,0.6,0.63,RSI位於低檔整理區、均線糾結，可能處於整理蓄勢、股價已脫離52週低點,仍需觀察技術面是否轉強,2026-10-08 16:44:20
1462,6499O,6499.TWO,益安,生技醫療業,79.5,45,防守修復型,65.89,26.14,11.13,-37.76,60.68,16.89,7.52,0.71,股價距離52週高點有修復空間、潛在反彈空間較大、股價已脫離52週低點,股價已明顯高於季線，低估性下降,2026-10-08 16:44:20
1463,2442,2442.TW,新美齊,建材營造業,14.0,45,低檔觀察型,22.79,46.61,18.95,-42.19,72.98,-17.23,-19.23,0.69,股價距離52週高點有修復空間、潛在反彈空間較大、股價低於季線，具修復空間,RSI過低，短線賣壓仍重、仍低於中長期均線，需耐心等待,2026-10-08 16:44:20
1464,2459,2459.TW,敦吉,其他電子業,65.0,45,防守修復型,40.42,4.09,0.85,-8.32,9.08,-0.96,-1.49,1.46,RSI位於低檔整理區、均線糾結，可能處於整理蓄勢、波動相對可控,仍低於中長期均線，需耐心等待,2026-10-08 16:44:20
1465,2537,2537.TW,聯上發,建材營造業,11.0,45,防守修復型,40.37,15.09,0.66,-11.29,12.73,-1.98,1.3,0.28,RSI位於低檔整理區、均線糾結，可能處於整理蓄勢、股價已脫離52週低點,仍需觀察技術面是否轉強,2026-10-08 16:44:20
1466,1726,1726.TW,永記,化學工業,76.19999694824219,45,防守修復型,40.96,4.96,1.13,-5.34,5.64,-1.38,-1.5,1.11,RSI位於低檔整理區、均線糾結，可能處於整理蓄勢、波動相對可控,仍低於中長期均線，需耐心等待,2026-10-08 16:44:20
1467,2885,2885.TW,元大金,金融保險業,70.0,45,防守修復型,58.33,21.75,4.92,-1.13,1.14,6.27,13.26,0.82,均線糾結，可能處於整理蓄勢、股價已脫離52週低點、波動相對可控,仍需觀察技術面是否轉強,2026-10-08 16:44:20
1468,3691O,3691.TWO,碩禾,光電業,104.0,44,低檔觀察型,46.49,65.75,8.01,-38.64,62.98,-3.39,-17.75,0.35,股價距離52週高點有修復空間、潛在反彈空間較大、RSI位於低檔整理區,波動過高，風險較大、仍低於中長期均線，需耐心等待,2026-10-08 16:44:20
1469,3466O,3466.TWO,德晉,通信網路業,27.5,44,低檔觀察型,73.44,39.19,4.26,-42.59,74.18,7.3,-9.56,2.37,股價距離52週高點有修復空間、潛在反彈空間較大、均線糾結，可能處於整理蓄勢,RSI偏高，不符合低檔潛伏、仍低於中長期均線，需耐心等待,2026-10-08 16:44:20
1470,4951O,4951.TWO,精拓科,半導體業,88.69999694824219,44,低檔觀察型,54.12,63.41,9.82,-36.64,57.84,8.37,-6.31,0.36,股價距離52週高點有修復空間、潛在反彈空間較大、RSI位於低檔整理區,波動過高，風險較大、仍低於中長期均線，需耐心等待,2026-10-08 16:44:20
1471,6510O,6510.TWO,精測,半導體業,3020.0,44,低檔觀察型,44.15,64.09,12.02,-28.1,39.07,2.15,-5.92,0.38,股價距離52週高點有修復空間、潛在反彈空間較大、RSI位於低檔整理區,波動過高，風險較大、仍低於中長期均線，需耐心等待,2026-10-08 16:44:20
1472,4107O,4107.TWO,邦特,生技醫療業,109.5,43,防守修復型,33.93,8.12,3.14,-15.12,17.81,-3.64,-4.89,0.79,股價距離52週高點有修復空間、均線糾結，可能處於整理蓄勢、波動相對可控,仍低於中長期均線，需耐心等待,2026-10-08 16:44:20
1473,3285O,3285.TWO,微端,其他電子業,43.0,43,低檔觀察型,61.99,35.88,5.79,-16.02,19.07,9.05,15.63,0.77,股價距離52週高點有修復空間、均線糾結，可能處於整理蓄勢、股價已脫離52週低點,仍需觀察技術面是否轉強,2026-10-08 16:44:20
1474,9935,9935.TW,慶豐富,居家生活,18.25,43,防守修復型,39.54,25.11,5.52,-13.1,15.07,-5.33,-4.16,0.45,RSI位於低檔整理區、均線糾結，可能處於整理蓄勢、波動相對可控,仍低於中長期均線，需耐心等待,2026-10-08 16:44:20
1475,6112,6112.TW,邁達特,資訊服務業,44.75,43,低檔觀察型,42.65,59.75,5.78,-19.08,23.58,-0.12,-0.47,0.13,股價距離52週高點有修復空間、RSI位於低檔整理區、均線糾結，可能處於整理蓄勢,仍低於中長期均線，需耐心等待,2026-10-08 16:44:20
1476,1409,1409.TW,新纖,紡織纖維,26.149999618530273,43,低檔觀察型,62.23,49.91,2.26,-17.51,21.22,8.06,12.73,2.09,股價距離52週高點有修復空間、均線糾結，可能處於整理蓄勢、股價已脫離52週低點,仍需觀察技術面是否轉強,2026-10-08 16:44:20
1477,3221O,3221.TWO,台嘉碩,通信網路業,54.400001525878906,43,低檔觀察型,60.39,49.59,6.4,-17.95,21.88,11.79,6.56,0.87,股價距離52週高點有修復空間、均線糾結，可能處於整理蓄勢、股價已脫離52週低點,仍需觀察技術面是否轉強,2026-10-08 16:44:20
1478,5016O,5016.TWO,松和,鋼鐵工業,27.200000762939453,43,低檔觀察型,63.42,44.88,5.94,-15.79,18.75,10.21,8.46,0.52,股價距離52週高點有修復空間、均線糾結，可能處於整理蓄勢、股價已脫離52週低點,仍需觀察技術面是否轉強,2026-10-08 16:44:20
1479,2313,2313.TW,華通,電子零組件業,246.0,43,低檔觀察型,60.98,48.71,5.12,-17.59,21.34,12.22,4.82,2.51,股價距離52週高點有修復空間、均線糾結，可能處於整理蓄勢、股價已脫離52週低點,仍需觀察技術面是否轉強,2026-10-08 16:44:20
1480,3567O,3567.TWO,逸昌,半導體業,26.049999237060547,43,防守修復型,58.17,9.55,1.36,-19.97,24.95,0.44,-4.75,0.47,股價距離52週高點有修復空間、均線糾結，可能處於整理蓄勢、波動相對可控,仍低於中長期均線，需耐心等待,2026-10-08 16:44:20
1481,4716O,4716.TWO,大立,化學工業,19.450000762939453,43,低檔觀察型,62.31,58.74,3.12,-19.63,24.42,10.41,10.61,7.39,股價距離52週高點有修復空間、均線糾結，可能處於整理蓄勢、股價已脫離52週低點,仍需觀察技術面是否轉強,2026-10-08 16:44:20
1482,5443O,5443.TWO,均豪,半導體業,113.5,43,低檔觀察型,57.96,35.51,5.65,-17.45,21.15,8.67,2.62,0.49,股價距離52週高點有修復空間、均線糾結，可能處於整理蓄勢、股價已脫離52週低點,仍需觀察技術面是否轉強,2026-10-08 16:44:20
1483,2351,2351.TW,順德,半導體業,218.0,43,低檔觀察型,48.45,57.68,13.91,-15.18,17.89,9.57,13.05,0.58,股價距離52週高點有修復空間、RSI位於低檔整理區、股價已脫離52週低點,仍需觀察技術面是否轉強,2026-10-08 16:44:20
1484,5864O,5864.TWO,致和證,金融保險業,39.400001525878906,43,低檔觀察型,63.34,39.01,9.7,-18.41,22.56,14.57,13.11,0.84,股價距離52週高點有修復空間、股價已脫離52週低點、成交量尚未明顯枯竭,仍需觀察技術面是否轉強,2026-10-08 16:44:20
1485,00720BO,00720B.TWO,元大投資級公司債,nan,30.5,42,防守修復型,27.26,9.93,3.13,-11.52,13.02,-4.58,-6.29,1.72,均線糾結，可能處於整理蓄勢、波動相對可控、成交量尚未明顯枯竭,RSI過低，短線賣壓仍重、仍低於中長期均線，需耐心等待,2026-10-08 16:44:20
1486,00750BO,00750B.TWO,凱基科技債10+,nan,30.34000015258789,42,防守修復型,27.13,10.53,3.14,-12.41,14.17,-4.55,-6.54,1.01,均線糾結，可能處於整理蓄勢、波動相對可控、成交量尚未明顯枯竭,RSI過低，短線賣壓仍重、仍低於中長期均線，需耐心等待,2026-10-08 16:44:20
1487,00725BO,00725B.TWO,國泰投資級公司債,nan,32.54999923706055,42,防守修復型,25.96,9.36,2.99,-10.43,11.64,-4.35,-5.95,2.05,均線糾結，可能處於整理蓄勢、波動相對可控、成交量尚未明顯枯竭,RSI過低，短線賣壓仍重、仍低於中長期均線，需耐心等待,2026-10-08 16:44:20
1488,00724BO,00724B.TWO,群益投資級金融債,nan,31.34000015258789,42,防守修復型,27.14,9.33,3.47,-10.99,12.35,-4.55,-5.94,0.88,均線糾結，可能處於整理蓄勢、波動相對可控、成交量尚未明顯枯竭,RSI過低，短線賣壓仍重、仍低於中長期均線，需耐心等待,2026-10-08 16:44:20
1489,3661,3661.TW,世芯-KY,半導體業,4190.0,42,低檔觀察型,63.37,62.92,3.2,-22.05,28.28,12.57,3.58,1.39,股價距離52週高點有修復空間、潛在反彈空間較大、均線糾結，可能處於整理蓄勢,波動過高，風險較大,2026-10-08 16:44:20
1490,00723BO,00723B.TWO,群益投資級科技債,nan,28.040000915527344,42,防守修復型,27.79,10.64,3.23,-14.12,16.44,-4.68,-6.93,1.38,均線糾結，可能處於整理蓄勢、波動相對可控、成交量尚未明顯枯竭,RSI過低，短線賣壓仍重、仍低於中長期均線，需耐心等待,2026-10-08 16:44:20
1491,00834BO,00834B.TWO,第一金金融債10+,nan,31.790000915527344,42,防守修復型,29.7,10.68,3.2,-10.48,11.7,-4.33,-5.72,1.26,均線糾結，可能處於整理蓄勢、波動相對可控、成交量尚未明顯枯竭,RSI過低，短線賣壓仍重、仍低於中長期均線，需耐心等待,2026-10-08 16:44:20
1492,00789BO,00789B.TWO,復華公司債A3,nan,43.95000076293945,42,防守修復型,27.74,11.72,3.42,-12.88,14.79,-4.96,-7.15,1.06,均線糾結，可能處於整理蓄勢、波動相對可控、成交量尚未明顯枯竭,RSI過低，短線賣壓仍重、仍低於中長期均線，需耐心等待,2026-10-08 16:44:20
1493,9110,9110.TW,越南控-DR,nan,3.380000114440918,42,低檔觀察型,67.1,62.89,2.77,-25.71,34.62,9.99,9.27,6.45,股價距離52週高點有修復空間、潛在反彈空間較大、均線糾結，可能處於整理蓄勢,波動過高，風險較大,2026-10-08 16:44:20
1494,2705,2705.TW,六福,觀光餐旅,15.100000381469727,42,防守修復型,37.11,9.63,4.28,-14.69,17.22,-4.19,-5.01,0.55,RSI位於低檔整理區、均線糾結，可能處於整理蓄勢、波動相對可控,仍低於中長期均線，需耐心等待,2026-10-08 16:44:20
1495,6830,6830.TW,汎銓,其他電子業,530.0,42,低檔觀察型,49.83,53.27,14.16,-45.64,83.96,12.7,-5.49,0.64,潛在反彈空間較大、RSI位於低檔整理區、股價已脫離52週低點,跌幅過深，需留意基本面是否惡化、仍低於中長期均線，需耐心等待,2026-10-08 16:44:20
1496,6902,6902.TW,GOGOLOOK,數位雲端,138.0,42,低檔觀察型,46.35,76.4,18.61,-21.81,27.9,5.12,7.56,1.03,股價距離52週高點有修復空間、潛在反彈空間較大、RSI位於低檔整理區,波動過高，風險較大,2026-10-08 16:44:20
1497,00867BO,00867B.TWO,台新A-BBB電信債,nan,28.3799991607666,42,防守修復型,35.51,13.06,3.64,-12.68,14.52,-4.33,-6.82,0.07,RSI位於低檔整理區、均線糾結，可能處於整理蓄勢、波動相對可控,仍低於中長期均線，需耐心等待,2026-10-08 16:44:20
1498,8042O,8042.TWO,金山電,電子零組件業,126.0,42,低檔觀察型,61.25,61.85,2.23,-40.14,67.06,11.26,1.77,3.13,股價距離52週高點有修復空間、潛在反彈空間較大、均線糾結，可能處於整理蓄勢,波動過高，風險較大,2026-10-08 16:44:20
1499,7828O,7828.TWO,創新服務,半導體業,1800.0,42,低檔觀察型,45.07,72.04,8.77,-22.58,29.17,0.74,5.93,0.6,股價距離52週高點有修復空間、潛在反彈空間較大、RSI位於低檔整理區,波動過高，風險較大,2026-10-08 16:44:20
1500,4971O,4971.TWO,IET-KY,半導體業,604.0,42,低檔觀察型,57.86,72.78,9.13,-30.73,44.37,17.67,3.78,2.1,股價距離52週高點有修復空間、潛在反彈空間較大、股價已脫離52週低點,波動過高，風險較大、股價已明顯高於季線，低估性下降,2026-10-08 16:44:20
1501,6588O,6588.TWO,東典光電,通信網路業,109.0,42,低檔觀察型,50.14,62.77,10.8,-31.66,46.33,9.79,0.81,0.5,股價距離52週高點有修復空間、潛在反彈空間較大、RSI位於低檔整理區,波動過高，風險較大,2026-10-08 16:44:20
1502,5452O,5452.TWO,佶優,其他電子業,31.200000762939453,42,低檔觀察型,70.02,42.88,5.02,-20.91,26.44,15.26,3.47,3.8,股價距離52週高點有修復空間、潛在反彈空間較大、均線糾結，可能處於整理蓄勢,RSI偏高，不符合低檔潛伏、股價已明顯高於季線，低估性下降,2026-10-08 16:44:20
1503,5398O,5398.TWO,慕康生醫,其他業,15.0,42,低檔觀察型,69.97,37.17,2.46,-51.06,104.33,4.87,-7.81,3.13,潛在反彈空間較大、均線糾結，可能處於整理蓄勢、股價已脫離52週低點,跌幅過深，需留意基本面是否惡化、仍低於中長期均線，需耐心等待,2026-10-08 16:44:20
1504,5475O,5475.TWO,德宏,電子零組件業,193.0,42,低檔觀察型,59.24,55.41,8.27,-51.75,107.25,16.56,-14.84,2.29,潛在反彈空間較大、股價已脫離52週低點、成交量尚未明顯枯竭,跌幅過深，需留意基本面是否惡化、仍低於中長期均線，需耐心等待,2026-10-08 16:44:20
1505,3593,3593.TW,力銘,電子零組件業,10.75,42,低檔觀察型,51.93,65.71,14.58,-46.12,85.58,-8.51,-25.9,0.28,潛在反彈空間較大、RSI位於低檔整理區、股價已脫離52週低點,跌幅過深，需留意基本面是否惡化、波動過高，風險較大,2026-10-08 16:44:20
1506,7709O,7709.TWO,榮田,電機機械,83.69999694824219,42,低檔觀察型,51.26,61.39,12.32,-37.3,59.5,10.09,-0.04,1.56,股價距離52週高點有修復空間、潛在反彈空間較大、RSI位於低檔整理區,波動過高，風險較大、仍低於中長期均線，需耐心等待,2026-10-08 16:44:20
1507,4543O,4543.TWO,萬在,電機機械,32.75,42,低檔觀察型,73.15,41.37,2.45,-25.81,34.79,9.86,-1.1,4.44,股價距離52週高點有修復空間、潛在反彈空間較大、均線糾結，可能處於整理蓄勢,RSI偏高，不符合低檔潛伏、仍低於中長期均線，需耐心等待,2026-10-08 16:44:20
1508,4577O,4577.TWO,達航科技,其他電子業,88.80000305175781,42,低檔觀察型,54.94,48.31,9.05,-50.94,103.83,10.62,-11.04,0.55,潛在反彈空間較大、RSI位於低檔整理區、股價已脫離52週低點,跌幅過深，需留意基本面是否惡化、仍低於中長期均線，需耐心等待,2026-10-08 16:44:20
1509,4154O,4154.TWO,樂威科-KY,其他業,12.300000190734863,42,低檔觀察型,53.18,62.35,0.51,-30.9,44.72,2.11,-2.43,0.08,股價距離52週高點有修復空間、潛在反彈空間較大、RSI位於低檔整理區,波動過高，風險較大、仍低於中長期均線，需耐心等待,2026-10-08 16:44:20
1510,2483,2483.TW,百容,電子零組件業,38.849998474121094,42,低檔觀察型,63.37,62.08,7.48,-44.42,79.92,6.1,8.4,1.62,股價距離52週高點有修復空間、潛在反彈空間較大、均線糾結，可能處於整理蓄勢,波動過高，風險較大,2026-10-08 16:44:20
1511,1597,1597.TW,直得,電機機械,145.0,42,低檔觀察型,52.28,61.96,3.68,-34.39,52.41,5.1,-1.55,0.52,股價距離52週高點有修復空間、潛在反彈空間較大、RSI位於低檔整理區,波動過高，風險較大、仍低於中長期均線，需耐心等待,2026-10-08 16:44:20
1512,1295O,1295.TWO,生合,食品工業,50.20000076293945,42,防守修復型,75.43,21.99,2.58,-57.09,133.07,7.55,2.12,4.63,潛在反彈空間較大、均線糾結，可能處於整理蓄勢、股價已脫離52週低點,跌幅過深，需留意基本面是否惡化、RSI偏高，不符合低檔潛伏,2026-10-08 16:44:20
1513,4195,4195.TW,基米-創,生技醫療業,15.850000381469727,42,低檔觀察型,61.74,59.7,5.3,-55.23,123.34,6.54,-10.12,0.85,潛在反彈空間較大、均線糾結，可能處於整理蓄勢、股價已脫離52週低點,跌幅過深，需留意基本面是否惡化、仍低於中長期均線，需耐心等待,2026-10-08 16:44:20
1514,4304O,4304.TWO,勝昱,塑膠工業,16.5,42,低檔觀察型,42.54,103.22,8.38,-53.26,113.94,-11.35,-25.96,0.38,潛在反彈空間較大、RSI位於低檔整理區、股價已脫離52週低點,跌幅過深，需留意基本面是否惡化、波動過高，風險較大,2026-10-08 16:44:20
1515,2424,2424.TW,隴華,通信網路業,8.899999618530273,42,低檔觀察型,62.1,52.63,1.71,-82.65,476.4,6.87,-24.84,1.03,潛在反彈空間較大、均線糾結，可能處於整理蓄勢、股價已脫離52週低點,跌幅過深，需留意基本面是否惡化、仍低於中長期均線，需耐心等待,2026-10-08 16:44:20
1516,4171O,4171.TWO,瑞基,農業科技業,18.399999618530273,42,低檔觀察型,74.98,38.85,3.22,-30.57,44.02,7.41,4.67,10.7,股價距離52週高點有修復空間、潛在反彈空間較大、均線糾結，可能處於整理蓄勢,RSI偏高，不符合低檔潛伏,2026-10-08 16:44:20
1517,0052,0052.TW,富邦科技,nan,67.94999694824219,42,防守修復型,74.19,16.21,5.94,-73.99,284.4,10.0,12.98,0.89,潛在反彈空間較大、均線糾結，可能處於整理蓄勢、股價已脫離52週低點,跌幅過深，需留意基本面是否惡化、RSI偏高，不符合低檔潛伏,2026-10-08 16:44:20
1518,3317O,3317.TWO,尼克森,半導體業,68.69999694824219,42,低檔觀察型,59.3,73.71,8.63,-34.88,53.57,2.49,-4.77,1.15,股價距離52週高點有修復空間、潛在反彈空間較大、股價已脫離52週低點,波動過高，風險較大、仍低於中長期均線，需耐心等待,2026-10-08 16:44:20
1519,6751O,6751.TWO,智聯服務,資訊服務業,48.79999923706055,42,低檔觀察型,81.59,37.25,5.8,-29.89,42.62,16.51,8.32,7.4,股價距離52週高點有修復空間、潛在反彈空間較大、均線糾結，可能處於整理蓄勢,RSI偏高，不符合低檔潛伏、股價已明顯高於季線，低估性下降,2026-10-08 16:44:20
1520,6877O,6877.TWO,鏵友益,其他電子業,132.5,42,低檔觀察型,55.4,73.7,8.33,-28.76,40.38,8.86,-2.98,1.62,股價距離52週高點有修復空間、潛在反彈空間較大、股價已脫離52週低點,波動過高，風險較大、仍低於中長期均線，需耐心等待,2026-10-08 16:44:20
1521,2472,2472.TW,立隆電,電子零組件業,243.5,42,低檔觀察型,63.41,42.71,7.1,-46.31,86.24,3.49,-9.52,3.33,潛在反彈空間較大、均線糾結，可能處於整理蓄勢、股價已脫離52週低點,跌幅過深，需留意基本面是否惡化、仍低於中長期均線，需耐心等待,2026-10-08 16:44:20
1522,7812,7812.TW,稜研科技*-創,通信網路業,65.0,42,低檔觀察型,34.13,63.47,9.81,-42.73,74.62,-13.12,-18.9,0.82,股價距離52週高點有修復空間、潛在反彈空間較大、成交量尚未明顯枯竭,波動過高，風險較大、仍低於中長期均線，需耐心等待,2026-10-08 16:44:20
1523,00636K,00636K.TW,國泰中國A50+U,nan,8.319999694824219,42,防守修復型,40.63,22.89,3.65,-10.63,11.9,-4.59,-6.42,0.5,RSI位於低檔整理區、均線糾結，可能處於整理蓄勢、波動相對可控,仍低於中長期均線，需耐心等待,2026-10-08 16:44:20
1524,2493,2493.TW,揚博,電子零組件業,214.0,42,低檔觀察型,61.97,69.84,4.25,-34.05,51.64,7.3,10.34,1.29,股價距離52週高點有修復空間、潛在反彈空間較大、均線糾結，可能處於整理蓄勢,波動過高，風險較大,2026-10-08 16:44:20
1525,00740BO,00740B.TWO,富邦全球投等債,nan,35.59000015258789,42,防守修復型,24.6,9.31,3.62,-10.51,11.74,-4.87,-6.47,1.06,均線糾結，可能處於整理蓄勢、波動相對可控、成交量尚未明顯枯竭,RSI過低，短線賣壓仍重、仍低於中長期均線，需耐心等待,2026-10-08 16:44:20
1526,4938,4938.TW,和碩,電腦及週邊設備業,90.0,40,防守修復型,49.8,16.58,1.72,-8.63,9.44,1.46,3.96,0.46,RSI位於低檔整理區、均線糾結，可能處於整理蓄勢、股價已脫離52週低點,仍需觀察技術面是否轉強,2026-10-08 16:44:20
1527,1313,1313.TW,聯成,塑膠工業,12.600000381469727,40,防守修復型,61.31,23.14,4.09,-11.89,13.49,6.52,8.08,1.15,均線糾結，可能處於整理蓄勢、股價已脫離52週低點、波動相對可控,仍需觀察技術面是否轉強,2026-10-08 16:44:20
1528,6024,6024.TW,群益期,金融保險業,59.400001525878906,40,防守修復型,36.28,12.97,1.15,-6.46,6.9,-2.42,2.23,0.42,RSI位於低檔整理區、均線糾結，可能處於整理蓄勢、股價已脫離52週低點,仍需觀察技術面是否轉強,2026-10-08 16:44:20
1529,1259O,1259.TWO,安心,觀光餐旅,65.5,40,防守修復型,47.4,26.31,6.67,-3.82,3.97,3.69,8.18,0.05,RSI位於低檔整理區、均線糾結，可能處於整理蓄勢、股價已脫離52週低點,仍需觀察技術面是否轉強,2026-10-08 16:44:20
1530,4943,4943.TW,康控-KY,電子零組件業,6.639999866485596,40,低檔觀察型,31.35,34.44,16.94,-63.11,171.08,-16.56,-22.75,0.42,潛在反彈空間較大、波動相對可控、股價低於季線，具修復空間,跌幅過深，需留意基本面是否惡化、仍低於中長期均線，需耐心等待,2026-10-08 16:44:20
1531,5348O,5348.TWO,正能量智能,運動休閒,17.399999618530273,40,低檔觀察型,65.44,32.43,1.08,-12.34,14.08,5.04,6.28,3.38,均線糾結，可能處於整理蓄勢、股價已脫離52週低點、波動相對可控,仍需觀察技術面是否轉強,2026-10-08 16:44:20
1532,00939,00939.TW,統一台灣高息動能,nan,24.0,40,防守修復型,58.49,9.58,5.44,-1.68,1.71,5.25,13.47,0.77,均線糾結，可能處於整理蓄勢、股價已脫離52週低點、波動相對可控,仍需觀察技術面是否轉強,2026-10-08 16:44:20
1533,4142,4142.TW,國光生,生技醫療業,18.549999237060547,40,防守修復型,67.02,18.39,3.19,-13.92,16.17,6.16,5.81,2.97,均線糾結，可能處於整理蓄勢、股價已脫離52週低點、波動相對可控,仍需觀察技術面是否轉強,2026-10-08 16:44:20
1534,4439,4439.TW,冠星-KY,紡織纖維,96.0,40,防守修復型,47.58,18.66,3.35,-11.52,13.02,-3.02,-0.66,0.41,RSI位於低檔整理區、均線糾結，可能處於整理蓄勢、股價已脫離52週低點,仍低於中長期均線，需耐心等待,2026-10-08 16:44:20
1535,006207,006207.TW,復華滬深,nan,30.6299991607666,40,防守修復型,31.32,12.06,3.6,-11.45,12.93,-5.49,-6.89,0.64,均線糾結，可能處於整理蓄勢、波動相對可控、股價低於季線，具修復空間,仍低於中長期均線，需耐心等待,2026-10-08 16:44:20
1536,8354O,8354.TWO,冠好,其他業,16.5,40,防守修復型,38.04,15.67,1.2,-13.16,15.15,-1.62,-1.1,0.65,RSI位於低檔整理區、均線糾結，可能處於整理蓄勢、股價已脫離52週低點,仍低於中長期均線，需耐心等待,2026-10-08 16:44:20
1537,00981DO,00981D.TWO,主動中信非投等債,nan,10.100000381469727,40,防守修復型,36.1,5.51,2.22,-5.25,5.54,-2.26,-2.35,0.77,RSI位於低檔整理區、均線糾結，可能處於整理蓄勢、波動相對可控,仍低於中長期均線，需耐心等待,2026-10-08 16:44:20
1538,4155,4155.TW,訊映,生技醫療業,15.842630386352539,40,低檔觀察型,39.37,30.36,1.14,-12.07,13.73,-4.13,-3.07,0.0,RSI位於低檔整理區、均線糾結，可能處於整理蓄勢、股價已脫離52週低點,仍低於中長期均線，需耐心等待,2026-10-08 16:44:20
1539,5511O,5511.TWO,德昌,建材營造業,68.4000015258789,40,防守修復型,38.43,10.51,1.75,-8.8,9.65,-2.88,3.65,0.6,RSI位於低檔整理區、均線糾結，可能處於整理蓄勢、股價已脫離52週低點,仍需觀察技術面是否轉強,2026-10-08 16:44:20
1540,4306,4306.TW,炎洲,塑膠工業,14.5,40,防守修復型,44.52,16.54,1.47,-12.39,14.14,-1.54,-1.0,0.68,RSI位於低檔整理區、均線糾結，可能處於整理蓄勢、股價已脫離52週低點,仍低於中長期均線，需耐心等待,2026-10-08 16:44:20
1541,00930,00930.TW,永豐ESG低碳高息,nan,24.06999969482422,40,防守修復型,51.38,16.26,0.64,-8.09,8.81,0.65,2.95,0.43,RSI位於低檔整理區、均線糾結，可能處於整理蓄勢、股價已脫離52週低點,仍需觀察技術面是否轉強,2026-10-08 16:44:20
1542,00727BO,00727B.TWO,國泰優選非投等債,nan,39.0099983215332,40,防守修復型,45.8,3.81,1.1,-4.03,4.2,-0.97,-1.1,0.79,RSI位於低檔整理區、均線糾結，可能處於整理蓄勢、波動相對可控,仍低於中長期均線，需耐心等待,2026-10-08 16:44:20
1543,5288,5288.TW,豐祥-KY,電機機械,189.0,40,防守修復型,52.65,21.85,1.23,-4.3,4.5,0.13,5.41,0.51,RSI位於低檔整理區、均線糾結，可能處於整理蓄勢、股價已脫離52週低點,仍需觀察技術面是否轉強,2026-10-08 16:44:20
1544,2248,2248.TW,華勝-KY,汽車工業,61.0,40,防守修復型,50.45,14.87,0.86,-8.82,9.67,-0.19,4.13,0.4,RSI位於低檔整理區、均線糾結，可能處於整理蓄勢、股價已脫離52週低點,仍需觀察技術面是否轉強,2026-10-08 16:44:20
1545,2889,2889.TW,國票金,金融保險業,16.299999237060547,40,防守修復型,48.7,19.45,4.38,-6.56,7.02,2.29,6.19,0.27,RSI位於低檔整理區、均線糾結，可能處於整理蓄勢、股價已脫離52週低點,仍需觀察技術面是否轉強,2026-10-08 16:44:20
1546,2890,2890.TW,永豐金,金融保險業,44.650001525878906,40,防守修復型,58.18,25.43,6.99,-2.83,2.91,8.12,19.76,0.77,均線糾結，可能處於整理蓄勢、股價已脫離52週低點、波動相對可控,仍需觀察技術面是否轉強,2026-10-08 16:44:20
1547,2891,2891.TW,中信金,金融保險業,68.69999694824219,40,防守修復型,54.26,20.75,3.78,-5.11,5.39,4.03,7.14,0.69,RSI位於低檔整理區、均線糾結，可能處於整理蓄勢、股價已脫離52週低點,仍需觀察技術面是否轉強,2026-10-08 16:44:20
1548,3515,3515.TW,華擎,電腦及週邊設備業,219.0,40,低檔觀察型,55.28,36.25,0.56,-35.11,54.11,2.68,-2.2,0.59,股價距離52週高點有修復空間、潛在反彈空間較大、均線糾結，可能處於整理蓄勢,仍低於中長期均線，需耐心等待,2026-10-08 16:44:20
1549,4554O,4554.TWO,橙的,其他電子業,27.75,40,防守修復型,40.84,12.55,1.48,-7.35,7.93,-0.39,1.78,0.58,RSI位於低檔整理區、均線糾結，可能處於整理蓄勢、股價已脫離52週低點,仍需觀察技術面是否轉強,2026-10-08 16:44:20
1550,9929,9929.TW,秋雨,其他業,12.550000190734863,40,低檔觀察型,75.31,42.49,0.76,-16.33,19.52,11.35,9.64,9.26,股價距離52週高點有修復空間、均線糾結，可能處於整理蓄勢、股價已脫離52週低點,RSI偏高，不符合低檔潛伏,2026-10-08 16:44:20
1551,3489O,3489.TWO,森寶,建材營造業,22.5,40,防守修復型,47.39,29.73,2.32,-14.29,16.67,-0.05,-0.02,0.23,RSI位於低檔整理區、均線糾結，可能處於整理蓄勢、股價已脫離52週低點,仍低於中長期均線，需耐心等待,2026-10-08 16:44:20
1552,5321O,5321.TWO,美而快,數位雲端,70.0999984741211,40,低檔觀察型,49.29,67.81,6.42,-19.15,23.68,5.12,31.04,0.46,股價距離52週高點有修復空間、RSI位於低檔整理區、均線糾結，可能處於整理蓄勢,波動過高，風險較大,2026-10-08 16:44:20
1553,6512O,6512.TWO,啟發電,其他電子業,20.200000762939453,40,防守修復型,46.22,16.93,0.56,-11.6,13.12,-0.23,1.52,0.42,RSI位於低檔整理區、均線糾結，可能處於整理蓄勢、波動相對可控,仍需觀察技術面是否轉強,2026-10-08 16:44:20
1554,3402O,3402.TWO,漢科,其他電子業,139.5,40,防守修復型,69.65,24.91,4.18,-11.71,13.26,8.12,3.26,0.98,均線糾結，可能處於整理蓄勢、股價已脫離52週低點、波動相對可控,仍需觀察技術面是否轉強,2026-10-08 16:44:20
1555,00982T,00982T.TW,平衡兆豐台美動能,nan,15.5600004196167,40,低檔觀察型,51.2,30.79,2.24,-4.77,5.01,1.8,3.6,0.57,RSI位於低檔整理區、均線糾結，可能處於整理蓄勢、股價已脫離52週低點,仍需觀察技術面是否轉強,2026-10-08 16:44:20
1556,6438,6438.TW,迅得,其他電子業,165.5,40,防守修復型,66.38,25.52,7.93,-10.54,11.78,11.01,5.66,1.02,均線糾結，可能處於整理蓄勢、股價已脫離52週低點、波動相對可控,仍需觀察技術面是否轉強,2026-10-08 16:44:20
1557,6491,6491.TW,晶碩,生技醫療業,411.5,40,低檔觀察型,58.16,34.07,8.48,-2.95,3.04,10.03,19.39,1.69,股價已脫離52週低點、波動相對可控、成交量尚未明顯枯竭,仍需觀察技術面是否轉強,2026-10-08 16:44:20
1558,2035O,2035.TWO,唐榮,鋼鐵工業,27.600000381469727,40,低檔觀察型,59.42,31.63,0.62,-9.51,10.51,2.3,0.5,1.03,均線糾結，可能處於整理蓄勢、波動相對可控、成交量尚未明顯枯竭,仍需觀察技術面是否轉強,2026-10-08 16:44:20
1559,3002,3002.TW,歐格,電腦及週邊設備業,18.899999618530273,40,低檔觀察型,55.25,55.83,8.08,-35.38,54.76,7.16,2.59,0.27,股價距離52週高點有修復空間、潛在反彈空間較大、股價已脫離52週低點,仍需觀察技術面是否轉強,2026-10-08 16:44:20
1560,00909,00909.TW,國泰數位支付服務,nan,47.970001220703125,40,低檔觀察型,50.03,41.56,6.89,-8.98,9.86,3.55,2.3,0.76,RSI位於低檔整理區、均線糾結，可能處於整理蓄勢、股價已脫離52週低點,仍需觀察技術面是否轉強,2026-10-08 16:44:20
1561,00911,00911.TW,兆豐洲際半導體,nan,58.70000076293945,40,防守修復型,67.38,26.73,4.63,-14.18,16.52,8.22,4.7,1.07,均線糾結，可能處於整理蓄勢、股價已脫離52週低點、波動相對可控,仍需觀察技術面是否轉強,2026-10-08 16:44:20
1562,5538,5538.TW,東明-KY,鋼鐵工業,36.29999923706055,40,防守修復型,53.79,21.97,1.18,-3.84,3.99,2.28,6.0,0.61,RSI位於低檔整理區、均線糾結，可能處於整理蓄勢、股價已脫離52週低點,仍需觀察技術面是否轉強,2026-10-08 16:44:20
1563,4967,4967.TW,十銓,半導體業,265.0,40,防守修復型,43.06,24.74,5.12,-12.97,14.91,1.99,-0.1,0.59,RSI位於低檔整理區、均線糾結，可能處於整理蓄勢、股價已脫離52週低點,仍低於中長期均線，需耐心等待,2026-10-08 16:44:20
1564,5607,5607.TW,遠雄港,航運業,52.5,40,防守修復型,49.56,26.01,1.6,-8.22,8.95,1.32,2.97,0.49,RSI位於低檔整理區、均線糾結，可能處於整理蓄勢、股價已脫離52週低點,仍需觀察技術面是否轉強,2026-10-08 16:44:20
1565,3686,3686.TW,達能,半導體業,15.800000190734863,40,低檔觀察型,60.49,52.79,4.31,-32.19,47.47,6.33,-1.66,0.41,股價距離52週高點有修復空間、潛在反彈空間較大、均線糾結，可能處於整理蓄勢,仍低於中長期均線，需耐心等待,2026-10-08 16:44:20
1566,2114,2114.TW,鑫永銓,橡膠工業,90.0,40,防守修復型,59.2,4.82,1.35,-4.66,4.89,1.44,0.96,0.82,均線糾結，可能處於整理蓄勢、波動相對可控、成交量尚未明顯枯竭,仍需觀察技術面是否轉強,2026-10-08 16:44:20
1567,2236,2236.TW,百達-KY,汽車工業,84.30000305175781,40,低檔觀察型,19.81,59.71,27.48,-54.31,118.86,-33.39,-37.26,5.3,潛在反彈空間較大、成交量尚未明顯枯竭、股價低於季線，具修復空間,跌幅過深，需留意基本面是否惡化、RSI過低，短線賣壓仍重,2026-10-08 16:44:20
1568,2059,2059.TW,川湖,電子零組件業,11790.0,40,低檔觀察型,43.98,68.98,7.18,-18.75,23.07,2.22,36.33,0.58,股價距離52週高點有修復空間、RSI位於低檔整理區、均線糾結，可能處於整理蓄勢,波動過高，風險較大,2026-10-08 16:44:20
1569,7714O,7714.TWO,創泓科技,數位雲端,168.5,40,低檔觀察型,49.99,62.21,1.32,-18.8,23.15,0.35,11.77,0.24,股價距離52週高點有修復空間、RSI位於低檔整理區、均線糾結，可能處於整理蓄勢,波動過高，風險較大,2026-10-08 16:44:20
1570,6509O,6509.TWO,聚和,化學工業,50.400001525878906,40,防守修復型,69.15,19.41,3.88,-12.35,14.09,7.68,6.65,2.78,均線糾結，可能處於整理蓄勢、股價已脫離52週低點、波動相對可控,仍需觀察技術面是否轉強,2026-10-08 16:44:20
1571,4714O,4714.TWO,永捷,化學工業,11.949999809265137,40,低檔觀察型,55.17,45.65,7.93,-41.28,70.29,8.12,-3.14,0.42,股價距離52週高點有修復空間、潛在反彈空間較大、均線糾結，可能處於整理蓄勢,仍低於中長期均線，需耐心等待,2026-10-08 16:44:20
1572,5283,5283.TW,禾聯碩,電器電纜,51.599998474121094,40,防守修復型,44.3,27.06,6.27,-8.35,9.11,3.0,7.6,0.42,RSI位於低檔整理區、均線糾結，可能處於整理蓄勢、股價已脫離52週低點,仍需觀察技術面是否轉強,2026-10-08 16:44:20
1573,5903O,5903.TWO,全家,居家生活,185.5,40,防守修復型,49.56,5.65,0.47,-5.6,5.93,-0.33,-1.05,0.75,RSI位於低檔整理區、均線糾結，可能處於整理蓄勢、波動相對可控,仍低於中長期均線，需耐心等待,2026-10-08 16:44:20
1574,00708L,00708L.TW,期元大S&P黃金正2,nan,70.25,40,低檔觀察型,33.83,37.23,4.43,-51.32,105.41,-9.08,-14.03,0.8,潛在反彈空間較大、均線糾結，可能處於整理蓄勢、股價低於季線，具修復空間,跌幅過深，需留意基本面是否惡化、仍低於中長期均線，需耐心等待,2026-10-08 16:44:20
1575,2611,2611.TW,志信,航運業,15.050000190734863,40,防守修復型,60.05,28.86,1.33,-12.5,14.29,4.3,7.1,0.86,均線糾結，可能處於整理蓄勢、股價已脫離52週低點、波動相對可控,仍需觀察技術面是否轉強,2026-10-08 16:44:20
1576,2845,2845.TW,遠東銀,金融保險業,13.0,40,防守修復型,40.93,14.88,2.0,-5.45,5.77,-2.16,1.24,0.5,RSI位於低檔整理區、均線糾結，可能處於整理蓄勢、股價已脫離52週低點,仍需觀察技術面是否轉強,2026-10-08 16:44:20
1577,2849,2849.TW,安泰銀,金融保險業,15.350000381469727,40,低檔觀察型,47.87,31.16,4.98,-5.54,5.86,1.95,5.6,0.32,RSI位於低檔整理區、均線糾結，可能處於整理蓄勢、股價已脫離52週低點,仍需觀察技術面是否轉強,2026-10-08 16:44:20
1578,2905,2905.TW,三商,貿易百貨業,17.700000762939453,40,防守修復型,45.29,21.21,5.71,-6.1,6.5,2.48,12.34,0.26,RSI位於低檔整理區、均線糾結，可能處於整理蓄勢、股價已脫離52週低點,仍需觀察技術面是否轉強,2026-10-08 16:44:20
1579,3118O,3118.TWO,進階,生技醫療業,31.299999237060547,40,防守修復型,47.0,11.44,1.1,-8.21,8.95,-1.08,-2.9,0.74,RSI位於低檔整理區、均線糾結，可能處於整理蓄勢、波動相對可控,仍低於中長期均線，需耐心等待,2026-10-08 16:44:20
1580,6958,6958.TW,日盛台駿,其他業,16.75,40,防守修復型,41.76,25.32,1.39,-12.26,13.97,-3.81,-2.14,0.22,RSI位於低檔整理區、均線糾結，可能處於整理蓄勢、股價已脫離52週低點,仍低於中長期均線，需耐心等待,2026-10-08 16:44:20
1581,2897,2897.TW,王道銀行,金融保險業,10.649999618530273,40,防守修復型,43.57,17.72,4.03,-5.33,5.63,1.11,2.4,0.25,RSI位於低檔整理區、均線糾結，可能處於整理蓄勢、股價已脫離52週低點,仍需觀察技術面是否轉強,2026-10-08 16:44:20
1582,3064O,3064.TWO,泰偉,文化創意業,14.600000381469727,40,低檔觀察型,21.5,58.08,14.35,-71.87,255.48,-19.49,-22.33,0.57,潛在反彈空間較大、股價低於季線，具修復空間、股價低於半年線，具左側布局特徵,跌幅過深，需留意基本面是否惡化、RSI過低，短線賣壓仍重,2026-10-08 16:44:20
1583,2467,2467.TW,志聖,電子零組件業,569.0,40,低檔觀察型,55.3,36.83,0.18,-14.82,17.4,3.81,0.15,1.78,均線糾結，可能處於整理蓄勢、股價已脫離52週低點、成交量尚未明顯枯竭,仍需觀察技術面是否轉強,2026-10-08 16:44:20
1584,6290O,6290.TWO,良維,電子零組件業,284.5,40,低檔觀察型,60.47,45.57,11.51,-22.48,29.0,15.82,4.2,1.25,股價距離52週高點有修復空間、潛在反彈空間較大、股價已脫離52週低點,股價已明顯高於季線，低估性下降,2026-10-08 16:44:20
1585,3231,3231.TW,緯創,電腦及週邊設備業,185.0,40,低檔觀察型,50.07,33.34,3.15,-6.57,7.03,2.91,11.8,0.61,RSI位於低檔整理區、均線糾結，可能處於整理蓄勢、股價已脫離52週低點,仍需觀察技術面是否轉強,2026-10-08 16:44:20
1586,6592,6592.TW,和潤企業,其他業,56.599998474121094,40,防守修復型,34.28,12.59,5.44,-13.12,15.1,-5.57,-6.23,0.72,均線糾結，可能處於整理蓄勢、波動相對可控、股價低於季線，具修復空間,仍低於中長期均線，需耐心等待,2026-10-08 16:44:20
1587,2008,2008.TW,高興昌,鋼鐵工業,30.950000762939453,40,防守修復型,52.7,18.63,0.19,-1.59,1.62,0.6,3.66,0.42,RSI位於低檔整理區、均線糾結，可能處於整理蓄勢、股價已脫離52週低點,仍需觀察技術面是否轉強,2026-10-08 16:44:20
1588,6550,6550.TW,北極星藥業-KY,生技醫療業,16.049999237060547,40,低檔觀察型,21.39,37.74,19.6,-77.34,341.35,-22.29,-35.49,0.86,潛在反彈空間較大、成交量尚未明顯枯竭、股價低於季線，具修復空間,跌幅過深，需留意基本面是否惡化、RSI過低，短線賣壓仍重,2026-10-08 16:44:20
1589,2363,2363.TW,矽統,半導體業,60.70000076293945,40,低檔觀察型,62.54,48.72,9.28,-20.24,25.37,11.88,4.18,0.76,股價距離52週高點有修復空間、潛在反彈空間較大、股價已脫離52週低點,仍需觀察技術面是否轉強,2026-10-08 16:44:20
1590,3672O,3672.TWO,康聯訊,通信網路業,12.850000381469727,40,低檔觀察型,59.63,43.03,3.24,-14.33,16.73,2.77,5.49,11.36,均線糾結，可能處於整理蓄勢、股價已脫離52週低點、成交量尚未明顯枯竭,仍需觀察技術面是否轉強,2026-10-08 16:44:20
1591,3034,3034.TW,聯詠,半導體業,529.0,40,防守修復型,44.02,23.63,3.18,-6.7,7.18,0.26,4.49,0.66,RSI位於低檔整理區、均線糾結，可能處於整理蓄勢、股價已脫離52週低點,仍需觀察技術面是否轉強,2026-10-08 16:44:20
1592,3558O,3558.TWO,神準,通信網路業,134.0,40,防守修復型,67.78,26.1,2.35,-12.99,14.93,6.43,6.03,4.26,均線糾結，可能處於整理蓄勢、股價已脫離52週低點、波動相對可控,仍需觀察技術面是否轉強,2026-10-08 16:44:20
1593,4804O,4804.TWO,大略-KY,觀光餐旅,3.2699999809265137,40,防守修復型,22.49,0.0,0.0,-64.11,178.59,0.0,0.0,,潛在反彈空間較大、均線糾結，可能處於整理蓄勢、波動相對可控,跌幅過深，需留意基本面是否惡化、RSI過低，短線賣壓仍重,2026-10-08 16:44:20
1594,6895O,6895.TWO,宏碩系統,半導體業,155.0,40,低檔觀察型,60.28,32.67,9.04,-45.61,83.87,14.24,5.44,0.36,潛在反彈空間較大、股價已脫離52週低點、波動相對可控,跌幅過深，需留意基本面是否惡化,2026-10-08 16:44:20
1595,6865O,6865.TWO,偉康科技,數位雲端,26.700000762939453,40,低檔觀察型,47.85,51.76,6.24,-48.46,94.01,2.36,-4.87,0.37,潛在反彈空間較大、RSI位於低檔整理區、均線糾結，可能處於整理蓄勢,跌幅過深，需留意基本面是否惡化、仍低於中長期均線，需耐心等待,2026-10-08 16:44:20
1596,3646O,3646.TWO,艾恩特,電子零組件業,25.100000381469727,40,防守修復型,68.75,10.37,4.29,-13.0,14.94,5.4,6.17,1.04,均線糾結，可能處於整理蓄勢、股價已脫離52週低點、波動相對可控,仍需觀察技術面是否轉強,2026-10-08 16:44:20
1597,6894O,6894.TWO,衛司特,綠能環保,363.0,40,低檔觀察型,55.26,35.97,5.42,-11.25,12.67,5.56,3.5,0.87,均線糾結，可能處於整理蓄勢、股價已脫離52週低點、成交量尚未明顯枯竭,仍需觀察技術面是否轉強,2026-10-08 16:44:20
1598,1525,1525.TW,江申,汽車工業,63.20000076293945,40,防守修復型,28.74,8.64,4.11,-11.98,13.61,-4.87,-3.45,2.14,均線糾結，可能處於整理蓄勢、股價已脫離52週低點、波動相對可控,RSI過低，短線賣壓仍重、仍低於中長期均線，需耐心等待,2026-10-08 16:44:20
1599,3266,3266.TW,昇陽,建材營造業,14.0,40,防守修復型,52.29,15.37,0.42,-1.41,1.43,0.79,3.08,0.23,RSI位於低檔整理區、均線糾結，可能處於整理蓄勢、股價已脫離52週低點,仍需觀察技術面是否轉強,2026-10-08 16:44:20
1600,2753,2753.TW,八方雲集,觀光餐旅,184.0,40,防守修復型,61.23,13.24,3.18,-10.97,12.32,4.63,5.74,0.86,均線糾結，可能處於整理蓄勢、股價已脫離52週低點、波動相對可控,仍需觀察技術面是否轉強,2026-10-08 16:44:20
1601,2832,2832.TW,台產,金融保險業,57.0,40,防守修復型,44.57,13.69,1.79,-7.32,7.89,-1.81,1.7,0.52,RSI位於低檔整理區、均線糾結，可能處於整理蓄勢、股價已脫離52週低點,仍需觀察技術面是否轉強,2026-10-08 16:44:20
1602,2834,2834.TW,臺企銀,金融保險業,17.549999237060547,40,防守修復型,49.94,24.12,4.52,-6.4,6.84,2.58,6.92,0.3,RSI位於低檔整理區、均線糾結，可能處於整理蓄勢、股價已脫離52週低點,仍需觀察技術面是否轉強,2026-10-08 16:44:20
1603,2739,2739.TW,寒舍,觀光餐旅,36.20000076293945,40,防守修復型,41.48,9.45,1.77,-5.97,6.35,0.2,0.94,0.43,RSI位於低檔整理區、均線糾結，可能處於整理蓄勢、股價已脫離52週低點,仍需觀察技術面是否轉強,2026-10-08 16:44:20
1604,1589,1589.TW,永冠-KY,電機機械,5.539999961853027,40,防守修復型,24.05,0.0,0.0,-75.13,302.01,0.0,0.0,,潛在反彈空間較大、均線糾結，可能處於整理蓄勢、波動相對可控,跌幅過深，需留意基本面是否惡化、RSI過低，短線賣壓仍重,2026-10-08 16:44:20
1605,00849BO,00849B.TWO,中信EM主權債0-5,nan,37.2400016784668,40,防守修復型,50.31,4.5,0.82,-2.03,2.07,-0.59,-0.33,0.73,RSI位於低檔整理區、均線糾結，可能處於整理蓄勢、波動相對可控,仍低於中長期均線，需耐心等待,2026-10-08 16:44:20
1606,6195O,6195.TWO,詩肯,居家生活,28.049999237060547,40,防守修復型,54.66,7.9,1.76,-3.28,3.39,1.57,5.18,0.53,RSI位於低檔整理區、均線糾結，可能處於整理蓄勢、股價已脫離52週低點,仍需觀察技術面是否轉強,2026-10-08 16:44:20
1607,1809,1809.TW,中釉,玻璃陶瓷,46.5,40,低檔觀察型,62.77,58.27,12.17,-21.98,28.17,17.86,12.05,0.84,股價距離52週高點有修復空間、潛在反彈空間較大、股價已脫離52週低點,股價已明顯高於季線，低估性下降,2026-10-08 16:44:20
1608,2357,2357.TW,華碩,電腦及週邊設備業,989.0,40,低檔觀察型,59.17,32.27,7.98,-3.51,3.64,11.0,24.05,0.76,均線糾結，可能處於整理蓄勢、股價已脫離52週低點、波動相對可控,仍需觀察技術面是否轉強,2026-10-08 16:44:20
1609,3556O,3556.TWO,禾瑞亞,半導體業,65.5999984741211,40,低檔觀察型,71.43,40.39,4.42,-18.41,22.56,7.75,5.71,6.75,股價距離52週高點有修復空間、均線糾結，可能處於整理蓄勢、股價已脫離52週低點,RSI偏高，不符合低檔潛伏,2026-10-08 16:44:20
1610,00918,00918.TW,大華優利高填息30,nan,34.13999938964844,40,防守修復型,46.48,22.35,2.85,-5.82,6.18,1.18,10.19,0.35,RSI位於低檔整理區、均線糾結，可能處於整理蓄勢、股價已脫離52週低點,仍需觀察技術面是否轉強,2026-10-08 16:44:20
1611,00919,00919.TW,群益台灣精選高息,nan,31.799999237060547,40,防守修復型,50.31,11.6,4.16,-3.69,3.84,3.06,8.78,0.45,RSI位於低檔整理區、均線糾結，可能處於整理蓄勢、股價已脫離52週低點,仍需觀察技術面是否轉強,2026-10-08 16:44:20
1612,00921,00921.TW,兆豐龍頭等權重,nan,23.979999542236328,40,防守修復型,53.9,19.58,1.07,-3.15,3.25,1.41,4.95,0.5,RSI位於低檔整理區、均線糾結，可能處於整理蓄勢、股價已脫離52週低點,仍需觀察技術面是否轉強,2026-10-08 16:44:20
1613,2606,2606.TW,裕民,航運業,74.5,40,防守修復型,49.4,28.59,7.42,-6.52,6.98,5.6,10.39,0.58,RSI位於低檔整理區、均線糾結，可能處於整理蓄勢、股價已脫離52週低點,仍需觀察技術面是否轉強,2026-10-08 16:44:20
1614,6908,6908.TW,宏碁遊戲-創,電子通路業,26.049999237060547,40,低檔觀察型,25.31,41.23,15.04,-62.73,168.33,-17.43,-26.0,1.39,潛在反彈空間較大、成交量尚未明顯枯竭、股價低於季線，具修復空間,跌幅過深，需留意基本面是否惡化、RSI過低，短線賣壓仍重,2026-10-08 16:44:20
1615,6266O,6266.TWO,泰詠,電子零組件業,26.399999618530273,40,防守修復型,67.04,29.66,2.39,-14.15,16.48,5.58,1.84,0.83,均線糾結，可能處於整理蓄勢、股價已脫離52週低點、波動相對可控,仍需觀察技術面是否轉強,2026-10-08 16:44:20
1616,8438,8438.TW,昶昕,綠能環保,81.69999694824219,40,低檔觀察型,67.45,43.55,11.79,-23.29,30.35,16.32,1.41,0.76,股價距離52週高點有修復空間、潛在反彈空間較大、股價已脫離52週低點,股價已明顯高於季線，低估性下降,2026-10-08 16:44:20
1617,2406,2406.TW,國碩,光電業,30.899999618530273,40,低檔觀察型,58.95,45.16,6.11,-26.08,35.28,3.11,-4.65,0.48,股價距離52週高點有修復空間、潛在反彈空間較大、均線糾結，可能處於整理蓄勢,仍低於中長期均線，需耐心等待,2026-10-08 16:44:20
1618,2420,2420.TW,新巨,電子零組件業,56.599998474121094,40,防守修復型,57.7,24.36,1.81,-13.32,15.37,1.59,-1.96,0.72,均線糾結，可能處於整理蓄勢、股價已脫離52週低點、波動相對可控,仍低於中長期均線，需耐心等待,2026-10-08 16:44:20
1619,00955O,00955.TWO,中信日本商社,nan,15.880000114440918,40,防守修復型,46.59,16.53,3.91,-7.13,7.68,1.73,4.04,0.47,RSI位於低檔整理區、均線糾結，可能處於整理蓄勢、股價已脫離52週低點,仍需觀察技術面是否轉強,2026-10-08 16:44:20
1620,6534,6534.TW,正瀚-創,生技醫療業,94.0,40,防守修復型,62.74,14.46,1.18,-14.55,17.02,1.82,1.07,1.33,均線糾結，可能處於整理蓄勢、股價已脫離52週低點、波動相對可控,仍需觀察技術面是否轉強,2026-10-08 16:44:20
1621,6670,6670.TW,復盛應用,運動休閒,274.0,40,防守修復型,53.97,12.12,1.62,-8.82,9.67,1.99,2.82,0.47,RSI位於低檔整理區、均線糾結，可能處於整理蓄勢、股價已脫離52週低點,仍需觀察技術面是否轉強,2026-10-08 16:44:20
1622,3045,3045.TW,台灣大,通信網路業,122.5,40,防守修復型,59.57,14.81,5.04,-1.61,1.63,5.67,6.38,0.76,均線糾結，可能處於整理蓄勢、股價已脫離52週低點、波動相對可控,仍需觀察技術面是否轉強,2026-10-08 16:44:20
1623,9912,9912.TW,偉聯,電腦及週邊設備業,13.050000190734863,40,防守修復型,52.73,18.6,1.05,-7.45,8.05,1.69,2.92,0.53,RSI位於低檔整理區、均線糾結，可能處於整理蓄勢、股價已脫離52週低點,仍需觀察技術面是否轉強,2026-10-08 16:44:20
1624,00907,00907.TW,永豐優息存股,nan,17.68000030517578,40,防守修復型,53.12,10.3,3.34,-2.1,2.15,2.99,8.28,0.51,RSI位於低檔整理區、均線糾結，可能處於整理蓄勢、股價已脫離52週低點,仍需觀察技術面是否轉強,2026-10-08 16:44:20
1625,8367,8367.TW,建新國際,航運業,40.900001525878906,40,防守修復型,53.93,12.13,0.12,-11.47,12.96,0.81,0.02,0.21,RSI位於低檔整理區、均線糾結，可能處於整理蓄勢、波動相對可控,仍需觀察技術面是否轉強,2026-10-08 16:44:20
1626,2520,2520.TW,冠德,建材營造業,37.0,40,防守修復型,53.27,18.83,2.58,-3.52,3.65,2.78,8.53,0.39,RSI位於低檔整理區、均線糾結，可能處於整理蓄勢、股價已脫離52週低點,仍需觀察技術面是否轉強,2026-10-08 16:44:20
1627,1470,1470.TW,大統新創,紡織纖維,24.299999237060547,40,防守修復型,53.12,22.03,2.11,-2.21,2.26,2.78,6.05,0.19,RSI位於低檔整理區、均線糾結，可能處於整理蓄勢、股價已脫離52週低點,仍需觀察技術面是否轉強,2026-10-08 16:44:20
1628,00702,00702.TW,國泰標普低波高息,nan,23.079999923706055,40,防守修復型,12.59,6.36,5.68,-9.6,10.62,-6.74,-5.56,0.03,均線糾結，可能處於整理蓄勢、波動相對可控、股價低於季線，具修復空間,RSI過低，短線賣壓仍重、仍低於中長期均線，需耐心等待,2026-10-08 16:44:20
1629,2707,2707.TW,晶華,觀光餐旅,175.0,40,防守修復型,38.12,5.33,1.44,-9.56,10.57,-1.84,-1.22,0.76,RSI位於低檔整理區、均線糾結，可能處於整理蓄勢、波動相對可控,仍低於中長期均線，需耐心等待,2026-10-08 16:44:20
1630,2421,2421.TW,建準,電子零組件業,171.5,40,防守修復型,59.19,29.39,8.49,-9.5,10.5,12.88,14.03,0.8,股價已脫離52週低點、波動相對可控、成交量尚未明顯枯竭,仍需觀察技術面是否轉強,2026-10-08 16:44:20
1631,2432,2432.TW,倚天酷碁-創,電腦及週邊設備業,28.299999237060547,40,防守修復型,64.55,12.9,1.16,-11.42,12.9,1.67,1.69,6.17,均線糾結，可能處於整理蓄勢、股價已脫離52週低點、波動相對可控,仍需觀察技術面是否轉強,2026-10-08 16:44:20
1632,2617,2617.TW,台航,航運業,32.099998474121094,40,防守修復型,51.27,27.43,5.64,-4.61,4.83,4.48,6.37,0.45,RSI位於低檔整理區、均線糾結，可能處於整理蓄勢、股價已脫離52週低點,仍需觀察技術面是否轉強,2026-10-08 16:44:20
1633,1439,1439.TW,雋揚,建材營造業,29.149999618530273,40,防守修復型,54.97,25.81,1.68,-5.66,6.0,2.94,8.43,0.0,RSI位於低檔整理區、均線糾結，可能處於整理蓄勢、股價已脫離52週低點,仍需觀察技術面是否轉強,2026-10-08 16:44:20
1634,6023O,6023.TWO,元大期,金融保險業,84.5,40,防守修復型,45.25,19.96,0.07,-10.02,11.14,-1.19,-2.06,0.37,RSI位於低檔整理區、均線糾結，可能處於整理蓄勢、股價已脫離52週低點,仍低於中長期均線，需耐心等待,2026-10-08 16:44:20
1635,7827,7827.TW,漢康-KY創,生技醫療業,165.5,40,低檔觀察型,62.12,31.41,5.14,-10.54,11.78,5.85,7.28,1.36,均線糾結，可能處於整理蓄勢、股價已脫離52週低點、波動相對可控,仍需觀察技術面是否轉強,2026-10-08 16:44:20
1636,00700,00700.TW,富邦恒生國企,nan,16.670000076293945,40,防守修復型,42.16,14.57,2.52,-13.45,15.54,-3.46,-2.39,0.14,RSI位於低檔整理區、均線糾結，可能處於整理蓄勢、股價已脫離52週低點,仍低於中長期均線，需耐心等待,2026-10-08 16:44:20
1637,00693U,00693U.TW,期街口S&P黃豆,nan,23.329999923706055,40,防守修復型,47.81,18.69,4.15,-3.75,3.9,2.4,4.96,0.26,RSI位於低檔整理區、均線糾結，可能處於整理蓄勢、股價已脫離52週低點,仍需觀察技術面是否轉強,2026-10-08 16:44:20
1638,2636,2636.TW,台驊控股,航運業,70.0999984741211,40,防守修復型,49.25,20.01,3.11,-6.03,6.42,2.24,2.16,0.46,RSI位於低檔整理區、均線糾結，可能處於整理蓄勢、股價已脫離52週低點,仍需觀察技術面是否轉強,2026-10-08 16:44:20
1639,2618,2618.TW,長榮航,航運業,41.95000076293945,40,防守修復型,49.0,22.38,0.26,-6.57,7.03,-0.45,5.04,0.43,RSI位於低檔整理區、均線糾結，可能處於整理蓄勢、股價已脫離52週低點,仍需觀察技術面是否轉強,2026-10-08 16:44:20
1640,1268O,1268.TWO,漢來美食,觀光餐旅,175.0,40,防守修復型,48.06,7.99,0.9,-5.41,5.71,-0.29,2.93,0.41,RSI位於低檔整理區、均線糾結，可能處於整理蓄勢、股價已脫離52週低點,仍需觀察技術面是否轉強,2026-10-08 16:44:20
1641,00636,00636.TW,國泰中國A50,nan,26.170000076293945,40,防守修復型,30.17,11.54,4.14,-11.32,12.76,-5.88,-7.14,0.28,均線糾結，可能處於整理蓄勢、波動相對可控、股價低於季線，具修復空間,仍低於中長期均線，需耐心等待,2026-10-08 16:44:20
1642,7825O,7825.TWO,和亞智慧,其他電子業,78.0999984741211,39,低檔觀察型,43.46,107.58,6.79,-64.5,181.69,-3.23,-19.9,0.18,潛在反彈空間較大、RSI位於低檔整理區、均線糾結，可能處於整理蓄勢,跌幅過深，需留意基本面是否惡化、波動過高，風險較大,2026-10-08 16:44:20
1643,3138,3138.TW,耀登,通信網路業,102.0,39,低檔觀察型,54.66,65.01,3.38,-53.1,113.24,5.25,-17.1,0.7,潛在反彈空間較大、RSI位於低檔整理區、均線糾結，可能處於整理蓄勢,跌幅過深，需留意基本面是否惡化、波動過高，風險較大,2026-10-08 16:44:20
1644,7712O,7712.TWO,博盛半導體,半導體業,173.0,38,低檔觀察型,64.41,42.08,9.67,-18.97,23.41,15.16,12.03,0.96,股價距離52週高點有修復空間、股價已脫離52週低點、成交量尚未明顯枯竭,股價已明顯高於季線，低估性下降,2026-10-08 16:44:20
1645,6603O,6603.TWO,富強鑫,電機機械,28.799999237060547,38,低檔觀察型,57.85,56.88,7.21,-16.16,19.27,8.99,13.97,0.65,股價距離52週高點有修復空間、均線糾結，可能處於整理蓄勢、股價已脫離52週低點,仍需觀察技術面是否轉強,2026-10-08 16:44:20
1646,2104,2104.TW,國際中橡,橡膠工業,11.300000190734863,38,低檔觀察型,59.32,53.99,5.9,-17.52,21.24,8.25,8.1,0.6,股價距離52週高點有修復空間、均線糾結，可能處於整理蓄勢、股價已脫離52週低點,仍需觀察技術面是否轉強,2026-10-08 16:44:20
1647,7795,7795.TW,長廣,電子零組件業,545.0,38,低檔觀察型,57.14,55.24,4.99,-18.17,22.2,10.3,18.19,0.64,股價距離52週高點有修復空間、均線糾結，可能處於整理蓄勢、股價已脫離52週低點,仍需觀察技術面是否轉強,2026-10-08 16:44:20
1648,6617O,6617.TWO,共信-KY,生技醫療業,121.5,38,低檔觀察型,43.43,53.42,17.3,-15.03,17.7,7.9,31.6,0.52,股價距離52週高點有修復空間、RSI位於低檔整理區、股價已脫離52週低點,仍需觀察技術面是否轉強,2026-10-08 16:44:20
1649,6674,6674.TW,鋐寶科技,通信網路業,18.299999237060547,38,低檔觀察型,69.6,42.51,11.38,-19.74,24.59,12.84,7.68,0.15,股價距離52週高點有修復空間、股價已脫離52週低點、股價仍在中長期均線之上,仍需觀察技術面是否轉強,2026-10-08 16:44:20
1650,3714,3714.TW,富采,光電業,67.4000015258789,38,低檔觀察型,55.21,41.9,12.51,-17.2,20.77,12.36,4.47,0.31,股價距離52週高點有修復空間、股價已脫離52週低點、股價仍在中長期均線之上,仍需觀察技術面是否轉強,2026-10-08 16:44:20
1651,5483O,5483.TWO,中美晶,半導體業,224.0,38,低檔觀察型,69.43,53.78,5.79,-19.42,24.11,16.59,26.78,1.36,股價距離52週高點有修復空間、均線糾結，可能處於整理蓄勢、股價已脫離52週低點,股價已明顯高於季線，低估性下降,2026-10-08 16:44:20
1652,6224,6224.TW,聚鼎,電子零組件業,80.19999694824219,38,低檔觀察型,49.45,49.37,15.64,-15.58,18.45,12.49,8.4,0.73,股價距離52週高點有修復空間、RSI位於低檔整理區、股價已脫離52週低點,仍需觀察技術面是否轉強,2026-10-08 16:44:20
1653,00782BO,00782B.TWO,國泰A級公用債,nan,28.059999465942383,37,防守修復型,25.92,9.46,3.42,-11.87,13.47,-4.81,-6.46,0.44,均線糾結，可能處於整理蓄勢、波動相對可控、股價低於半年線，具左側布局特徵,RSI過低，短線賣壓仍重、仍低於中長期均線，需耐心等待,2026-10-08 16:44:20
1654,00786BO,00786B.TWO,元大10年IG銀行債,nan,30.399999618530273,37,防守修復型,27.02,8.41,3.91,-10.59,11.84,-4.88,-6.1,0.2,均線糾結，可能處於整理蓄勢、波動相對可控、股價低於半年線，具左側布局特徵,RSI過低，短線賣壓仍重、仍低於中長期均線，需耐心等待,2026-10-08 16:44:20
1655,8086O,8086.TWO,宏捷科,半導體業,140.0,37,低檔觀察型,76.08,53.53,3.54,-21.79,27.86,20.65,4.59,4.24,股價距離52週高點有修復空間、潛在反彈空間較大、均線糾結，可能處於整理蓄勢,RSI偏高，不符合低檔潛伏、股價已明顯高於季線，低估性下降,2026-10-08 16:44:20
1656,00746BO,00746B.TWO,富邦A級公司債,nan,33.0099983215332,37,防守修復型,27.4,8.95,3.23,-10.05,11.18,-4.35,-5.81,0.53,均線糾結，可能處於整理蓄勢、波動相對可控、股價低於半年線，具左側布局特徵,RSI過低，短線賣壓仍重、仍低於中長期均線，需耐心等待,2026-10-08 16:44:20
1657,1595O,1595.TWO,川寶,半導體業,72.30000305175781,37,低檔觀察型,51.87,68.44,17.92,-28.06,39.0,12.26,1.03,0.51,股價距離52週高點有修復空間、潛在反彈空間較大、RSI位於低檔整理區,波動過高，風險較大,2026-10-08 16:44:20
1658,1591O,1591.TWO,駿吉-KY,電機機械,40.650001525878906,37,低檔觀察型,54.08,68.17,9.57,-39.96,66.54,8.69,-0.19,0.42,股價距離52週高點有修復空間、潛在反彈空間較大、RSI位於低檔整理區,波動過高，風險較大、仍低於中長期均線，需耐心等待,2026-10-08 16:44:20
1659,4720,4720.TW,德淵,化學工業,23.25,37,低檔觀察型,66.92,70.36,5.88,-21.72,27.74,20.04,4.06,6.62,股價距離52週高點有修復空間、潛在反彈空間較大、均線糾結，可能處於整理蓄勢,波動過高，風險較大、股價已明顯高於季線，低估性下降,2026-10-08 16:44:20
1660,8121O,8121.TWO,越峰,電子零組件業,34.650001525878906,37,低檔觀察型,66.84,66.53,6.87,-36.31,57.0,15.9,0.12,2.42,股價距離52週高點有修復空間、潛在反彈空間較大、均線糾結，可能處於整理蓄勢,波動過高，風險較大、股價已明顯高於季線，低估性下降,2026-10-08 16:44:20
1661,00722BO,00722B.TWO,群益投資級電信債,nan,32.7400016784668,37,防守修復型,27.52,10.26,3.1,-12.88,14.78,-4.58,-6.89,0.71,均線糾結，可能處於整理蓄勢、波動相對可控、股價低於半年線，具左側布局特徵,RSI過低，短線賣壓仍重、仍低於中長期均線，需耐心等待,2026-10-08 16:44:20
1662,5251O,5251.TWO,天鉞電,光電業,31.100000381469727,37,低檔觀察型,61.43,62.41,10.47,-24.61,32.64,14.58,9.51,1.45,股價距離52週高點有修復空間、潛在反彈空間較大、股價已脫離52週低點,波動過高，風險較大,2026-10-08 16:44:20
1663,00749BO,00749B.TWO,凱基新興債10+,nan,29.34000015258789,37,防守修復型,28.5,10.06,3.56,-9.72,10.77,-4.88,-6.27,1.0,均線糾結，可能處於整理蓄勢、波動相對可控、成交量尚未明顯枯竭,RSI過低，短線賣壓仍重、仍低於中長期均線，需耐心等待,2026-10-08 16:44:20
1664,4722,4722.TW,國精化,化學工業,224.0,37,低檔觀察型,63.29,61.15,3.96,-26.92,36.83,9.02,-0.88,1.85,股價距離52週高點有修復空間、潛在反彈空間較大、均線糾結，可能處於整理蓄勢,波動過高，風險較大、仍低於中長期均線，需耐心等待,2026-10-08 16:44:20
1665,00848BO,00848B.TWO,中信新興亞洲債,nan,32.06999969482422,37,防守修復型,22.29,6.97,3.0,-9.05,9.95,-4.13,-5.31,1.54,均線糾結，可能處於整理蓄勢、波動相對可控、成交量尚未明顯枯竭,RSI過低，短線賣壓仍重、仍低於中長期均線，需耐心等待,2026-10-08 16:44:20
1666,6441O,6441.TWO,廣錠,電腦及週邊設備業,22.549999237060547,37,低檔觀察型,43.43,81.67,9.02,-29.75,42.35,1.14,-3.41,0.21,股價距離52週高點有修復空間、潛在反彈空間較大、RSI位於低檔整理區,波動過高，風險較大、仍低於中長期均線，需耐心等待,2026-10-08 16:44:20
1667,00982D,00982D.TW,主動富邦動態入息,nan,9.260000228881836,37,防守修復型,17.5,5.73,3.3,-9.83,10.91,-4.58,-5.82,1.06,均線糾結，可能處於整理蓄勢、波動相對可控、成交量尚未明顯枯竭,RSI過低，短線賣壓仍重、仍低於中長期均線，需耐心等待,2026-10-08 16:44:20
1668,00842BO,00842B.TWO,台新美元銀行債,nan,27.950000762939453,37,防守修復型,23.3,8.72,3.58,-14.55,17.03,-4.91,-6.8,0.21,均線糾結，可能處於整理蓄勢、波動相對可控、股價低於半年線，具左側布局特徵,RSI過低，短線賣壓仍重、仍低於中長期均線，需耐心等待,2026-10-08 16:44:20
1669,4563O,4563.TWO,百德,電機機械,53.0,37,低檔觀察型,72.71,33.86,16.96,-22.51,29.06,22.94,19.46,0.74,股價距離52週高點有修復空間、潛在反彈空間較大、股價已脫離52週低點,RSI偏高，不符合低檔潛伏、股價已明顯高於季線，低估性下降,2026-10-08 16:44:20
1670,00986DO,00986D.TWO,主動復華金融債息,nan,13.829999923706055,37,防守修復型,20.7,5.91,3.55,-7.8,8.46,-4.16,-5.35,2.32,均線糾結，可能處於整理蓄勢、波動相對可控、成交量尚未明顯枯竭,RSI過低，短線賣壓仍重、仍低於中長期均線，需耐心等待,2026-10-08 16:44:20
1671,00771,00771.TW,元大US高息特別股,nan,14.890000343322754,37,防守修復型,27.25,5.8,2.96,-9.92,11.01,-3.65,-5.01,1.19,均線糾結，可能處於整理蓄勢、波動相對可控、成交量尚未明顯枯竭,RSI過低，短線賣壓仍重、仍低於中長期均線，需耐心等待,2026-10-08 16:44:20
1672,6658,6658.TW,聯策,其他電子業,202.5,37,低檔觀察型,72.87,43.88,9.7,-21.21,26.91,21.51,16.91,2.37,股價距離52週高點有修復空間、潛在反彈空間較大、股價已脫離52週低點,RSI偏高，不符合低檔潛伏、股價已明顯高於季線，低估性下降,2026-10-08 16:44:20
1673,5202O,5202.TWO,力新,資訊服務業,14.399999618530273,37,低檔觀察型,57.62,75.93,10.64,-24.21,31.94,12.74,8.12,1.48,股價距離52週高點有修復空間、潛在反彈空間較大、股價已脫離52週低點,波動過高，風險較大,2026-10-08 16:44:20
1674,3629O,3629.TWO,地心引力,文化創意業,13.949999809265137,37,低檔觀察型,34.51,89.39,12.13,-49.64,98.57,-12.25,-12.72,1.94,潛在反彈空間較大、股價已脫離52週低點、成交量尚未明顯枯竭,跌幅過深，需留意基本面是否惡化、波動過高，風險較大,2026-10-08 16:44:20
1675,3581O,3581.TWO,博磊,半導體業,113.5,37,低檔觀察型,55.5,58.92,5.07,-59.46,146.7,3.7,-21.74,0.65,潛在反彈空間較大、均線糾結，可能處於整理蓄勢、股價已脫離52週低點,跌幅過深，需留意基本面是否惡化、仍低於中長期均線，需耐心等待,2026-10-08 16:44:20
1676,4183O,4183.TWO,福永生技,生技醫療業,14.75,37,低檔觀察型,58.11,63.12,2.38,-21.54,27.46,3.48,5.08,0.0,股價距離52週高點有修復空間、潛在反彈空間較大、均線糾結，可能處於整理蓄勢,波動過高，風險較大,2026-10-08 16:44:20
1677,6442,6442.TW,光聖,通信網路業,1815.0,37,低檔觀察型,63.82,75.78,5.28,-23.42,30.58,20.79,7.08,1.74,股價距離52週高點有修復空間、潛在反彈空間較大、均線糾結，可能處於整理蓄勢,波動過高，風險較大、股價已明顯高於季線，低估性下降,2026-10-08 16:44:20
1678,4806O,4806.TWO,桂田文創,文化創意業,11.300000190734863,37,低檔觀察型,26.29,66.9,3.02,-49.0,96.06,-17.35,-20.09,0.63,潛在反彈空間較大、均線糾結，可能處於整理蓄勢、股價低於季線，具修復空間,跌幅過深，需留意基本面是否惡化、RSI過低，短線賣壓仍重,2026-10-08 16:44:20
1679,8027O,8027.TWO,鈦昇,電機機械,208.5,37,低檔觀察型,61.18,67.67,7.48,-28.84,40.53,12.1,0.82,0.71,股價距離52週高點有修復空間、潛在反彈空間較大、均線糾結，可能處於整理蓄勢,波動過高，風險較大,2026-10-08 16:44:20
1680,3259O,3259.TWO,鑫創,半導體業,11.5,37,低檔觀察型,48.3,78.47,16.78,-51.78,107.39,-11.63,-22.74,0.38,潛在反彈空間較大、RSI位於低檔整理區、股價已脫離52週低點,跌幅過深，需留意基本面是否惡化、波動過高，風險較大,2026-10-08 16:44:20
1681,5314O,5314.TWO,世紀*,其他業,27.549999237060547,37,低檔觀察型,45.92,121.29,28.02,-41.13,69.87,13.32,36.66,0.68,股價距離52週高點有修復空間、潛在反彈空間較大、RSI位於低檔整理區,波動過高，風險較大,2026-10-08 16:44:20
1682,6449,6449.TW,鈺邦,電子零組件業,261.5,37,低檔觀察型,67.25,61.53,3.71,-43.52,77.06,13.69,-1.33,4.46,股價距離52週高點有修復空間、潛在反彈空間較大、均線糾結，可能處於整理蓄勢,波動過高，風險較大、仍低於中長期均線，需耐心等待,2026-10-08 16:44:20
1683,6994,6994.TW,富威電力,綠能環保,30.25,37,低檔觀察型,47.53,78.75,19.11,-70.2,235.54,-12.51,-34.08,0.58,潛在反彈空間較大、RSI位於低檔整理區、股價已脫離52週低點,跌幅過深，需留意基本面是否惡化、波動過高，風險較大,2026-10-08 16:44:20
1684,00985DO,00985D.TWO,主動貝萊德優投等,nan,9.380000114440918,37,防守修復型,19.94,7.71,3.72,-9.55,10.55,-4.91,-6.33,1.46,均線糾結，可能處於整理蓄勢、波動相對可控、成交量尚未明顯枯竭,RSI過低，短線賣壓仍重、仍低於中長期均線，需耐心等待,2026-10-08 16:44:20
1685,6538O,6538.TWO,倉和,電子零組件業,332.0,37,低檔觀察型,50.71,112.5,38.71,-25.48,34.19,38.63,92.0,3.82,股價距離52週高點有修復空間、潛在反彈空間較大、RSI位於低檔整理區,波動過高，風險較大、股價已明顯高於季線，低估性下降,2026-10-08 16:44:20
1686,6127O,6127.TWO,九豪,電子零組件業,58.29999923706055,37,低檔觀察型,66.43,60.28,4.25,-39.83,66.21,13.38,-0.32,2.13,股價距離52週高點有修復空間、潛在反彈空間較大、均線糾結，可能處於整理蓄勢,波動過高，風險較大、仍低於中長期均線，需耐心等待,2026-10-08 16:44:20
1687,5386O,5386.TWO,青雲,電腦及週邊設備業,281.5,37,低檔觀察型,50.33,66.76,8.91,-28.79,40.44,6.87,-1.32,0.4,股價距離52週高點有修復空間、潛在反彈空間較大、RSI位於低檔整理區,波動過高，風險較大、仍低於中長期均線，需耐心等待,2026-10-08 16:44:20
1688,1558,1558.TW,伸興,電機機械,109.0,35,防守修復型,53.4,17.0,9.44,-4.39,4.59,7.69,13.26,0.24,RSI位於低檔整理區、股價已脫離52週低點、波動相對可控,仍需觀察技術面是否轉強,2026-10-08 16:44:20
1689,5878O,5878.TWO,台名,金融保險業,37.5,35,防守修復型,19.08,3.61,1.39,-10.71,12.0,-2.2,-4.37,1.01,均線糾結，可能處於整理蓄勢、波動相對可控、成交量尚未明顯枯竭,RSI過低，短線賣壓仍重、仍低於中長期均線，需耐心等待,2026-10-08 16:44:20
1690,5007,5007.TW,三星,鋼鐵工業,55.599998474121094,35,防守修復型,45.75,11.06,0.47,-9.59,10.61,-0.95,-1.64,0.18,RSI位於低檔整理區、均線糾結，可能處於整理蓄勢、股價已脫離52週低點,仍低於中長期均線，需耐心等待,2026-10-08 16:44:20
1691,00903,00903.TW,富邦元宇宙,nan,22.280000686645508,35,防守修復型,64.01,15.23,3.75,-4.95,5.21,4.82,6.05,1.62,均線糾結，可能處於整理蓄勢、股價已脫離52週低點、波動相對可控,仍需觀察技術面是否轉強,2026-10-08 16:44:20
1692,3229,3229.TW,晟鈦,電子零組件業,55.70000076293945,35,低檔觀察型,47.41,87.72,13.72,-17.48,21.18,7.46,18.55,0.18,股價距離52週高點有修復空間、RSI位於低檔整理區、股價已脫離52週低點,波動過高，風險較大,2026-10-08 16:44:20
1693,7747O,7747.TWO,昕奇雲端,數位雲端,111.0,35,防守修復型,38.69,12.7,1.85,-12.16,13.84,-2.64,-4.04,0.06,RSI位於低檔整理區、均線糾結，可能處於整理蓄勢、波動相對可控,仍低於中長期均線，需耐心等待,2026-10-08 16:44:20
1694,00923,00923.TW,群益台ESG低碳50,nan,43.0099983215332,35,防守修復型,68.5,16.89,3.3,-3.63,3.77,6.26,7.29,1.15,均線糾結，可能處於整理蓄勢、股價已脫離52週低點、波動相對可控,仍需觀察技術面是否轉強,2026-10-08 16:44:20
1695,00924,00924.TW,復華S&P500成長,nan,34.31999969482422,35,防守修復型,69.39,9.68,2.09,0.0,0.0,3.59,5.73,0.88,均線糾結，可能處於整理蓄勢、股價已脫離52週低點、波動相對可控,仍需觀察技術面是否轉強,2026-10-08 16:44:20
1696,7547O,7547.TWO,碩網,數位雲端,61.5,35,低檔觀察型,65.71,56.18,13.19,-28.24,39.35,16.3,4.81,0.31,股價距離52週高點有修復空間、潛在反彈空間較大、股價已脫離52週低點,股價已明顯高於季線，低估性下降,2026-10-08 16:44:20
1697,00926,00926.TW,凱基全球菁英55,nan,26.850000381469727,35,防守修復型,62.51,9.03,1.68,-1.18,1.19,2.46,5.38,0.86,均線糾結，可能處於整理蓄勢、股價已脫離52週低點、波動相對可控,仍需觀察技術面是否轉強,2026-10-08 16:44:20
1698,00927,00927.TW,群益半導體收益,nan,40.720001220703125,35,防守修復型,68.85,20.31,7.38,-6.46,6.9,9.91,10.11,2.35,均線糾結，可能處於整理蓄勢、股價已脫離52週低點、波動相對可控,仍需觀察技術面是否轉強,2026-10-08 16:44:20
1699,1418,1418.TW,東華,紡織纖維,18.600000381469727,35,防守修復型,61.5,23.93,2.0,-11.0,12.37,3.02,1.96,0.43,均線糾結，可能處於整理蓄勢、股價已脫離52週低點、波動相對可控,仍需觀察技術面是否轉強,2026-10-08 16:44:20
1700,1434,1434.TW,福懋,紡織纖維,18.950000762939453,35,防守修復型,66.01,25.89,0.75,-3.07,3.17,5.21,10.23,5.18,均線糾結，可能處於整理蓄勢、股價已脫離52週低點、波動相對可控,仍需觀察技術面是否轉強,2026-10-08 16:44:20
1701,1710,1710.TW,東聯,化學工業,17.600000381469727,35,低檔觀察型,65.22,32.85,7.32,-6.63,7.1,12.23,18.32,1.12,均線糾結，可能處於整理蓄勢、股價已脫離52週低點、波動相對可控,仍需觀察技術面是否轉強,2026-10-08 16:44:20
1702,00728,00728.TW,第一金工業30,nan,72.4000015258789,35,防守修復型,65.37,20.16,6.51,-0.48,0.48,9.48,14.73,1.25,均線糾結，可能處於整理蓄勢、股價已脫離52週低點、波動相對可控,仍需觀察技術面是否轉強,2026-10-08 16:44:20
1703,00731,00731.TW,復華富時高息低波,nan,98.69999694824219,35,防守修復型,61.26,9.88,4.95,-0.95,0.96,5.67,13.46,0.94,均線糾結，可能處於整理蓄勢、股價已脫離52週低點、波動相對可控,仍需觀察技術面是否轉強,2026-10-08 16:44:20
1704,00735,00735.TW,國泰臺韓科技,nan,112.05000305175781,35,防守修復型,65.21,23.26,6.73,-8.64,9.46,10.04,9.56,1.25,均線糾結，可能處於整理蓄勢、股價已脫離52週低點、波動相對可控,仍需觀察技術面是否轉強,2026-10-08 16:44:20
1705,00401A,00401A.TW,主動摩根台灣鑫收,nan,14.670000076293945,35,防守修復型,68.94,14.79,5.48,0.0,0.0,8.21,10.41,1.42,均線糾結，可能處於整理蓄勢、股價已脫離52週低點、波動相對可控,仍需觀察技術面是否轉強,2026-10-08 16:44:20
1706,00645,00645.TW,富邦日本,nan,59.25,35,防守修復型,60.49,12.89,1.38,0.0,0.0,2.98,5.37,1.26,均線糾結，可能處於整理蓄勢、股價已脫離52週低點、波動相對可控,仍需觀察技術面是否轉強,2026-10-08 16:44:20
1707,2633,2633.TW,台灣高鐵,航運業,25.75,35,防守修復型,47.06,7.25,1.15,-10.28,11.46,-0.74,-0.98,0.48,RSI位於低檔整理區、均線糾結，可能處於整理蓄勢、波動相對可控,仍低於中長期均線，需耐心等待,2026-10-08 16:44:20
1708,1614,1614.TW,三洋電,電器電纜,31.0,35,防守修復型,49.66,10.06,0.3,-14.25,16.61,-0.01,-1.3,0.46,RSI位於低檔整理區、均線糾結，可能處於整理蓄勢、波動相對可控,仍低於中長期均線，需耐心等待,2026-10-08 16:44:20
1709,00651R,00651R.TW,復華香港反1,nan,5.409999847412109,35,防守修復型,60.55,14.15,1.82,-7.68,8.32,3.27,2.17,1.19,均線糾結，可能處於整理蓄勢、股價已脫離52週低點、波動相對可控,仍需觀察技術面是否轉強,2026-10-08 16:44:20
1710,00640L,00640L.TW,富邦日本正2,nan,113.55000305175781,35,防守修復型,61.62,26.02,2.34,0.0,0.0,6.11,10.02,1.21,均線糾結，可能處於整理蓄勢、股價已脫離52週低點、波動相對可控,仍需觀察技術面是否轉強,2026-10-08 16:44:20
1711,2506,2506.TW,太設,建材營造業,8.390000343322754,35,防守修復型,41.86,20.43,2.14,-13.59,15.73,-2.24,-3.53,0.14,RSI位於低檔整理區、均線糾結，可能處於整理蓄勢、波動相對可控,仍低於中長期均線，需耐心等待,2026-10-08 16:44:20
1712,1723,1723.TW,中碳,化學工業,81.4000015258789,35,防守修復型,46.51,12.59,4.62,-9.56,10.57,-3.4,-2.46,0.59,RSI位於低檔整理區、均線糾結，可能處於整理蓄勢、股價已脫離52週低點,仍低於中長期均線，需耐心等待,2026-10-08 16:44:20
1713,00881,00881.TW,國泰台灣科技龍頭,nan,54.5,35,防守修復型,68.64,19.27,3.01,-4.97,5.23,6.64,6.21,1.06,均線糾結，可能處於整理蓄勢、股價已脫離52週低點、波動相對可控,仍需觀察技術面是否轉強,2026-10-08 16:44:20
1714,00892,00892.TW,富邦台灣半導體,nan,44.209999084472656,35,防守修復型,65.27,23.54,6.32,-6.91,7.42,8.76,6.27,0.86,均線糾結，可能處於整理蓄勢、股價已脫離52週低點、波動相對可控,仍需觀察技術面是否轉強,2026-10-08 16:44:20
1715,1604,1604.TW,聲寶,電器電纜,23.299999237060547,35,防守修復型,45.07,5.31,0.38,-8.98,9.87,-0.18,0.07,0.35,RSI位於低檔整理區、均線糾結，可能處於整理蓄勢、波動相對可控,仍需觀察技術面是否轉強,2026-10-08 16:44:20
1716,1605,1605.TW,華新,電器電纜,39.900001525878906,35,防守修復型,66.19,26.61,3.99,-9.93,11.03,9.78,10.99,2.48,均線糾結，可能處於整理蓄勢、股價已脫離52週低點、波動相對可控,仍需觀察技術面是否轉強,2026-10-08 16:44:20
1717,2481,2481.TW,強茂,半導體業,178.5,35,低檔觀察型,61.43,54.37,13.81,-21.54,27.45,18.49,20.16,0.49,股價距離52週高點有修復空間、潛在反彈空間較大、股價已脫離52週低點,股價已明顯高於季線，低估性下降,2026-10-08 16:44:20
1718,00668,00668.TW,國泰美國道瓊,nan,59.70000076293945,35,防守修復型,36.16,7.7,2.7,-6.79,7.29,-3.08,-0.52,0.32,RSI位於低檔整理區、均線糾結，可能處於整理蓄勢、股價已脫離52週低點,仍低於中長期均線，需耐心等待,2026-10-08 16:44:20
1719,00670L,00670L.TW,富邦NASDAQ正2,nan,219.6999969482422,35,防守修復型,66.87,28.21,5.66,-2.27,2.32,10.01,9.55,1.19,均線糾結，可能處於整理蓄勢、股價已脫離52週低點、波動相對可控,仍需觀察技術面是否轉強,2026-10-08 16:44:20
1720,00709,00709.TW,富邦歐洲,nan,38.5,35,防守修復型,21.62,6.8,3.35,-7.78,8.44,-4.99,-2.81,2.91,均線糾結，可能處於整理蓄勢、股價已脫離52週低點、波動相對可控,RSI過低，短線賣壓仍重、仍低於中長期均線，需耐心等待,2026-10-08 16:44:20
1721,2546,2546.TW,根基,建材營造業,108.5,35,防守修復型,60.02,25.88,5.96,-6.87,7.37,8.9,21.26,1.19,均線糾結，可能處於整理蓄勢、股價已脫離52週低點、波動相對可控,仍需觀察技術面是否轉強,2026-10-08 16:44:20
1722,4105O,4105.TWO,東洋,生技醫療業,80.30000305175781,35,防守修復型,67.13,9.52,1.56,-6.95,7.47,3.54,5.51,3.21,均線糾結，可能處於整理蓄勢、股價已脫離52週低點、波動相對可控,仍需觀察技術面是否轉強,2026-10-08 16:44:20
1723,9905,9905.TW,大華,其他業,21.25,35,防守修復型,47.81,5.82,0.62,-2.52,2.59,0.45,0.75,0.67,RSI位於低檔整理區、均線糾結，可能處於整理蓄勢、波動相對可控,仍需觀察技術面是否轉強,2026-10-08 16:44:20
1724,9917,9917.TW,中保科,其他業,106.5,35,防守修復型,54.35,13.0,1.31,-8.34,9.1,1.59,0.35,0.48,RSI位於低檔整理區、均線糾結，可能處於整理蓄勢、波動相對可控,仍需觀察技術面是否轉強,2026-10-08 16:44:20
1725,00888O,00888.TWO,永豐台灣ESG,nan,36.86000061035156,35,防守修復型,68.71,16.33,7.04,-4.85,5.1,8.95,10.51,0.99,均線糾結，可能處於整理蓄勢、股價已脫離52週低點、波動相對可控,仍需觀察技術面是否轉強,2026-10-08 16:44:20
1726,8050O,8050.TWO,廣積,電腦及週邊設備業,60.599998474121094,35,低檔觀察型,53.16,36.26,4.51,-12.17,13.86,2.58,9.19,0.66,RSI位於低檔整理區、均線糾結，可能處於整理蓄勢、股價已脫離52週低點,仍需觀察技術面是否轉強,2026-10-08 16:44:20
1727,8059O,8059.TWO,凱碩,通信網路業,17.549999237060547,35,低檔觀察型,25.01,51.85,29.81,-59.1,144.5,-23.27,-35.34,0.39,潛在反彈空間較大、股價低於季線，具修復空間、股價低於半年線，具左側布局特徵,跌幅過深，需留意基本面是否惡化、RSI過低，短線賣壓仍重,2026-10-08 16:44:20
1728,3504,3504.TW,揚明光,光電業,83.5999984741211,35,低檔觀察型,55.01,41.92,3.9,-11.35,12.8,8.15,8.92,0.72,均線糾結，可能處於整理蓄勢、股價已脫離52週低點、股價仍在中長期均線之上,仍需觀察技術面是否轉強,2026-10-08 16:44:20
1729,4768O,4768.TWO,晶呈科技,化學工業,363.0,35,低檔觀察型,60.87,59.58,11.6,-31.52,46.02,16.3,-2.14,1.06,股價距離52週高點有修復空間、潛在反彈空間較大、股價已脫離52週低點,仍低於中長期均線，需耐心等待、股價已明顯高於季線，低估性下降,2026-10-08 16:44:20
1730,00952,00952.TW,凱基台灣AI50,nan,18.760000228881836,35,防守修復型,64.41,14.79,2.59,-7.17,7.73,4.55,4.96,1.32,均線糾結，可能處於整理蓄勢、股價已脫離52週低點、波動相對可控,仍需觀察技術面是否轉強,2026-10-08 16:44:20
1731,009806O,009806.TWO,台新標普500,nan,13.989999771118164,35,防守修復型,66.86,8.25,1.27,0.0,0.0,2.61,5.06,1.43,均線糾結，可能處於整理蓄勢、股價已脫離52週低點、波動相對可控,仍需觀察技術面是否轉強,2026-10-08 16:44:20
1732,4728O,4728.TWO,雙美,生技醫療業,394.5,35,防守修復型,48.62,20.87,1.3,-2.83,2.92,0.86,2.01,0.35,RSI位於低檔整理區、均線糾結，可能處於整理蓄勢、波動相對可控,仍需觀察技術面是否轉強,2026-10-08 16:44:20
1733,4735O,4735.TWO,豪展,生技醫療業,38.0,35,防守修復型,65.06,26.9,3.73,-4.4,4.61,8.6,15.36,2.49,均線糾結，可能處於整理蓄勢、股價已脫離52週低點、波動相對可控,仍需觀察技術面是否轉強,2026-10-08 16:44:20
1734,4974O,4974.TWO,亞泰,電子零組件業,69.69999694824219,35,防守修復型,44.2,23.22,2.27,-11.77,13.34,0.24,-2.44,0.54,RSI位於低檔整理區、均線糾結，可能處於整理蓄勢、波動相對可控,仍低於中長期均線，需耐心等待,2026-10-08 16:44:20
1735,8049O,8049.TWO,晶采,光電業,24.649999618530273,35,防守修復型,49.66,8.53,2.46,-12.28,14.0,-1.93,-4.49,0.63,RSI位於低檔整理區、均線糾結，可能處於整理蓄勢、波動相對可控,仍低於中長期均線，需耐心等待,2026-10-08 16:44:20
1736,6576O,6576.TWO,逸達,生技醫療業,79.0,35,防守修復型,41.75,16.75,1.39,-9.51,10.51,-1.76,-1.35,0.58,RSI位於低檔整理區、均線糾結，可能處於整理蓄勢、股價已脫離52週低點,仍低於中長期均線，需耐心等待,2026-10-08 16:44:20
1737,3531O,3531.TWO,先益,光電業,21.649999618530273,35,防守修復型,57.73,14.14,2.45,-8.65,9.47,-0.3,-3.32,6.96,均線糾結，可能處於整理蓄勢、波動相對可控、成交量尚未明顯枯竭,仍低於中長期均線，需耐心等待,2026-10-08 16:44:20
1738,2880,2880.TW,華南金,金融保險業,46.900001525878906,35,防守修復型,63.64,23.85,6.86,-2.09,2.13,9.85,21.43,0.81,均線糾結，可能處於整理蓄勢、股價已脫離52週低點、波動相對可控,仍需觀察技術面是否轉強,2026-10-08 16:44:20
1739,6662O,6662.TWO,樂斯科,生技醫療業,28.5,35,防守修復型,44.91,12.82,2.46,-12.58,14.39,-2.47,-3.04,0.0,RSI位於低檔整理區、均線糾結，可能處於整理蓄勢、波動相對可控,仍低於中長期均線，需耐心等待,2026-10-08 16:44:20
1740,00971,00971.TW,野村美國研發龍頭,nan,17.989999771118164,35,防守修復型,62.91,12.51,2.12,-0.55,0.56,3.04,5.62,1.45,均線糾結，可能處於整理蓄勢、股價已脫離52週低點、波動相對可控,仍需觀察技術面是否轉強,2026-10-08 16:44:20
1741,00949,00949.TW,復華日本龍頭,nan,22.43000030517578,35,防守修復型,61.41,12.78,2.28,0.0,0.0,3.87,7.36,0.83,均線糾結，可能處於整理蓄勢、股價已脫離52週低點、波動相對可控,仍需觀察技術面是否轉強,2026-10-08 16:44:20
1742,2836,2836.TW,高雄銀,金融保險業,12.100000381469727,35,防守修復型,48.42,13.94,0.93,-6.46,6.9,-0.7,0.05,0.68,RSI位於低檔整理區、均線糾結，可能處於整理蓄勢、波動相對可控,仍需觀察技術面是否轉強,2026-10-08 16:44:20
1743,2748,2748.TW,雲品,觀光餐旅,38.650001525878906,35,防守修復型,45.94,9.32,0.32,-14.68,17.21,-0.61,-1.89,0.29,RSI位於低檔整理區、均線糾結，可能處於整理蓄勢、波動相對可控,仍低於中長期均線，需耐心等待,2026-10-08 16:44:20
1744,6170O,6170.TWO,統振,通信網路業,49.150001525878906,35,防守修復型,59.88,10.95,2.1,-7.61,8.24,3.14,-0.74,0.8,均線糾結，可能處於整理蓄勢、股價已脫離52週低點、波動相對可控,仍低於中長期均線，需耐心等待,2026-10-08 16:44:20
1745,2373,2373.TW,震旦行,其他電子業,52.5,35,防守修復型,43.42,10.13,0.99,-10.71,12.0,-1.54,-4.92,0.62,RSI位於低檔整理區、均線糾結，可能處於整理蓄勢、波動相對可控,仍低於中長期均線，需耐心等待,2026-10-08 16:44:20
1746,2704,2704.TW,國賓,觀光餐旅,44.650001525878906,35,防守修復型,41.91,12.67,1.7,-6.98,7.5,-2.38,0.36,0.56,RSI位於低檔整理區、均線糾結，可能處於整理蓄勢、波動相對可控,仍需觀察技術面是否轉強,2026-10-08 16:44:20
1747,3164,3164.TW,景岳,生技醫療業,16.700000762939453,35,防守修復型,66.23,16.35,1.81,-12.57,14.37,3.3,1.25,0.9,均線糾結，可能處於整理蓄勢、波動相對可控、成交量尚未明顯枯竭,仍需觀察技術面是否轉強,2026-10-08 16:44:20
1748,4419O,4419.TWO,皇家美食,觀光餐旅,48.5,35,低檔觀察型,55.39,32.66,4.44,-11.82,13.4,4.36,4.5,0.03,均線糾結，可能處於整理蓄勢、股價已脫離52週低點、波動相對可控,仍需觀察技術面是否轉強,2026-10-08 16:44:20
1749,00980TO,00980T.TWO,平衡凱基美國TOP,nan,12.270000457763672,35,防守修復型,69.05,9.5,2.35,0.0,0.0,3.66,5.54,2.68,均線糾結，可能處於整理蓄勢、股價已脫離52週低點、波動相對可控,仍需觀察技術面是否轉強,2026-10-08 16:44:20
1750,009814O,009814.TWO,富邦標普500,nan,11.609999656677246,35,防守修復型,68.23,6.32,0.85,-0.17,0.17,2.15,4.4,1.75,均線糾結，可能處於整理蓄勢、股價已脫離52週低點、波動相對可控,仍需觀察技術面是否轉強,2026-10-08 16:44:20
1751,00875,00875.TW,國泰網路資安,nan,59.04999923706055,35,防守修復型,64.78,28.69,5.52,0.0,0.0,8.13,17.76,1.56,均線糾結，可能處於整理蓄勢、股價已脫離52週低點、波動相對可控,仍需觀察技術面是否轉強,2026-10-08 16:44:20
1752,00737,00737.TW,國泰AI機器人,nan,42.130001068115234,35,防守修復型,67.13,14.13,2.81,0.0,0.0,5.13,8.5,4.72,均線糾結，可能處於整理蓄勢、股價已脫離52週低點、波動相對可控,仍需觀察技術面是否轉強,2026-10-08 16:44:20
1753,6486O,6486.TWO,互動,通信網路業,78.4000015258789,35,防守修復型,43.14,16.91,3.35,-13.27,15.31,0.69,-2.61,0.4,RSI位於低檔整理區、均線糾結，可能處於整理蓄勢、波動相對可控,仍低於中長期均線，需耐心等待,2026-10-08 16:44:20
1754,3479O,3479.TWO,安勤,電腦及週邊設備業,134.5,35,低檔觀察型,53.57,35.19,1.88,-14.06,16.36,-0.01,5.7,0.67,RSI位於低檔整理區、均線糾結，可能處於整理蓄勢、股價已脫離52週低點,仍需觀察技術面是否轉強,2026-10-08 16:44:20
1755,9942,9942.TW,茂順,其他業,113.0,35,防守修復型,41.34,8.45,2.12,-9.96,11.06,-2.71,-3.63,0.53,RSI位於低檔整理區、均線糾結，可能處於整理蓄勢、股價已脫離52週低點,仍低於中長期均線，需耐心等待,2026-10-08 16:44:20
1756,2471,2471.TW,資通,資訊服務業,51.20000076293945,35,防守修復型,51.37,16.48,2.54,-6.57,7.03,2.03,-0.3,0.14,RSI位於低檔整理區、均線糾結，可能處於整理蓄勢、股價已脫離52週低點,仍低於中長期均線，需耐心等待,2026-10-08 16:44:20
1757,9937,9937.TW,全國,油電燃氣業,54.5,35,防守修復型,47.25,10.34,1.32,-13.63,15.78,-1.09,-1.82,0.16,RSI位於低檔整理區、均線糾結，可能處於整理蓄勢、波動相對可控,仍低於中長期均線，需耐心等待,2026-10-08 16:44:20
1758,2476,2476.TW,鉅祥,電子零組件業,131.5,35,防守修復型,66.82,25.04,3.15,-3.31,3.42,8.22,7.81,1.13,均線糾結，可能處於整理蓄勢、股價已脫離52週低點、波動相對可控,仍需觀察技術面是否轉強,2026-10-08 16:44:20
1759,2450,2450.TW,神腦,通信網路業,28.149999618530273,35,防守修復型,43.98,4.14,0.59,-10.49,11.72,-0.79,-3.01,0.63,RSI位於低檔整理區、均線糾結，可能處於整理蓄勢、波動相對可控,仍低於中長期均線，需耐心等待,2026-10-08 16:44:20
1760,2441,2441.TW,超豐,半導體業,127.0,35,低檔觀察型,58.65,32.46,4.69,-12.41,14.17,6.5,6.92,0.68,均線糾結，可能處於整理蓄勢、股價已脫離52週低點、波動相對可控,仍需觀察技術面是否轉強,2026-10-08 16:44:20
1761,2903,2903.TW,遠百,貿易百貨業,21.950000762939453,35,防守修復型,46.38,12.35,0.85,-10.04,11.16,-1.03,-1.96,0.6,RSI位於低檔整理區、均線糾結，可能處於整理蓄勢、波動相對可控,仍低於中長期均線，需耐心等待,2026-10-08 16:44:20
1762,3484O,3484.TWO,崧騰,電子零組件業,49.79999923706055,35,防守修復型,63.91,22.3,4.16,-9.62,10.64,3.0,4.59,1.27,均線糾結，可能處於整理蓄勢、股價已脫離52週低點、波動相對可控,仍需觀察技術面是否轉強,2026-10-08 16:44:20
1763,9926,9926.TW,新海,油電燃氣業,49.0,35,防守修復型,47.68,9.02,0.53,-14.34,16.73,-0.61,-0.66,0.22,RSI位於低檔整理區、均線糾結，可能處於整理蓄勢、波動相對可控,仍低於中長期均線，需耐心等待,2026-10-08 16:44:20
1764,9933,9933.TW,中鼎,其他業,43.54999923706055,35,低檔觀察型,57.24,45.97,5.88,-6.04,6.43,8.59,10.17,1.44,均線糾結，可能處於整理蓄勢、股價已脫離52週低點、成交量尚未明顯枯竭,仍需觀察技術面是否轉強,2026-10-08 16:44:20
1765,5310O,5310.TWO,天剛,資訊服務業,29.399999618530273,35,低檔觀察型,68.71,52.56,9.4,-30.58,44.05,15.95,18.67,0.77,股價距離52週高點有修復空間、潛在反彈空間較大、股價已脫離52週低點,股價已明顯高於季線，低估性下降,2026-10-08 16:44:20
1766,1773,1773.TW,勝一,化學工業,177.0,35,低檔觀察型,64.65,30.45,4.31,-9.23,10.17,8.74,4.82,1.82,均線糾結，可能處於整理蓄勢、股價已脫離52週低點、波動相對可控,仍需觀察技術面是否轉強,2026-10-08 16:44:20
1767,2816,2816.TW,旺旺保,金融保險業,40.5,35,防守修復型,61.99,19.87,7.83,-1.1,1.11,9.87,17.06,1.16,均線糾結，可能處於整理蓄勢、股價已脫離52週低點、波動相對可控,仍需觀察技術面是否轉強,2026-10-08 16:44:20
1768,3052,3052.TW,夆典,建材營造業,10.5,35,防守修復型,49.17,9.1,2.83,-14.29,16.67,-1.8,-2.0,0.47,RSI位於低檔整理區、均線糾結，可能處於整理蓄勢、波動相對可控,仍低於中長期均線，需耐心等待,2026-10-08 16:44:20
1769,00986A,00986A.TW,主動台新龍頭成長,nan,15.180000305175781,35,防守修復型,67.22,13.96,2.23,-3.92,4.08,4.53,4.13,1.0,均線糾結，可能處於整理蓄勢、股價已脫離52週低點、波動相對可控,仍需觀察技術面是否轉強,2026-10-08 16:44:20
1770,00991A,00991A.TW,主動復華未來50,nan,19.350000381469727,35,防守修復型,67.83,26.55,4.36,-9.28,10.23,10.63,7.32,0.98,均線糾結，可能處於整理蓄勢、股價已脫離52週低點、波動相對可控,仍需觀察技術面是否轉強,2026-10-08 16:44:20
1771,4939O,4939.TWO,亞電,電子零組件業,76.9000015258789,35,低檔觀察型,48.82,64.3,10.88,-17.84,21.72,7.85,25.34,0.29,股價距離52週高點有修復空間、RSI位於低檔整理區、股價已脫離52週低點,波動過高，風險較大,2026-10-08 16:44:20
1772,2393,2393.TW,億光,光電業,68.0,35,防守修復型,66.65,21.16,1.55,-7.86,8.53,5.67,2.19,1.46,均線糾結，可能處於整理蓄勢、股價已脫離52週低點、波動相對可控,仍需觀察技術面是否轉強,2026-10-08 16:44:20
1773,009811,009811.TW,統一美國50,nan,13.680000305175781,35,防守修復型,66.85,9.23,1.97,0.0,0.0,3.04,5.4,1.39,均線糾結，可能處於整理蓄勢、股價已脫離52週低點、波動相對可控,仍需觀察技術面是否轉強,2026-10-08 16:44:20
1774,009812,009812.TW,野村日本東證,nan,13.260000228881836,35,防守修復型,61.76,11.16,1.73,0.0,0.0,3.28,6.37,0.99,均線糾結，可能處於整理蓄勢、股價已脫離52週低點、波動相對可控,仍需觀察技術面是否轉強,2026-10-08 16:44:20
1775,009813,009813.TW,貝萊德標普卓越50,nan,11.680000305175781,35,防守修復型,68.27,9.69,2.09,0.0,0.0,3.36,4.49,0.97,均線糾結，可能處於整理蓄勢、股價已脫離52週低點、波動相對可控,仍需觀察技術面是否轉強,2026-10-08 16:44:20
1776,009802,009802.TW,富邦旗艦50,nan,20.610000610351562,35,防守修復型,63.93,15.81,4.65,-2.04,2.09,7.43,9.95,1.3,均線糾結，可能處於整理蓄勢、股價已脫離52週低點、波動相對可控,仍需觀察技術面是否轉強,2026-10-08 16:44:20
1777,00662,00662.TW,富邦NASDAQ,nan,127.0,35,防守修復型,69.81,12.68,3.06,0.0,0.0,5.13,6.41,0.98,均線糾結，可能處於整理蓄勢、股價已脫離52週低點、波動相對可控,仍需觀察技術面是否轉強,2026-10-08 16:44:20
1778,00830,00830.TW,國泰費城半導體,nan,92.5999984741211,35,防守修復型,68.97,26.53,4.47,-7.95,8.64,8.95,8.53,0.81,均線糾結，可能處於整理蓄勢、股價已脫離52週低點、波動相對可控,仍需觀察技術面是否轉強,2026-10-08 16:44:20
1779,00861,00861.TW,元大全球未來通訊,nan,91.80000305175781,35,防守修復型,68.68,17.91,2.91,-5.85,6.21,6.19,6.09,0.9,均線糾結，可能處於整理蓄勢、股價已脫離52週低點、波動相對可控,仍需觀察技術面是否轉強,2026-10-08 16:44:20
1780,2945,2945.TW,三商家購,貿易百貨業,39.79999923706055,35,防守修復型,45.84,14.27,1.36,-10.16,11.31,-1.55,-3.0,0.16,RSI位於低檔整理區、均線糾結，可能處於整理蓄勢、波動相對可控,仍低於中長期均線，需耐心等待,2026-10-08 16:44:20
1781,3010,3010.TW,華立,電子通路業,132.0,35,防守修復型,67.31,17.36,2.78,-7.04,7.58,6.77,3.35,1.29,均線糾結，可能處於整理蓄勢、股價已脫離52週低點、波動相對可控,仍需觀察技術面是否轉強,2026-10-08 16:44:20
1782,00706L,00706L.TW,期元大S&P日圓正2,nan,19.049999237060547,35,防守修復型,41.82,16.45,2.72,-14.03,16.33,-0.02,-0.2,0.52,RSI位於低檔整理區、均線糾結，可能處於整理蓄勢、波動相對可控,仍低於中長期均線，需耐心等待,2026-10-08 16:44:20
1783,4188O,4188.TWO,安克,生技醫療業,13.949999809265137,35,低檔觀察型,52.16,74.34,13.9,-15.45,18.28,14.57,19.49,0.34,股價距離52週高點有修復空間、RSI位於低檔整理區、股價已脫離52週低點,波動過高，風險較大,2026-10-08 16:44:20
1784,4167O,4167.TWO,松瑞藥,生技醫療業,20.450000762939453,35,防守修復型,65.51,22.7,2.18,-2.39,2.44,6.35,8.67,5.61,均線糾結，可能處於整理蓄勢、股價已脫離52週低點、波動相對可控,仍需觀察技術面是否轉強,2026-10-08 16:44:20
1785,4766,4766.TW,南寶,化學工業,359.5,35,防守修復型,65.05,20.03,2.52,-8.29,9.04,6.58,2.85,1.99,均線糾結，可能處於整理蓄勢、股價已脫離52週低點、波動相對可控,仍需觀察技術面是否轉強,2026-10-08 16:44:20
1786,4178,4178.TW,永笙-KY,生技醫療業,18.049999237060547,35,低檔觀察型,60.79,41.26,3.2,-45.47,83.38,2.74,-2.43,1.74,潛在反彈空間較大、均線糾結，可能處於整理蓄勢、股價已脫離52週低點,跌幅過深，需留意基本面是否惡化、仍低於中長期均線，需耐心等待,2026-10-08 16:44:20
1787,5434,5434.TW,崇越,電子通路業,605.0,35,低檔觀察型,69.41,32.16,5.54,-2.42,2.48,12.62,21.51,1.22,均線糾結，可能處於整理蓄勢、股價已脫離52週低點、波動相對可控,仍需觀察技術面是否轉強,2026-10-08 16:44:20
1788,5244,5244.TW,弘凱,光電業,40.75,35,低檔觀察型,76.75,41.06,7.0,-19.78,24.66,20.18,11.88,7.51,股價距離52週高點有修復空間、均線糾結，可能處於整理蓄勢、股價已脫離52週低點,RSI偏高，不符合低檔潛伏、股價已明顯高於季線，低估性下降,2026-10-08 16:44:20
1789,5529O,5529.TWO,鉅陞,建材營造業,25.600000381469727,35,防守修復型,59.26,28.55,12.21,-11.96,13.58,11.58,14.1,6.28,股價已脫離52週低點、波動相對可控、成交量尚未明顯枯竭,仍需觀察技術面是否轉強,2026-10-08 16:44:20
1790,00935,00935.TW,野村臺灣新科技50,nan,63.5,35,防守修復型,66.87,26.64,6.76,-1.09,1.1,10.82,11.49,1.28,均線糾結，可能處於整理蓄勢、股價已脫離52週低點、波動相對可控,仍需觀察技術面是否轉強,2026-10-08 16:44:20
1791,00994A,00994A.TW,主動第一金台股優,nan,18.31999969482422,35,防守修復型,68.95,23.35,4.71,-3.02,3.11,10.45,7.69,0.88,均線糾結，可能處於整理蓄勢、股價已脫離52週低點、波動相對可控,仍需觀察技術面是否轉強,2026-10-08 16:44:20
1792,00995A,00995A.TW,主動中信台灣卓越,nan,18.8799991607666,35,防守修復型,69.35,25.99,5.98,0.0,0.0,12.09,11.18,1.11,均線糾結，可能處於整理蓄勢、股價已脫離52週低點、波動相對可控,仍需觀察技術面是否轉強,2026-10-08 16:44:20
1793,00996A,00996A.TW,主動兆豐台灣豐收,nan,15.359999656677246,35,防守修復型,68.48,25.01,5.94,-5.88,6.25,11.46,8.74,3.01,均線糾結，可能處於整理蓄勢、股價已脫離52週低點、波動相對可控,仍需觀察技術面是否轉強,2026-10-08 16:44:20
1794,5703O,5703.TWO,亞都,觀光餐旅,13.800000190734863,35,防守修復型,50.02,25.39,2.99,-12.93,14.86,-1.83,-1.73,0.62,RSI位於低檔整理區、均線糾結，可能處於整理蓄勢、波動相對可控,仍低於中長期均線，需耐心等待,2026-10-08 16:44:20
1795,3591,3591.TW,艾笛森,光電業,26.799999237060547,35,低檔觀察型,54.69,44.42,6.41,-14.92,17.54,8.45,2.21,0.4,RSI位於低檔整理區、均線糾結，可能處於整理蓄勢、股價已脫離52週低點,仍需觀察技術面是否轉強,2026-10-08 16:44:20
1796,5212O,5212.TWO,凌網,資訊服務業,49.099998474121094,35,防守修復型,64.11,18.28,3.02,-14.9,17.52,3.95,4.14,2.49,均線糾結，可能處於整理蓄勢、波動相對可控、成交量尚未明顯枯竭,仍需觀察技術面是否轉強,2026-10-08 16:44:20
1797,9136,9136.TW,巨騰-DR,nan,9.350000381469727,35,低檔觀察型,34.83,36.94,16.53,-47.32,89.84,-13.4,-22.31,0.22,潛在反彈空間較大、股價已脫離52週低點、股價低於季線，具修復空間,跌幅過深，需留意基本面是否惡化、仍低於中長期均線，需耐心等待,2026-10-08 16:44:20
1798,3705,3705.TW,永信,生技醫療業,57.400001525878906,35,防守修復型,63.7,12.04,2.24,-2.71,2.79,3.84,3.57,1.46,均線糾結，可能處於整理蓄勢、股價已脫離52週低點、波動相對可控,仍需觀察技術面是否轉強,2026-10-08 16:44:20
1799,1416,1416.TW,廣豐,其他業,11.850000381469727,35,防守修復型,62.32,15.35,1.88,-2.07,2.11,4.07,4.87,0.86,均線糾結，可能處於整理蓄勢、股價已脫離52週低點、波動相對可控,仍需觀察技術面是否轉強,2026-10-08 16:44:20
1800,8277O,8277.TWO,商丞,半導體業,15.5,35,低檔觀察型,20.41,39.41,16.73,-59.38,146.19,-14.61,-18.53,0.63,潛在反彈空間較大、股價低於季線，具修復空間、股價低於半年線，具左側布局特徵,跌幅過深，需留意基本面是否惡化、RSI過低，短線賣壓仍重,2026-10-08 16:44:20
1801,8083O,8083.TWO,瑞穎,電機機械,160.0,35,防守修復型,63.5,8.29,0.57,-11.11,12.5,1.38,-2.65,2.0,均線糾結，可能處於整理蓄勢、股價已脫離52週低點、波動相對可控,仍低於中長期均線，需耐心等待,2026-10-08 16:44:20
1802,6461O,6461.TWO,益得,生技醫療業,29.200000762939453,34,低檔觀察型,71.36,62.87,0.74,-27.89,38.69,13.84,11.98,2.27,股價距離52週高點有修復空間、潛在反彈空間較大、均線糾結，可能處於整理蓄勢,RSI偏高，不符合低檔潛伏、波動過高，風險較大,2026-10-08 16:44:20
1803,6173O,6173.TWO,信昌電,電子零組件業,302.1276550292969,33,低檔觀察型,51.82,59.8,22.65,-18.97,23.42,22.4,29.48,0.0,股價距離52週高點有修復空間、RSI位於低檔整理區、股價已脫離52週低點,股價已明顯高於季線，低估性下降,2026-10-08 16:44:20
1804,8437O,8437.TWO,大地-KY,其他業,11.0,32,低檔觀察型,64.88,61.03,8.94,-38.03,61.36,16.02,6.44,1.52,股價距離52週高點有修復空間、潛在反彈空間較大、股價已脫離52週低點,波動過高，風險較大、股價已明顯高於季線，低估性下降,2026-10-08 16:44:20
1805,4960,4960.TW,誠美材,光電業,24.149999618530273,32,低檔觀察型,61.7,50.95,9.14,-46.27,86.13,12.29,-10.9,0.38,潛在反彈空間較大、股價已脫離52週低點、股價低於半年線，具左側布局特徵,跌幅過深，需留意基本面是否惡化、仍低於中長期均線，需耐心等待,2026-10-08 16:44:20
1806,8110,8110.TW,華東,半導體業,49.5,32,低檔觀察型,58.74,60.88,8.81,-43.75,77.78,10.54,1.09,0.42,股價距離52週高點有修復空間、潛在反彈空間較大、股價已脫離52週低點,波動過高，風險較大,2026-10-08 16:44:20
1807,6103O,6103.TWO,合邦,半導體業,39.900001525878906,32,低檔觀察型,56.86,109.63,10.89,-23.27,30.33,19.26,14.17,1.45,股價距離52週高點有修復空間、潛在反彈空間較大、股價已脫離52週低點,波動過高，風險較大、股價已明顯高於季線，低估性下降,2026-10-08 16:44:20
1808,3014,3014.TW,聯陽,半導體業,149.0,32,防守修復型,71.19,24.32,7.01,-11.57,13.09,12.2,7.78,2.34,均線糾結，可能處於整理蓄勢、股價已脫離52週低點、波動相對可控,RSI偏高，不符合低檔潛伏,2026-10-08 16:44:20
1809,8349O,8349.TWO,恒耀,鋼鐵工業,41.599998474121094,32,防守修復型,75.15,17.82,2.02,-10.92,12.26,5.66,2.23,1.81,均線糾結，可能處於整理蓄勢、股價已脫離52週低點、波動相對可控,RSI偏高，不符合低檔潛伏,2026-10-08 16:44:20
1810,3491O,3491.TWO,昇達科,通信網路業,1705.0,32,低檔觀察型,65.83,66.46,12.42,-22.5,29.03,26.13,13.79,1.15,股價距離52週高點有修復空間、潛在反彈空間較大、股價已脫離52週低點,波動過高，風險較大、股價已明顯高於季線，低估性下降,2026-10-08 16:44:20
1811,6155,6155.TW,鈞寶,電子零組件業,71.5,32,低檔觀察型,67.13,61.73,9.56,-27.41,37.76,22.55,13.89,1.78,股價距離52週高點有修復空間、潛在反彈空間較大、股價已脫離52週低點,波動過高，風險較大、股價已明顯高於季線，低估性下降,2026-10-08 16:44:20
1812,4919,4919.TW,新唐,半導體業,159.5,32,低檔觀察型,68.51,70.78,10.88,-27.17,37.3,24.17,5.85,1.71,股價距離52週高點有修復空間、潛在反彈空間較大、股價已脫離52週低點,波動過高，風險較大、股價已明顯高於季線，低估性下降,2026-10-08 16:44:20
1813,8444O,8444.TWO,綠河-KY,其他業,3.7300000190734863,32,低檔觀察型,27.24,70.48,16.89,-73.92,283.38,-24.69,-30.65,8.27,潛在反彈空間較大、成交量尚未明顯枯竭、股價低於季線，具修復空間,跌幅過深，需留意基本面是否惡化、RSI過低，短線賣壓仍重,2026-10-08 16:44:20
1814,00876,00876.TW,元大全球5G,nan,96.05000305175781,32,防守修復型,71.32,23.81,3.58,-10.82,12.13,9.01,8.46,1.11,均線糾結，可能處於整理蓄勢、股價已脫離52週低點、波動相對可控,RSI偏高，不符合低檔潛伏,2026-10-08 16:44:20
1815,3114O,3114.TWO,好德,電子零組件業,39.54999923706055,32,低檔觀察型,64.08,70.98,10.34,-28.71,40.28,21.42,18.64,1.12,股價距離52週高點有修復空間、潛在反彈空間較大、股價已脫離52週低點,波動過高，風險較大、股價已明顯高於季線，低估性下降,2026-10-08 16:44:20
1816,2724O,2724.TWO,藝舍-KY,其他業,13.5,32,低檔觀察型,67.98,67.42,11.04,-38.64,62.96,20.71,8.99,3.83,股價距離52週高點有修復空間、潛在反彈空間較大、股價已脫離52週低點,波動過高，風險較大、股價已明顯高於季線，低估性下降,2026-10-08 16:44:20
1817,00941,00941.TW,中信上游半導體,nan,27.15999984741211,32,防守修復型,72.27,20.53,2.27,-11.01,12.37,5.3,4.69,1.13,均線糾結，可能處於整理蓄勢、股價已脫離52週低點、波動相對可控,RSI偏高，不符合低檔潛伏,2026-10-08 16:44:20
1818,00785BO,00785B.TWO,富邦金融投等債,nan,32.650001525878906,32,防守修復型,33.34,10.27,3.33,-10.1,11.24,-4.07,-5.44,0.71,均線糾結，可能處於整理蓄勢、波動相對可控、股價低於半年線，具左側布局特徵,仍低於中長期均線，需耐心等待,2026-10-08 16:44:20
1819,6922O,6922.TWO,宸曜,電腦及週邊設備業,204.0,32,低檔觀察型,49.8,60.01,8.7,-9.33,10.29,4.48,8.06,0.89,RSI位於低檔整理區、股價已脫離52週低點、成交量尚未明顯枯竭,波動過高，風險較大,2026-10-08 16:44:20
1820,3437,3437.TW,榮創,光電業,21.299999237060547,32,低檔觀察型,57.41,68.56,14.95,-28.76,40.38,13.92,0.52,0.37,股價距離52週高點有修復空間、潛在反彈空間較大、股價已脫離52週低點,波動過高，風險較大,2026-10-08 16:44:20
1821,8358O,8358.TWO,金居,電子零組件業,549.0,32,低檔觀察型,60.05,70.19,13.31,-21.57,27.5,23.21,13.93,1.39,股價距離52週高點有修復空間、潛在反彈空間較大、股價已脫離52週低點,波動過高，風險較大、股價已明顯高於季線，低估性下降,2026-10-08 16:44:20
1822,6643O,6643.TWO,M31,半導體業,498.0,32,低檔觀察型,56.75,68.34,14.5,-28.55,39.96,13.96,1.42,0.58,股價距離52週高點有修復空間、潛在反彈空間較大、股價已脫離52週低點,波動過高，風險較大,2026-10-08 16:44:20
1823,00986BO,00986B.TWO,FT金融債10+,nan,9.149999618530273,32,防守修復型,30.28,10.17,3.76,-10.99,12.35,-4.76,-6.22,0.19,均線糾結，可能處於整理蓄勢、波動相對可控、股價低於半年線，具左側布局特徵,仍低於中長期均線，需耐心等待,2026-10-08 16:44:20
1824,00968BO,00968B.TWO,元大優息投等債,nan,8.5600004196167,32,防守修復型,26.26,9.78,3.63,-9.99,11.1,-4.92,-6.42,0.72,均線糾結，可能處於整理蓄勢、波動相對可控、股價低於半年線，具左側布局特徵,RSI過低，短線賣壓仍重、仍低於中長期均線，需耐心等待,2026-10-08 16:44:20
1825,3529O,3529.TWO,力旺,半導體業,3015.0,32,低檔觀察型,54.28,69.96,18.97,-35.92,56.05,14.92,-1.38,0.58,股價距離52週高點有修復空間、潛在反彈空間較大、RSI位於低檔整理區,波動過高，風險較大、仍低於中長期均線，需耐心等待,2026-10-08 16:44:20
1826,00734BO,00734B.TWO,台新JPM新興債,nan,14.710000038146973,32,防守修復型,21.71,8.21,3.48,-8.92,9.79,-4.84,-5.89,0.0,均線糾結，可能處於整理蓄勢、波動相對可控、股價低於半年線，具左側布局特徵,RSI過低，短線賣壓仍重、仍低於中長期均線，需耐心等待,2026-10-08 16:44:20
1827,3346,3346.TW,麗清,汽車工業,23.299999237060547,32,低檔觀察型,60.33,63.8,12.58,-20.48,25.75,11.68,10.64,0.32,股價距離52週高點有修復空間、潛在反彈空間較大、股價已脫離52週低點,波動過高，風險較大,2026-10-08 16:44:20
1828,3684O,3684.TWO,榮昌,通信網路業,60.5,32,防守修復型,83.51,27.12,3.29,-13.69,15.87,14.4,9.23,2.76,均線糾結，可能處於整理蓄勢、股價已脫離52週低點、波動相對可控,RSI偏高，不符合低檔潛伏,2026-10-08 16:44:20
1829,4416O,4416.TWO,三圓,建材營造業,12.600000381469727,32,低檔觀察型,50.06,69.71,11.05,-78.42,363.49,6.53,6.54,0.21,潛在反彈空間較大、RSI位於低檔整理區、股價已脫離52週低點,跌幅過深，需留意基本面是否惡化、波動過高，風險較大,2026-10-08 16:44:20
1830,6234O,6234.TWO,高僑,光電業,41.79999923706055,32,低檔觀察型,62.36,77.53,6.95,-32.58,48.33,15.32,-0.42,1.73,股價距離52週高點有修復空間、潛在反彈空間較大、均線糾結，可能處於整理蓄勢,波動過高，風險較大、仍低於中長期均線，需耐心等待,2026-10-08 16:44:20
1831,4542O,4542.TWO,科嶠,電子零組件業,337.0,32,低檔觀察型,59.21,79.2,13.04,-31.78,46.59,14.9,15.37,0.77,股價距離52週高點有修復空間、潛在反彈空間較大、股價已脫離52週低點,波動過高，風險較大,2026-10-08 16:44:20
1832,6182O,6182.TWO,合晶,半導體業,135.0,32,低檔觀察型,63.52,60.31,8.14,-28.76,40.37,16.52,32.56,0.95,股價距離52週高點有修復空間、潛在反彈空間較大、股價已脫離52週低點,波動過高，風險較大、股價已明顯高於季線，低估性下降,2026-10-08 16:44:20
1833,3297O,3297.TWO,杭特,光電業,33.79999923706055,32,低檔觀察型,58.43,84.05,12.33,-33.46,50.3,16.14,11.08,1.98,股價距離52週高點有修復空間、潛在反彈空間較大、股價已脫離52週低點,波動過高，風險較大、股價已明顯高於季線，低估性下降,2026-10-08 16:44:20
1834,1101,1101.TW,台泥,水泥工業,25.5,30,低檔觀察型,56.65,30.06,3.67,-3.95,4.12,4.39,4.8,0.69,均線糾結，可能處於整理蓄勢、股價已脫離52週低點、波動相對可控,仍需觀察技術面是否轉強,2026-10-08 16:44:20
1835,7708O,7708.TWO,全家餐飲,觀光餐旅,91.5,30,防守修復型,40.77,4.34,0.6,-9.85,10.93,-0.99,-1.14,0.38,RSI位於低檔整理區、均線糾結，可能處於整理蓄勢、波動相對可控,仍低於中長期均線，需耐心等待,2026-10-08 16:44:20
1836,00878,00878.TW,國泰永續高股息,nan,35.16999816894531,30,防守修復型,68.17,7.91,4.59,-0.11,0.11,5.32,11.21,0.77,均線糾結，可能處於整理蓄勢、股價已脫離52週低點、波動相對可控,仍需觀察技術面是否轉強,2026-10-08 16:44:20
1837,00896,00896.TW,中信綠能及電動車,nan,28.610000610351562,30,防守修復型,62.66,22.94,2.11,-4.89,5.14,5.07,5.57,0.56,均線糾結，可能處於整理蓄勢、股價已脫離52週低點、波動相對可控,仍需觀察技術面是否轉強,2026-10-08 16:44:20
1838,00897,00897.TW,富邦基因免疫生技,nan,14.15999984741211,30,防守修復型,65.01,26.89,10.06,-0.77,0.78,13.99,25.52,1.46,股價已脫離52週低點、波動相對可控、成交量尚未明顯枯竭,仍需觀察技術面是否轉強,2026-10-08 16:44:20
1839,00913,00913.TW,兆豐台灣晶圓製造,nan,54.20000076293945,30,防守修復型,67.31,29.78,8.2,-4.16,4.34,11.64,13.41,1.1,股價已脫離52週低點、波動相對可控、成交量尚未明顯枯竭,仍需觀察技術面是否轉強,2026-10-08 16:44:20
1840,00936,00936.TW,台新永續高息中小,nan,21.729999542236328,30,防守修復型,59.07,11.18,2.16,-1.54,1.56,3.04,5.54,0.59,均線糾結，可能處於整理蓄勢、股價已脫離52週低點、波動相對可控,仍需觀察技術面是否轉強,2026-10-08 16:44:20
1841,6189,6189.TW,豐藝,電子通路業,49.400001525878906,30,防守修復型,56.25,16.68,2.62,-12.72,14.57,2.38,-0.22,0.35,均線糾結，可能處於整理蓄勢、股價已脫離52週低點、波動相對可控,仍低於中長期均線，需耐心等待,2026-10-08 16:44:20
1842,6028O,6028.TWO,公勝保經,金融保險業,112.0,30,低檔觀察型,83.76,38.79,8.15,-18.25,22.32,22.59,31.13,7.91,股價距離52週高點有修復空間、股價已脫離52週低點、成交量尚未明顯枯竭,RSI偏高，不符合低檔潛伏、股價已明顯高於季線，低估性下降,2026-10-08 16:44:20
1843,00944,00944.TW,野村趨勢動能高息,nan,22.270000457763672,30,防守修復型,67.8,9.3,4.48,-1.2,1.21,5.65,8.83,0.35,均線糾結，可能處於整理蓄勢、股價已脫離52週低點、波動相對可控,仍需觀察技術面是否轉強,2026-10-08 16:44:20
1844,00946,00946.TW,群益科技高息成長,nan,15.5600004196167,30,防守修復型,59.4,11.44,1.76,-1.83,1.86,2.82,7.21,0.56,均線糾結，可能處於整理蓄勢、股價已脫離52週低點、波動相對可控,仍需觀察技術面是否轉強,2026-10-08 16:44:20
1845,00929,00929.TW,復華台灣科技優息,nan,30.149999618530273,30,防守修復型,67.5,13.3,1.91,-6.25,6.67,4.41,6.87,0.73,均線糾結，可能處於整理蓄勢、股價已脫離52週低點、波動相對可控,仍需觀察技術面是否轉強,2026-10-08 16:44:20
1846,5523O,5523.TWO,豐謙,建材營造業,30.350000381469727,30,防守修復型,53.84,2.25,0.11,-0.82,0.82,0.01,-0.08,0.13,RSI位於低檔整理區、均線糾結，可能處於整理蓄勢、波動相對可控,仍低於中長期均線，需耐心等待,2026-10-08 16:44:20
1847,8424O,8424.TWO,惠普,建材營造業,69.5999984741211,30,防守修復型,51.4,14.25,1.31,-8.78,9.63,0.85,-1.23,0.29,RSI位於低檔整理區、均線糾結，可能處於整理蓄勢、波動相對可控,仍低於中長期均線，需耐心等待,2026-10-08 16:44:20
1848,00694BO,00694B.TWO,富邦美債1-3年,nan,41.720001220703125,30,防守修復型,50.85,3.67,0.87,-1.97,2.01,-0.59,-0.23,0.54,RSI位於低檔整理區、均線糾結，可能處於整理蓄勢、波動相對可控,仍低於中長期均線，需耐心等待,2026-10-08 16:44:20
1849,00938,00938.TW,凱基優選30,nan,27.059999465942383,30,防守修復型,63.1,10.37,5.56,-0.95,0.96,6.29,13.33,0.23,均線糾結，可能處於整理蓄勢、股價已脫離52週低點、波動相對可控,仍需觀察技術面是否轉強,2026-10-08 16:44:20
1850,00940,00940.TW,元大台灣價值高息,nan,13.300000190734863,30,防守修復型,69.35,10.07,4.34,0.0,0.0,5.73,9.62,0.75,均線糾結，可能處於整理蓄勢、股價已脫離52週低點、波動相對可控,仍需觀察技術面是否轉強,2026-10-08 16:44:20
1851,009803,009803.TW,玉山市值動能50,nan,22.469999313354492,30,防守修復型,64.57,24.55,2.63,-1.1,1.11,6.01,7.16,0.56,均線糾結，可能處於整理蓄勢、股價已脫離52週低點、波動相對可控,仍需觀察技術面是否轉強,2026-10-08 16:44:20
1852,009808,009808.TW,華南永昌優選50,nan,33.0,30,防守修復型,68.94,14.77,4.68,-0.06,0.06,7.28,9.72,0.79,均線糾結，可能處於整理蓄勢、股價已脫離52週低點、波動相對可控,仍需觀察技術面是否轉強,2026-10-08 16:44:20
1853,009810,009810.TW,玉山全球藍籌100,nan,21.469999313354492,30,防守修復型,56.88,8.68,0.68,-2.01,2.05,1.05,3.38,0.68,均線糾結，可能處於整理蓄勢、股價已脫離52週低點、波動相對可控,仍需觀察技術面是否轉強,2026-10-08 16:44:20
1854,009809,009809.TW,富邦淨零ESG50,nan,19.0,30,防守修復型,68.8,13.92,5.0,-0.05,0.05,7.11,11.66,0.56,均線糾結，可能處於整理蓄勢、股價已脫離52週低點、波動相對可控,仍需觀察技術面是否轉強,2026-10-08 16:44:20
1855,3716,3716.TW,中化控股,生技醫療業,33.650001525878906,30,防守修復型,42.94,11.3,0.87,-8.31,9.06,-1.53,-1.6,0.46,RSI位於低檔整理區、均線糾結，可能處於整理蓄勢、波動相對可控,仍低於中長期均線，需耐心等待,2026-10-08 16:44:20
1856,5493O,5493.TWO,三聯,其他電子業,90.19999694824219,30,防守修復型,60.18,27.97,9.16,-10.25,11.42,8.81,3.93,0.67,股價已脫離52週低點、波動相對可控、股價仍在中長期均線之上,仍需觀察技術面是否轉強,2026-10-08 16:44:20
1857,5515,5515.TW,建國,建材營造業,52.0,30,防守修復型,57.27,25.86,6.06,-6.64,7.12,7.24,16.46,0.62,均線糾結，可能處於整理蓄勢、股價已脫離52週低點、波動相對可控,仍需觀察技術面是否轉強,2026-10-08 16:44:20
1858,5269,5269.TW,祥碩,半導體業,1455.0,30,低檔觀察型,51.3,37.64,2.87,-8.49,9.28,1.84,1.97,0.37,RSI位於低檔整理區、均線糾結，可能處於整理蓄勢、股價已脫離52週低點,仍需觀察技術面是否轉強,2026-10-08 16:44:20
1859,2377,2377.TW,微星,電腦及週邊設備業,156.0,30,低檔觀察型,56.76,30.95,1.86,-7.69,8.33,3.83,14.04,0.66,均線糾結，可能處於整理蓄勢、股價已脫離52週低點、波動相對可控,仍需觀察技術面是否轉強,2026-10-08 16:44:20
1860,6154O,6154.TWO,順發,電子通路業,14.25,30,防守修復型,60.55,9.56,2.04,0.0,0.0,2.63,4.03,0.33,均線糾結，可能處於整理蓄勢、股價已脫離52週低點、波動相對可控,仍需觀察技術面是否轉強,2026-10-08 16:44:20
1861,6919,6919.TW,康霈*,生技醫療業,78.0999984741211,30,低檔觀察型,34.08,40.25,20.59,-57.32,134.31,-18.39,-20.64,0.41,潛在反彈空間較大、股價低於季線，具修復空間、股價低於半年線，具左側布局特徵,跌幅過深，需留意基本面是否惡化、仍低於中長期均線，需耐心等待,2026-10-08 16:44:20
1862,2010,2010.TW,春源,鋼鐵工業,22.649999618530273,30,防守修復型,55.57,19.19,1.6,-12.21,13.91,2.61,-0.79,0.5,均線糾結，可能處於整理蓄勢、股價已脫離52週低點、波動相對可控,仍低於中長期均線，需耐心等待,2026-10-08 16:44:20
1863,4139O,4139.TWO,馬光-KY,生技醫療業,43.150001525878906,30,防守修復型,66.56,20.61,6.63,0.0,0.0,10.08,36.64,0.37,均線糾結，可能處於整理蓄勢、股價已脫離52週低點、波動相對可控,仍需觀察技術面是否轉強,2026-10-08 16:44:20
1864,2820,2820.TW,華票,金融保險業,16.850000381469727,30,防守修復型,47.87,13.15,2.27,-5.6,5.93,0.9,-0.39,0.2,RSI位於低檔整理區、均線糾結，可能處於整理蓄勢、波動相對可控,仍低於中長期均線，需耐心等待,2026-10-08 16:44:20
1865,1737,1737.TW,臺鹽,食品工業,29.950000762939453,30,防守修復型,39.69,20.49,3.97,-7.85,8.51,-4.02,-4.8,0.23,RSI位於低檔整理區、均線糾結，可能處於整理蓄勢、波動相對可控,仍低於中長期均線，需耐心等待,2026-10-08 16:44:20
1866,1776,1776.TW,展宇,化學工業,18.5,30,防守修復型,66.65,16.24,3.95,-9.54,10.54,5.66,3.58,0.77,均線糾結，可能處於整理蓄勢、股價已脫離52週低點、波動相對可控,仍需觀察技術面是否轉強,2026-10-08 16:44:20
1867,2029,2029.TW,盛餘,鋼鐵工業,21.950000762939453,30,防守修復型,55.37,22.0,2.44,-2.23,2.28,3.08,4.92,0.32,均線糾結，可能處於整理蓄勢、股價已脫離52週低點、波動相對可控,仍需觀察技術面是否轉強,2026-10-08 16:44:20
1868,00661,00661.TW,元大日經225,nan,91.5999984741211,30,防守修復型,69.2,22.51,2.16,-2.08,2.13,7.49,8.52,0.66,均線糾結，可能處於整理蓄勢、股價已脫離52週低點、波動相對可控,仍需觀察技術面是否轉強,2026-10-08 16:44:20
1869,00657,00657.TW,國泰日經225,nan,83.55000305175781,30,防守修復型,68.06,23.57,2.5,-1.01,1.02,7.67,8.86,0.15,均線糾結，可能處於整理蓄勢、股價已脫離52週低點、波動相對可控,仍需觀察技術面是否轉強,2026-10-08 16:44:20
1870,00656R,00656R.TW,國泰中國A50反1,nan,6.150000095367432,30,防守修復型,63.76,16.22,2.46,-4.95,5.2,4.22,5.02,0.13,均線糾結，可能處於整理蓄勢、股價已脫離52週低點、波動相對可控,仍需觀察技術面是否轉強,2026-10-08 16:44:20
1871,00669R,00669R.TW,國泰美國道瓊反1,nan,5.389999866485596,30,防守修復型,61.52,8.33,2.15,-11.64,13.17,2.43,0.76,0.55,均線糾結，可能處於整理蓄勢、波動相對可控、股價仍在中長期均線之上,仍需觀察技術面是否轉強,2026-10-08 16:44:20
1872,2025,2025.TW,千興,鋼鐵工業,13.5,30,低檔觀察型,55.51,47.47,7.71,-11.76,13.33,7.58,7.54,0.7,均線糾結，可能處於整理蓄勢、股價已脫離52週低點、股價仍在中長期均線之上,仍需觀察技術面是否轉強,2026-10-08 16:44:20
1873,2023,2023.TW,燁輝,鋼鐵工業,13.899999618530273,30,防守修復型,55.53,10.78,0.43,-10.61,11.87,0.72,0.57,0.43,均線糾結，可能處於整理蓄勢、波動相對可控、股價仍在中長期均線之上,仍需觀察技術面是否轉強,2026-10-08 16:44:20
1874,2031,2031.TW,新光鋼,鋼鐵工業,45.900001525878906,30,防守修復型,56.11,19.25,5.24,-1.61,1.63,5.39,10.54,0.52,均線糾結，可能處於整理蓄勢、股價已脫離52週低點、波動相對可控,仍需觀察技術面是否轉強,2026-10-08 16:44:20
1875,8488,8488.TW,吉源-KY,其他業,9.819999694824219,30,防守修復型,47.22,28.11,1.96,-9.49,10.49,-2.07,-2.41,0.43,RSI位於低檔整理區、均線糾結，可能處於整理蓄勢、波動相對可控,仍低於中長期均線，需耐心等待,2026-10-08 16:44:20
1876,009801,009801.TW,中信美國創新科技,nan,11.869999885559082,30,防守修復型,63.94,12.54,2.87,-7.98,8.68,0.8,-0.44,1.16,均線糾結，可能處於整理蓄勢、股價已脫離52週低點、波動相對可控,仍低於中長期均線，需耐心等待,2026-10-08 16:44:20
1877,00947,00947.TW,台新臺灣IC設計,nan,41.130001068115234,30,防守修復型,65.89,29.52,9.82,-4.39,4.6,12.65,13.28,1.05,股價已脫離52週低點、波動相對可控、成交量尚未明顯枯竭,仍需觀察技術面是否轉強,2026-10-08 16:44:20
1878,00864BO,00864B.TWO,中信美國公債0-1,nan,46.209999084472656,30,防守修復型,52.52,4.12,0.93,-2.41,2.47,-0.57,-0.17,0.64,RSI位於低檔整理區、均線糾結，可能處於整理蓄勢、波動相對可控,仍低於中長期均線，需耐心等待,2026-10-08 16:44:20
1879,00856BO,00856B.TWO,永豐1-3年美公債,nan,37.09000015258789,30,防守修復型,41.88,4.83,1.45,-3.51,3.64,-1.47,-1.38,0.0,RSI位於低檔整理區、均線糾結，可能處於整理蓄勢、波動相對可控,仍低於中長期均線，需耐心等待,2026-10-08 16:44:20
1880,2412,2412.TW,中華電,通信網路業,145.5,30,防守修復型,66.74,9.69,3.95,-0.68,0.69,4.41,4.44,0.62,均線糾結，可能處於整理蓄勢、股價已脫離52週低點、波動相對可控,仍需觀察技術面是否轉強,2026-10-08 16:44:20
1881,4111O,4111.TWO,濟生,生技醫療業,28.850000381469727,30,防守修復型,46.3,7.06,2.02,-6.18,6.59,-1.86,-2.74,0.43,RSI位於低檔整理區、均線糾結，可能處於整理蓄勢、波動相對可控,仍低於中長期均線，需耐心等待,2026-10-08 16:44:20
1882,2013,2013.TW,中鋼構,鋼鐵工業,41.25,30,防守修復型,46.74,7.29,0.29,-8.64,9.45,-0.05,-1.8,0.64,RSI位於低檔整理區、均線糾結，可能處於整理蓄勢、波動相對可控,仍低於中長期均線，需耐心等待,2026-10-08 16:44:20
1883,5011O,5011.TWO,久陽,鋼鐵工業,22.649999618530273,30,低檔觀察型,75.31,54.12,4.61,-15.17,17.88,20.92,21.41,6.8,股價距離52週高點有修復空間、均線糾結，可能處於整理蓄勢、股價已脫離52週低點,RSI偏高，不符合低檔潛伏、股價已明顯高於季線，低估性下降,2026-10-08 16:44:20
1884,4995O,4995.TWO,晶達,光電業,46.79999923706055,30,防守修復型,32.34,21.27,1.91,-9.83,10.9,-4.48,-0.34,1.15,均線糾結，可能處於整理蓄勢、股價已脫離52週低點、波動相對可控,仍低於中長期均線，需耐心等待,2026-10-08 16:44:20
1885,6655,6655.TW,科定,其他業,128.5,30,防守修復型,64.25,27.06,4.92,-8.54,9.34,7.37,3.22,0.11,均線糾結，可能處於整理蓄勢、股價已脫離52週低點、波動相對可控,仍需觀察技術面是否轉強,2026-10-08 16:44:20
1886,3551O,3551.TWO,世禾,綠能環保,200.0,30,低檔觀察型,68.25,36.84,4.77,-11.11,12.5,10.13,3.79,0.93,均線糾結，可能處於整理蓄勢、股價已脫離52週低點、成交量尚未明顯枯竭,仍需觀察技術面是否轉強,2026-10-08 16:44:20
1887,2480,2480.TW,敦陽科,資訊服務業,167.5,30,防守修復型,66.63,18.61,2.48,-2.05,2.09,5.62,8.16,0.54,均線糾結，可能處於整理蓄勢、股價已脫離52週低點、波動相對可控,仍需觀察技術面是否轉強,2026-10-08 16:44:20
1888,00980DO,00980D.TWO,主動聯博投等入息,nan,19.360000610351562,30,防守修復型,17.82,5.32,2.97,-8.03,8.73,-3.73,-4.44,2.72,均線糾結，可能處於整理蓄勢、波動相對可控、成交量尚未明顯枯竭,RSI過低，短線賣壓仍重、仍低於中長期均線，需耐心等待,2026-10-08 16:44:20
1889,00707R,00707R.TW,期元大S&P日圓反1,nan,31.899999618530273,30,防守修復型,54.05,9.51,1.59,-3.51,3.64,-0.72,-0.67,0.0,RSI位於低檔整理區、均線糾結，可能處於整理蓄勢、波動相對可控,仍低於中長期均線，需耐心等待,2026-10-08 16:44:20
1890,3029,3029.TW,零壹,資訊服務業,115.5,30,低檔觀察型,48.79,39.31,6.4,-7.6,8.23,4.0,9.34,0.67,RSI位於低檔整理區、均線糾結，可能處於整理蓄勢、股價已脫離52週低點,仍需觀察技術面是否轉強,2026-10-08 16:44:20
1891,00710B,00710B.TW,復華彭博非投等債,nan,18.489999771118164,30,防守修復型,16.86,5.72,2.34,-4.35,4.54,-3.02,-2.62,0.97,均線糾結，可能處於整理蓄勢、波動相對可控、成交量尚未明顯枯竭,RSI過低，短線賣壓仍重、仍低於中長期均線，需耐心等待,2026-10-08 16:44:20
1892,00920,00920.TW,富邦ESG綠色電力,nan,25.6299991607666,30,防守修復型,62.87,19.39,1.93,-7.41,8.0,4.71,1.4,0.61,均線糾結，可能處於整理蓄勢、股價已脫離52週低點、波動相對可控,仍需觀察技術面是否轉強,2026-10-08 16:44:20
1893,00674R,00674R.TW,期元大S&P黃金反1,nan,29.68000030517578,30,防守修復型,64.86,19.48,1.53,-4.13,4.31,3.32,5.98,0.46,均線糾結，可能處於整理蓄勢、股價已脫離52週低點、波動相對可控,仍需觀察技術面是否轉強,2026-10-08 16:44:20
1894,2723,2723.TW,美食-KY,觀光餐旅,80.0999984741211,30,防守修復型,61.64,24.24,8.64,-4.07,4.24,12.18,17.26,1.23,股價已脫離52週低點、波動相對可控、成交量尚未明顯枯竭,仍需觀察技術面是否轉強,2026-10-08 16:44:20
1895,1734,1734.TW,杏輝,生技醫療業,32.099998474121094,30,防守修復型,67.94,17.59,4.67,-2.13,2.18,4.94,9.27,0.71,均線糾結，可能處於整理蓄勢、股價已脫離52週低點、波動相對可控,仍需觀察技術面是否轉強,2026-10-08 16:44:20
1896,2436,2436.TW,偉詮電,半導體業,72.4000015258789,30,低檔觀察型,54.92,45.14,11.12,-10.06,11.19,10.94,4.98,0.86,RSI位於低檔整理區、股價已脫離52週低點、成交量尚未明顯枯竭,仍需觀察技術面是否轉強,2026-10-08 16:44:20
1897,4502O,4502.TWO,健信,電機機械,15.75,30,防守修復型,51.02,7.3,0.29,-9.22,10.16,0.23,-0.12,0.37,RSI位於低檔整理區、均線糾結，可能處於整理蓄勢、波動相對可控,仍低於中長期均線，需耐心等待,2026-10-08 16:44:20
1898,6508O,6508.TWO,惠光,農業科技業,26.350000381469727,30,低檔觀察型,49.56,47.99,3.09,-10.07,11.2,0.72,4.28,0.24,RSI位於低檔整理區、均線糾結，可能處於整理蓄勢、股價已脫離52週低點,仍需觀察技術面是否轉強,2026-10-08 16:44:20
1899,2948O,2948.TWO,寶陞,居家生活,36.400001525878906,30,防守修復型,43.41,21.37,1.01,-8.36,9.12,-2.06,-1.28,0.29,RSI位於低檔整理區、均線糾結，可能處於整理蓄勢、波動相對可控,仍低於中長期均線，需耐心等待,2026-10-08 16:44:20
1900,2937O,2937.TWO,集雅社,居家生活,45.0,30,防守修復型,66.17,8.46,2.85,-0.9,0.91,3.41,4.49,0.26,均線糾結，可能處於整理蓄勢、股價已脫離52週低點、波動相對可控,仍需觀察技術面是否轉強,2026-10-08 16:44:20
1901,2701,2701.TW,萬企,觀光餐旅,10.300000190734863,30,防守修復型,44.64,9.66,2.64,-8.44,9.22,-2.39,-2.4,0.55,RSI位於低檔整理區、均線糾結，可能處於整理蓄勢、波動相對可控,仍低於中長期均線，需耐心等待,2026-10-08 16:44:20
1902,2488,2488.TW,漢平,其他電子業,49.70000076293945,30,防守修復型,64.55,7.25,0.57,-9.47,10.46,1.47,-2.19,1.32,均線糾結，可能處於整理蓄勢、股價已脫離52週低點、波動相對可控,仍低於中長期均線，需耐心等待,2026-10-08 16:44:20
1903,2881,2881.TW,富邦金,金融保險業,155.5,30,防守修復型,65.36,23.02,8.98,0.0,0.0,12.4,25.24,0.82,股價已脫離52週低點、波動相對可控、成交量尚未明顯枯竭,仍需觀察技術面是否轉強,2026-10-08 16:44:20
1904,2851,2851.TW,中再保,金融保險業,47.75,30,防守修復型,60.61,25.56,10.71,-0.83,0.84,14.35,24.49,1.23,股價已脫離52週低點、波動相對可控、成交量尚未明顯枯竭,仍需觀察技術面是否轉強,2026-10-08 16:44:20
1905,00988BO,00988B.TWO,玉山嚴選非投債,nan,19.040000915527344,30,防守修復型,26.49,4.42,2.48,-5.27,5.57,-2.94,-3.49,1.52,均線糾結，可能處於整理蓄勢、波動相對可控、成交量尚未明顯枯竭,RSI過低，短線賣壓仍重、仍低於中長期均線，需耐心等待,2026-10-08 16:44:20
1906,00885,00885.TW,富邦越南,nan,17.65999984741211,30,防守修復型,32.59,10.7,1.3,-9.81,10.87,-2.61,-4.44,1.08,均線糾結，可能處於整理蓄勢、股價已脫離52週低點、波動相對可控,仍低於中長期均線，需耐心等待,2026-10-08 16:44:20
1907,3570O,3570.TWO,大塚,資訊服務業,169.5,30,防守修復型,58.74,13.63,2.09,-12.63,14.45,2.73,0.56,0.69,均線糾結，可能處於整理蓄勢、波動相對可控、股價仍在中長期均線之上,仍需觀察技術面是否轉強,2026-10-08 16:44:20
1908,6951,6951.TW,青新-創,綠能環保,69.0,30,防守修復型,34.48,6.69,2.61,-6.25,6.67,-2.83,-2.75,0.81,均線糾結，可能處於整理蓄勢、股價已脫離52週低點、波動相對可控,仍低於中長期均線，需耐心等待,2026-10-08 16:44:20
1909,6245O,6245.TWO,立端,通信網路業,87.30000305175781,30,低檔觀察型,55.89,34.25,5.26,-4.49,4.7,5.53,5.34,0.42,均線糾結，可能處於整理蓄勢、股價已脫離52週低點、波動相對可控,仍需觀察技術面是否轉強,2026-10-08 16:44:20
1910,3516O,3516.TWO,亞帝歐,光電業,26.399999618530273,30,防守修復型,61.84,19.88,0.43,-9.9,10.98,2.82,6.31,0.68,均線糾結，可能處於整理蓄勢、股價已脫離52週低點、波動相對可控,仍需觀察技術面是否轉強,2026-10-08 16:44:20
1911,3490O,3490.TWO,單井,光電業,45.650001525878906,30,低檔觀察型,52.13,69.67,14.26,-16.39,19.61,15.28,24.71,0.4,股價距離52週高點有修復空間、RSI位於低檔整理區、股價已脫離52週低點,波動過高，風險較大、股價已明顯高於季線，低估性下降,2026-10-08 16:44:20
1912,8040O,8040.TWO,九暘,半導體業,90.19999694824219,30,低檔觀察型,56.73,50.07,17.72,-27.84,38.58,15.95,5.37,0.57,股價距離52週高點有修復空間、潛在反彈空間較大、股價已脫離52週低點,股價已明顯高於季線，低估性下降,2026-10-08 16:44:20
1913,9944,9944.TW,新麗,其他業,17.25,30,防守修復型,49.7,10.39,1.73,-6.5,6.96,-1.31,-0.28,0.66,RSI位於低檔整理區、均線糾結，可能處於整理蓄勢、波動相對可控,仍低於中長期均線，需耐心等待,2026-10-08 16:44:20
1914,3293O,3293.TWO,鈊象,文化創意業,780.0,30,防守修復型,60.79,27.53,4.76,-4.76,5.0,5.81,4.21,0.29,均線糾結，可能處於整理蓄勢、股價已脫離52週低點、波動相對可控,仍需觀察技術面是否轉強,2026-10-08 16:44:20
1915,00981A,00981A.TW,主動統一台股增長,nan,32.599998474121094,30,防守修復型,69.06,26.2,6.13,-0.15,0.15,12.5,10.98,0.77,均線糾結，可能處於整理蓄勢、股價已脫離52週低點、波動相對可控,仍需觀察技術面是否轉強,2026-10-08 16:44:20
1916,00984D,00984D.TW,主動聯博全球非投,nan,9.59000015258789,30,防守修復型,17.91,6.01,2.58,-6.53,6.99,-4.2,-4.57,1.18,均線糾結，可能處於整理蓄勢、波動相對可控、成交量尚未明顯枯竭,RSI過低，短線賣壓仍重、仍低於中長期均線，需耐心等待,2026-10-08 16:44:20
1917,00983D,00983D.TW,主動富邦複合收益,nan,9.529999732971191,30,防守修復型,19.74,5.38,2.99,-8.1,8.81,-4.07,-4.99,1.23,均線糾結，可能處於整理蓄勢、波動相對可控、成交量尚未明顯枯竭,RSI過低，短線賣壓仍重、仍低於中長期均線，需耐心等待,2026-10-08 16:44:20
1918,00983A,00983A.TW,主動中信ARK創新,nan,13.75,30,防守修復型,69.2,25.17,8.01,0.0,0.0,12.41,14.63,1.81,股價已脫離52週低點、波動相對可控、成交量尚未明顯枯竭,仍需觀察技術面是否轉強,2026-10-08 16:44:20
1919,2301,2301.TW,光寶科,電腦及週邊設備業,300.0,30,低檔觀察型,60.42,34.21,8.0,-5.51,5.83,13.7,27.05,1.04,股價已脫離52週低點、波動相對可控、成交量尚未明顯枯竭,仍需觀察技術面是否轉強,2026-10-08 16:44:20
1920,3416,3416.TW,融程電,電腦及週邊設備業,169.0,30,防守修復型,57.01,23.5,2.64,-9.48,10.48,0.99,1.95,0.55,均線糾結，可能處於整理蓄勢、股價已脫離52週低點、波動相對可控,仍需觀察技術面是否轉強,2026-10-08 16:44:20
1921,3434O,3434.TWO,哲固,光電業,31.299999237060547,30,低檔觀察型,52.39,48.57,3.61,-13.06,15.02,3.06,3.7,0.24,RSI位於低檔整理區、均線糾結，可能處於整理蓄勢、股價已脫離52週低點,仍需觀察技術面是否轉強,2026-10-08 16:44:20
1922,006206,006206.TW,元大上證50,nan,36.54999923706055,30,防守修復型,37.09,10.49,2.11,-6.35,6.79,-3.14,-2.33,0.38,RSI位於低檔整理區、均線糾結，可能處於整理蓄勢、波動相對可控,仍低於中長期均線，需耐心等待,2026-10-08 16:44:20
1923,00762,00762.TW,元大全球AI,nan,123.05000305175781,30,防守修復型,65.61,20.34,6.77,-0.28,0.28,8.66,9.91,0.78,均線糾結，可能處於整理蓄勢、股價已脫離52週低點、波動相對可控,仍需觀察技術面是否轉強,2026-10-08 16:44:20
1924,00757,00757.TW,統一FANG+,nan,144.6999969482422,30,防守修復型,61.71,15.01,4.13,-0.45,0.45,5.13,9.4,0.56,均線糾結，可能處於整理蓄勢、股價已脫離52週低點、波動相對可控,仍需觀察技術面是否轉強,2026-10-08 16:44:20
1925,6488O,6488.TWO,環球晶,半導體業,1215.0,30,低檔觀察型,71.93,58.71,6.0,-19.8,24.69,20.1,28.97,1.11,股價距離52週高點有修復空間、均線糾結，可能處於整理蓄勢、股價已脫離52週低點,RSI偏高，不符合低檔潛伏、股價已明顯高於季線，低估性下降,2026-10-08 16:44:20
1926,00717,00717.TW,富邦美國特別股,nan,14.470000267028809,30,防守修復型,38.83,5.77,1.38,-6.77,7.26,-1.89,-2.73,0.36,RSI位於低檔整理區、均線糾結，可能處於整理蓄勢、波動相對可控,仍低於中長期均線，需耐心等待,2026-10-08 16:44:20
1927,2892,2892.TW,第一金,金融保險業,38.900001525878906,30,防守修復型,58.19,21.38,7.71,-4.54,4.76,7.82,17.56,0.56,均線糾結，可能處於整理蓄勢、股價已脫離52週低點、波動相對可控,仍需觀察技術面是否轉強,2026-10-08 16:44:20
1928,0051,0051.TW,元大中型100,nan,152.35000610351562,30,防守修復型,66.94,15.22,4.14,-0.07,0.07,6.84,8.89,0.59,均線糾結，可能處於整理蓄勢、股價已脫離52週低點、波動相對可控,仍需觀察技術面是否轉強,2026-10-08 16:44:20
1929,0055,0055.TW,元大MSCI金融,nan,49.2599983215332,30,防守修復型,57.55,16.57,7.65,-3.13,3.23,7.67,18.67,0.59,均線糾結，可能處於整理蓄勢、股價已脫離52週低點、波動相對可控,仍需觀察技術面是否轉強,2026-10-08 16:44:20
1930,9945,9945.TW,潤泰新,其他業,29.299999237060547,30,防守修復型,56.41,22.73,4.27,-4.25,4.44,4.84,10.95,0.66,均線糾結，可能處於整理蓄勢、股價已脫離52週低點、波動相對可控,仍需觀察技術面是否轉強,2026-10-08 16:44:20
1931,00701,00701.TW,國泰股利精選30,nan,41.099998474121094,30,防守修復型,55.17,12.16,5.41,-3.07,3.16,4.38,11.19,0.39,均線糾結，可能處於整理蓄勢、股價已脫離52週低點、波動相對可控,仍需觀察技術面是否轉強,2026-10-08 16:44:20
1932,00690,00690.TW,兆豐藍籌30,nan,85.5999984741211,30,防守修復型,68.1,23.2,6.92,-0.23,0.23,10.55,12.15,0.76,均線糾結，可能處於整理蓄勢、股價已脫離52週低點、波動相對可控,仍需觀察技術面是否轉強,2026-10-08 16:44:20
1933,8415O,8415.TWO,大國鋼,鋼鐵工業,35.29999923706055,30,防守修復型,43.92,16.03,4.41,-8.67,9.49,-4.01,-1.3,0.31,RSI位於低檔整理區、均線糾結，可能處於整理蓄勢、波動相對可控,仍低於中長期均線，需耐心等待,2026-10-08 16:44:20
1934,00770,00770.TW,國泰北美科技,nan,66.80000305175781,30,低檔觀察型,53.4,35.55,2.26,-6.44,6.89,-0.43,1.32,0.53,RSI位於低檔整理區、均線糾結，可能處於整理蓄勢、股價已脫離52週低點,仍需觀察技術面是否轉強,2026-10-08 16:44:20
1935,00647L,00647L.TW,元大S&P500正2,nan,140.8000030517578,30,防守修復型,58.59,15.74,0.93,-2.26,2.31,2.16,4.87,0.59,均線糾結，可能處於整理蓄勢、股價已脫離52週低點、波動相對可控,仍需觀察技術面是否轉強,2026-10-08 16:44:20
1936,00666R,00666R.TW,富邦恒生國企反1,nan,9.369999885559082,30,防守修復型,56.59,13.55,1.76,-9.56,10.57,2.45,1.73,0.17,均線糾結，可能處於整理蓄勢、股價已脫離52週低點、波動相對可控,仍需觀察技術面是否轉強,2026-10-08 16:44:20
1937,3226O,3226.TWO,龍鋒,電機機械,57.79999923706055,30,低檔觀察型,51.17,39.31,12.67,-11.08,12.46,9.06,19.15,0.48,RSI位於低檔整理區、股價已脫離52週低點、股價仍在中長期均線之上,仍需觀察技術面是否轉強,2026-10-08 16:44:20
1938,2615,2615.TW,萬海,航運業,111.5,30,低檔觀察型,49.65,40.18,10.44,-11.86,13.45,9.04,22.82,0.41,RSI位於低檔整理區、股價已脫離52週低點、股價仍在中長期均線之上,仍需觀察技術面是否轉強,2026-10-08 16:44:20
1939,006205,006205.TW,富邦上証,nan,39.09000015258789,30,防守修復型,36.05,10.72,2.49,-7.59,8.21,-3.55,-4.12,0.38,RSI位於低檔整理區、均線糾結，可能處於整理蓄勢、波動相對可控,仍低於中長期均線，需耐心等待,2026-10-08 16:44:20
1940,00845BO,00845B.TWO,富邦新興投等債,nan,31.40999984741211,30,防守修復型,27.8,6.63,3.6,-8.32,9.07,-4.08,-4.93,1.46,均線糾結，可能處於整理蓄勢、波動相對可控、成交量尚未明顯枯竭,RSI過低，短線賣壓仍重、仍低於中長期均線，需耐心等待,2026-10-08 16:44:20
1941,00846BO,00846B.TWO,富邦歐洲銀行債,nan,33.970001220703125,30,防守修復型,27.36,6.47,3.58,-8.21,8.95,-4.11,-4.85,0.97,均線糾結，可能處於整理蓄勢、波動相對可控、成交量尚未明顯枯竭,RSI過低，短線賣壓仍重、仍低於中長期均線，需耐心等待,2026-10-08 16:44:20
1942,00780BO,00780B.TWO,國泰A級金融債,nan,35.2599983215332,30,防守修復型,29.47,6.12,3.41,-8.34,9.1,-3.84,-4.66,0.87,均線糾結，可能處於整理蓄勢、波動相對可控、成交量尚未明顯枯竭,RSI過低，短線賣壓仍重、仍低於中長期均線，需耐心等待,2026-10-08 16:44:20
1943,1456,1456.TW,怡華,建材營造業,14.399999618530273,30,低檔觀察型,51.09,37.25,3.73,-7.69,8.33,2.55,3.34,0.33,RSI位於低檔整理區、均線糾結，可能處於整理蓄勢、股價已脫離52週低點,仍需觀察技術面是否轉強,2026-10-08 16:44:20
1944,00634R,00634R.TW,富邦上証反1,nan,3.2699999809265137,30,防守修復型,65.04,13.11,2.8,-3.82,3.98,4.32,5.36,0.11,均線糾結，可能處於整理蓄勢、股價已脫離52週低點、波動相對可控,仍需觀察技術面是否轉強,2026-10-08 16:44:20
1945,00638R,00638R.TW,元大滬深300反1,nan,6.980000019073486,30,防守修復型,64.98,12.88,2.39,-4.38,4.58,4.17,5.17,0.73,均線糾結，可能處於整理蓄勢、股價已脫離52週低點、波動相對可控,仍需觀察技術面是否轉強,2026-10-08 16:44:20
1946,00646,00646.TW,元大S&P500,nan,77.8499984741211,30,防守修復型,60.91,7.6,0.67,-1.39,1.41,1.25,3.59,0.78,均線糾結，可能處於整理蓄勢、股價已脫離52週低點、波動相對可控,仍需觀察技術面是否轉強,2026-10-08 16:44:20
1947,5533,5533.TW,皇鼎,建材營造業,13.899999618530273,30,防守修復型,47.33,9.77,0.37,-6.71,7.19,-0.58,-0.83,0.59,RSI位於低檔整理區、均線糾結，可能處於整理蓄勢、波動相對可控,仍低於中長期均線，需耐心等待,2026-10-08 16:44:20
1948,2347,2347.TW,聯強,電子通路業,96.80000305175781,30,防守修復型,68.97,21.73,5.52,-0.31,0.31,7.92,9.42,0.79,均線糾結，可能處於整理蓄勢、股價已脫離52週低點、波動相對可控,仍需觀察技術面是否轉強,2026-10-08 16:44:20
1949,2330,2330.TW,台積電,半導體業,2585.0,30,防守修復型,68.57,18.21,3.98,0.0,0.0,7.19,9.61,0.74,均線糾結，可能處於整理蓄勢、股價已脫離52週低點、波動相對可控,仍需觀察技術面是否轉強,2026-10-08 16:44:20
1950,3702,3702.TW,大聯大,電子通路業,120.0,30,低檔觀察型,65.02,30.64,3.75,-7.69,8.33,6.71,8.18,0.68,均線糾結，可能處於整理蓄勢、股價已脫離52週低點、波動相對可控,仍需觀察技術面是否轉強,2026-10-08 16:44:20
1951,006201O,006201.TWO,元大富櫃50,nan,48.47999954223633,30,防守修復型,66.58,24.67,7.06,-4.57,4.79,10.74,7.07,0.66,均線糾結，可能處於整理蓄勢、股價已脫離52週低點、波動相對可控,仍需觀察技術面是否轉強,2026-10-08 16:44:20
1952,1341,1341.TW,富林-KY,塑膠工業,59.099998474121094,30,防守修復型,46.1,16.83,0.39,-6.93,7.45,-0.34,-1.55,0.0,RSI位於低檔整理區、均線糾結，可能處於整理蓄勢、波動相對可控,仍低於中長期均線，需耐心等待,2026-10-08 16:44:20
1953,00726BO,00726B.TWO,國泰新興投等債,nan,31.0,30,防守修復型,25.49,6.76,3.28,-8.58,9.39,-4.0,-4.97,0.81,均線糾結，可能處於整理蓄勢、波動相對可控、成交量尚未明顯枯竭,RSI過低，短線賣壓仍重、仍低於中長期均線，需耐心等待,2026-10-08 16:44:20
1954,00697BO,00697B.TWO,元大美債7-10,nan,33.84000015258789,30,防守修復型,26.83,6.29,3.57,-8.07,8.78,-3.99,-4.49,1.07,均線糾結，可能處於整理蓄勢、波動相對可控、成交量尚未明顯枯竭,RSI過低，短線賣壓仍重、仍低於中長期均線，需耐心等待,2026-10-08 16:44:20
1955,5876,5876.TW,上海商銀,金融保險業,49.5,30,防守修復型,62.57,22.89,6.58,-0.9,0.91,8.09,14.87,0.75,均線糾結，可能處於整理蓄勢、股價已脫離52週低點、波動相對可控,仍需觀察技術面是否轉強,2026-10-08 16:44:20
1956,6136,6136.TW,富爾特,通信網路業,25.25,30,防守修復型,59.13,10.9,1.25,-9.82,10.89,2.05,0.82,0.48,均線糾結，可能處於整理蓄勢、股價已脫離52週低點、波動相對可控,仍需觀察技術面是否轉強,2026-10-08 16:44:20
1957,8089O,8089.TWO,康全電訊,通信網路業,19.350000381469727,30,低檔觀察型,58.38,41.9,4.86,-48.12,92.76,4.94,-1.01,0.42,潛在反彈空間較大、均線糾結，可能處於整理蓄勢、股價已脫離52週低點,跌幅過深，需留意基本面是否惡化、仍低於中長期均線，需耐心等待,2026-10-08 16:44:20
1958,8284O,8284.TWO,三竹,資訊服務業,67.9000015258789,30,防守修復型,55.49,11.99,3.82,-1.74,1.77,3.71,5.0,0.29,均線糾結，可能處於整理蓄勢、股價已脫離52週低點、波動相對可控,仍需觀察技術面是否轉強,2026-10-08 16:44:20
1959,8446O,8446.TWO,華研,文化創意業,86.19999694824219,30,防守修復型,60.85,8.77,0.62,-13.8,16.01,0.91,0.39,0.79,均線糾結，可能處於整理蓄勢、波動相對可控、股價仍在中長期均線之上,仍需觀察技術面是否轉強,2026-10-08 16:44:20
1960,1203,1203.TW,味王,食品工業,43.0,30,低檔觀察型,45.58,37.82,4.39,-13.91,16.16,-4.94,-2.61,0.41,RSI位於低檔整理區、均線糾結，可能處於整理蓄勢、股價已脫離52週低點,仍低於中長期均線，需耐心等待,2026-10-08 16:44:20
1961,1312,1312.TW,國喬,塑膠工業,15.050000190734863,30,低檔觀察型,59.12,36.27,8.92,-3.83,3.99,12.59,15.66,1.19,股價已脫離52週低點、成交量尚未明顯枯竭、股價仍在中長期均線之上,仍需觀察技術面是否轉強,2026-10-08 16:44:20
1962,8240O,8240.TWO,華宏,光電業,55.70000076293945,30,低檔觀察型,58.95,48.65,16.2,-25.53,34.29,19.13,3.4,0.32,股價距離52週高點有修復空間、潛在反彈空間較大、股價已脫離52週低點,股價已明顯高於季線，低估性下降,2026-10-08 16:44:20
1963,8289O,8289.TWO,泰藝,電子零組件業,55.400001525878906,29,低檔觀察型,70.07,61.28,7.94,-26.82,36.64,21.5,5.27,2.02,股價距離52週高點有修復空間、潛在反彈空間較大、均線糾結，可能處於整理蓄勢,RSI偏高，不符合低檔潛伏、波動過高，風險較大,2026-10-08 16:44:20
1964,1538,1538.TW,正峰,電機機械,8.850000381469727,29,低檔觀察型,55.42,69.0,11.94,-68.05,212.99,-4.16,-16.44,1.16,潛在反彈空間較大、股價已脫離52週低點、成交量尚未明顯枯竭,跌幅過深，需留意基本面是否惡化、波動過高，風險較大,2026-10-08 16:44:20
1965,3236O,3236.TWO,千如,電子零組件業,56.20000076293945,29,低檔觀察型,74.33,63.39,5.98,-23.01,29.89,25.01,17.44,4.56,股價距離52週高點有修復空間、潛在反彈空間較大、均線糾結，可能處於整理蓄勢,RSI偏高，不符合低檔潛伏、波動過高，風險較大,2026-10-08 16:44:20
1966,5228O,5228.TWO,鈺鎧,電子零組件業,55.79999923706055,29,低檔觀察型,79.66,69.0,4.51,-26.77,36.56,33.16,15.63,1.23,股價距離52週高點有修復空間、潛在反彈空間較大、均線糾結，可能處於整理蓄勢,RSI偏高，不符合低檔潛伏、波動過高，風險較大,2026-10-08 16:44:20
1967,8084O,8084.TWO,巨虹,電子通路業,15.949999809265137,27,低檔觀察型,7.64,76.6,97.61,-75.94,315.67,-62.23,-64.01,0.49,潛在反彈空間較大、股價低於季線，具修復空間、股價低於半年線，具左側布局特徵,跌幅過深，需留意基本面是否惡化、RSI過低，短線賣壓仍重,2026-10-08 16:44:20
1968,1315,1315.TW,達新,塑膠工業,72.0,27,防守修復型,84.4,17.32,4.28,0.0,0.0,9.47,12.44,3.44,均線糾結，可能處於整理蓄勢、股價已脫離52週低點、波動相對可控,RSI偏高，不符合低檔潛伏,2026-10-08 16:44:20
1969,00993A,00993A.TW,主動安聯台灣,nan,14.729999542236328,27,防守修復型,70.31,26.31,6.39,-0.14,0.14,12.51,11.64,0.9,均線糾結，可能處於整理蓄勢、股價已脫離52週低點、波動相對可控,RSI偏高，不符合低檔潛伏,2026-10-08 16:44:20
1970,009804,009804.TW,聯邦台精彩50,nan,24.889999389648438,27,防守修復型,73.33,17.35,6.97,-0.8,0.8,10.9,11.76,0.84,均線糾結，可能處於整理蓄勢、股價已脫離52週低點、波動相對可控,RSI偏高，不符合低檔潛伏,2026-10-08 16:44:20
1971,6506O,6506.TWO,雙邦,紡織纖維,18.850000381469727,27,防守修復型,72.2,11.52,4.31,-8.94,9.81,6.28,3.72,1.41,均線糾結，可能處於整理蓄勢、股價已脫離52週低點、波動相對可控,RSI偏高，不符合低檔潛伏,2026-10-08 16:44:20
1972,7717O,7717.TWO,萊德光電-KY,通信網路業,602.0,27,低檔觀察型,62.84,83.45,19.94,-34.85,53.49,28.31,10.89,0.96,股價距離52週高點有修復空間、潛在反彈空間較大、股價已脫離52週低點,波動過高，風險較大、股價已明顯高於季線，低估性下降,2026-10-08 16:44:20
1973,6945O,6945.TWO,圓祥生技,生技醫療業,140.0,27,低檔觀察型,64.13,70.23,22.17,-39.52,65.36,29.79,13.8,1.36,股價距離52週高點有修復空間、潛在反彈空間較大、股價已脫離52週低點,波動過高，風險較大、股價已明顯高於季線，低估性下降,2026-10-08 16:44:20
1974,6949,6949.TW,沛爾生醫*-創,生技醫療業,45.29999923706055,27,低檔觀察型,22.23,88.08,1307.41,-96.96,3189.18,-92.93,-93.58,0.27,潛在反彈空間較大、股價低於季線，具修復空間、股價低於半年線，具左側布局特徵,跌幅過深，需留意基本面是否惡化、RSI過低，短線賣壓仍重,2026-10-08 16:44:20
1975,3675O,3675.TWO,德微,半導體業,359.5,27,低檔觀察型,65.96,81.36,16.09,-20.11,25.17,27.59,20.04,1.22,股價距離52週高點有修復空間、潛在反彈空間較大、股價已脫離52週低點,波動過高，風險較大、股價已明顯高於季線，低估性下降,2026-10-08 16:44:20
1976,7723O,7723.TWO,築間,觀光餐旅,21.799999237060547,27,低檔觀察型,75.42,54.03,2.66,-48.1,92.66,12.54,-2.93,6.53,潛在反彈空間較大、均線糾結，可能處於整理蓄勢、股價已脫離52週低點,跌幅過深，需留意基本面是否惡化、RSI偏高，不符合低檔潛伏,2026-10-08 16:44:20
1977,0056,0056.TW,元大高股息,nan,58.099998474121094,27,防守修復型,73.83,10.29,6.39,0.0,0.0,8.91,14.66,1.41,均線糾結，可能處於整理蓄勢、股價已脫離52週低點、波動相對可控,RSI偏高，不符合低檔潛伏,2026-10-08 16:44:20
1978,00400A,00400A.TW,主動國泰動能高息,nan,16.610000610351562,27,防守修復型,75.29,24.22,7.85,0.0,0.0,14.96,16.78,1.28,均線糾結，可能處於整理蓄勢、股價已脫離52週低點、波動相對可控,RSI偏高，不符合低檔潛伏,2026-10-08 16:44:20
1979,0053,0053.TW,元大科技市值,nan,263.1000061035156,27,防守修復型,71.0,19.0,5.93,0.0,0.0,10.03,12.52,1.28,均線糾結，可能處於整理蓄勢、股價已脫離52週低點、波動相對可控,RSI偏高，不符合低檔潛伏,2026-10-08 16:44:20
1980,00689R,00689R.TW,國泰20年美債反1,nan,24.309999465942383,27,防守修復型,75.66,14.18,3.02,0.0,0.0,6.1,8.27,0.88,均線糾結，可能處於整理蓄勢、股價已脫離52週低點、波動相對可控,RSI偏高，不符合低檔潛伏,2026-10-08 16:44:20
1981,00692,00692.TW,富邦公司治理,nan,100.0,27,防守修復型,74.16,15.18,6.11,0.0,0.0,9.87,12.6,1.74,均線糾結，可能處於整理蓄勢、股價已脫離52週低點、波動相對可控,RSI偏高，不符合低檔潛伏,2026-10-08 16:44:20
1982,1708,1708.TW,東鹼,化學工業,57.29999923706055,27,低檔觀察型,74.31,31.86,4.89,-7.13,7.68,12.07,18.76,1.29,均線糾結，可能處於整理蓄勢、股價已脫離52週低點、波動相對可控,RSI偏高，不符合低檔潛伏,2026-10-08 16:44:20
1983,3021,3021.TW,鴻名,電子零組件業,27.950000762939453,27,低檔觀察型,60.45,81.09,16.2,-30.12,43.11,22.18,19.36,2.59,股價距離52週高點有修復空間、潛在反彈空間較大、股價已脫離52週低點,波動過高，風險較大、股價已明顯高於季線，低估性下降,2026-10-08 16:44:20
1984,0050,0050.TW,元大台灣50,nan,116.5,27,防守修復型,73.7,16.3,5.94,0.0,0.0,9.87,13.26,0.92,均線糾結，可能處於整理蓄勢、股價已脫離52週低點、波動相對可控,RSI偏高，不符合低檔潛伏,2026-10-08 16:44:20
1985,00905,00905.TW,FT臺灣SMART,nan,28.639999389648438,27,防守修復型,71.97,17.17,5.83,-2.52,2.58,9.64,10.03,1.29,均線糾結，可能處於整理蓄勢、股價已脫離52週低點、波動相對可控,RSI偏高，不符合低檔潛伏,2026-10-08 16:44:20
1986,00922,00922.TW,國泰台灣領袖50,nan,45.290000915527344,27,防守修復型,73.86,16.47,6.71,0.0,0.0,10.59,14.96,1.21,均線糾結，可能處於整理蓄勢、股價已脫離52週低點、波動相對可控,RSI偏高，不符合低檔潛伏,2026-10-08 16:44:20
1987,3615O,3615.TWO,安可,光電業,43.95000076293945,27,低檔觀察型,63.44,66.3,10.0,-27.83,38.57,16.49,5.98,0.58,股價距離52週高點有修復空間、潛在反彈空間較大、股價已脫離52週低點,波動過高，風險較大、股價已明顯高於季線，低估性下降,2026-10-08 16:44:20
1988,00730,00730.TW,富邦臺灣優質高息,nan,30.280000686645508,27,防守修復型,70.2,13.51,2.78,0.0,0.0,5.6,7.72,1.11,均線糾結，可能處於整理蓄勢、股價已脫離52週低點、波動相對可控,RSI偏高，不符合低檔潛伏,2026-10-08 16:44:20
1989,00895,00895.TW,富邦未來車,nan,53.849998474121094,27,防守修復型,71.53,14.08,3.76,0.0,0.0,7.25,7.85,1.61,均線糾結，可能處於整理蓄勢、股價已脫離52週低點、波動相對可控,RSI偏高，不符合低檔潛伏,2026-10-08 16:44:20
1990,00894,00894.TW,中信小資高價30,nan,52.70000076293945,27,防守修復型,71.68,25.15,6.57,-0.09,0.09,12.19,11.87,0.83,均線糾結，可能處於整理蓄勢、股價已脫離52週低點、波動相對可控,RSI偏高，不符合低檔潛伏,2026-10-08 16:44:20
1991,00893,00893.TW,國泰智能電動車,nan,47.52000045776367,27,防守修復型,72.33,18.47,4.81,-1.16,1.18,8.53,7.66,1.3,均線糾結，可能處於整理蓄勢、股價已脫離52週低點、波動相對可控,RSI偏高，不符合低檔潛伏,2026-10-08 16:44:20
1992,00657K,00657K.TW,國泰日經225+U,nan,26.329999923706055,27,防守修復型,70.81,23.69,2.45,-1.42,1.44,8.4,8.94,0.93,均線糾結，可能處於整理蓄勢、股價已脫離52週低點、波動相對可控,RSI偏高，不符合低檔潛伏,2026-10-08 16:44:20
1993,00851,00851.TW,台新全球AI,nan,74.69999694824219,27,防守修復型,70.38,12.96,3.3,-0.66,0.67,5.52,7.91,1.07,均線糾結，可能處於整理蓄勢、股價已脫離52週低點、波動相對可控,RSI偏高，不符合低檔潛伏,2026-10-08 16:44:20
1994,00904,00904.TW,台新臺灣半導體30,nan,44.869998931884766,27,防守修復型,70.59,21.5,7.33,-1.62,1.65,11.02,11.95,2.85,均線糾結，可能處於整理蓄勢、股價已脫離52週低點、波動相對可控,RSI偏高，不符合低檔潛伏,2026-10-08 16:44:20
1995,009820,009820.TW,元大納斯達克精選,nan,10.75,27,防守修復型,71.45,17.41,5.18,-1.29,1.3,8.23,7.54,1.66,均線糾結，可能處於整理蓄勢、股價已脫離52週低點、波動相對可控,RSI偏高，不符合低檔潛伏,2026-10-08 16:44:20
1996,009816,009816.TW,凱基台灣TOP50,nan,17.059999465942383,27,防守修復型,74.07,14.38,6.86,0.0,0.0,10.36,14.09,0.91,均線糾結，可能處於整理蓄勢、股價已脫離52週低點、波動相對可控,RSI偏高，不符合低檔潛伏,2026-10-08 16:44:20
1997,00912,00912.TW,中信臺灣智慧50,nan,37.54999923706055,27,防守修復型,70.82,18.63,6.55,0.0,0.0,10.06,13.98,3.05,均線糾結，可能處於整理蓄勢、股價已脫離52週低點、波動相對可控,RSI偏高，不符合低檔潛伏,2026-10-08 16:44:20
1998,00989A,00989A.TW,主動摩根美國科技,nan,18.34000015258789,27,防守修復型,71.2,16.42,3.76,-2.86,2.94,7.22,6.67,3.48,均線糾結，可能處於整理蓄勢、股價已脫離52週低點、波動相對可控,RSI偏高，不符合低檔潛伏,2026-10-08 16:44:20
1999,006208,006208.TW,富邦台50,nan,265.8999938964844,27,防守修復型,74.39,15.59,5.83,0.0,0.0,9.49,12.24,1.3,均線糾結，可能處於整理蓄勢、股價已脫離52週低點、波動相對可控,RSI偏高，不符合低檔潛伏,2026-10-08 16:44:20
2000,006204,006204.TW,永豐臺灣加權,nan,247.64999389648438,27,防守修復型,70.31,16.79,5.46,-0.06,0.06,8.84,11.78,1.08,均線糾結，可能處於整理蓄勢、股價已脫離52週低點、波動相對可控,RSI偏高，不符合低檔潛伏,2026-10-08 16:44:20
2001,00886O,00886.TWO,永豐美國科技,nan,49.900001525878906,27,防守修復型,73.37,13.17,5.38,0.0,0.0,6.33,11.1,0.9,均線糾結，可能處於整理蓄勢、股價已脫離52週低點、波動相對可控,RSI偏高，不符合低檔潛伏,2026-10-08 16:44:20
2002,00788BO,00788B.TWO,元大10年IG電能債,nan,27.8799991607666,27,防守修復型,30.82,10.9,3.38,-9.95,11.05,-4.52,-5.9,0.73,均線糾結，可能處於整理蓄勢、波動相對可控、股價低於半年線，具左側布局特徵,仍低於中長期均線，需耐心等待,2026-10-08 16:44:20
2003,00984A,00984A.TW,主動安聯台灣高息,nan,16.25,27,防守修復型,70.3,13.78,2.94,-6.18,6.58,6.43,5.5,2.66,均線糾結，可能處於整理蓄勢、股價已脫離52週低點、波動相對可控,RSI偏高，不符合低檔潛伏,2026-10-08 16:44:20
2004,00982A,00982A.TW,主動群益台灣強棒,nan,24.690000534057617,27,防守修復型,70.08,23.81,4.13,-3.21,3.32,10.18,8.67,0.95,均線糾結，可能處於整理蓄勢、股價已脫離52週低點、波動相對可控,RSI偏高，不符合低檔潛伏,2026-10-08 16:44:20
2005,1721,1721.TW,國慶科技,化學工業,27.75,27,低檔觀察型,68.77,68.85,16.67,-20.14,25.23,27.59,14.89,1.77,股價距離52週高點有修復空間、潛在反彈空間較大、股價已脫離52週低點,波動過高，風險較大、股價已明顯高於季線，低估性下降,2026-10-08 16:44:20
2006,00858O,00858.TWO,永豐美國500大,nan,36.900001525878906,27,防守修復型,70.07,6.74,0.95,-0.78,0.79,2.3,3.12,2.07,均線糾結，可能處於整理蓄勢、股價已脫離52週低點、波動相對可控,RSI偏高，不符合低檔潛伏,2026-10-08 16:44:20
2007,00985A,00985A.TW,主動野村台灣50,nan,24.549999237060547,27,防守修復型,71.71,15.25,6.16,-0.12,0.12,10.49,12.9,5.17,均線糾結，可能處於整理蓄勢、股價已脫離52週低點、波動相對可控,RSI偏高，不符合低檔潛伏,2026-10-08 16:44:20
2008,009815O,009815.TWO,大華美國MAG7+,nan,12.329999923706055,27,防守修復型,74.09,12.12,4.52,0.0,0.0,6.75,8.95,1.0,均線糾結，可能處於整理蓄勢、股價已脫離52週低點、波動相對可控,RSI偏高，不符合低檔潛伏,2026-10-08 16:44:20
2009,6147O,6147.TWO,頎邦,半導體業,231.5,27,低檔觀察型,64.5,68.43,16.18,-24.22,31.97,28.4,17.87,1.77,股價距離52週高點有修復空間、潛在反彈空間較大、股價已脫離52週低點,波動過高，風險較大、股價已明顯高於季線，低估性下降,2026-10-08 16:44:20
2010,8432O,8432.TWO,東生華,生技醫療業,53.79999923706055,27,防守修復型,78.26,18.91,1.53,-8.5,9.29,6.6,6.17,2.27,均線糾結，可能處於整理蓄勢、股價已脫離52週低點、波動相對可控,RSI偏高，不符合低檔潛伏,2026-10-08 16:44:20
2011,2107,2107.TW,厚生,橡膠工業,28.149999618530273,27,防守修復型,73.75,14.22,2.79,0.0,0.0,6.75,8.17,2.5,均線糾結，可能處於整理蓄勢、股價已脫離52週低點、波動相對可控,RSI偏高，不符合低檔潛伏,2026-10-08 16:44:20
2012,5520O,5520.TWO,力泰,建材營造業,84.5,27,防守修復型,77.99,5.59,0.87,-12.25,13.96,2.17,2.79,1.25,均線糾結，可能處於整理蓄勢、波動相對可控、成交量尚未明顯枯竭,RSI偏高，不符合低檔潛伏,2026-10-08 16:44:20
2013,2115,2115.TW,六暉-KY,汽車工業,24.850000381469727,27,防守修復型,75.09,18.11,3.06,-7.79,8.45,7.32,12.08,5.29,均線糾結，可能處於整理蓄勢、股價已脫離52週低點、波動相對可控,RSI偏高，不符合低檔潛伏,2026-10-08 16:44:20
2014,5455O,5455.TWO,昇益,建材營造業,30.799999237060547,27,防守修復型,71.98,9.83,4.52,0.0,0.0,5.25,12.08,0.83,均線糾結，可能處於整理蓄勢、股價已脫離52週低點、波動相對可控,RSI偏高，不符合低檔潛伏,2026-10-08 16:44:20
2015,6205,6205.TW,詮欣,電子零組件業,71.9000015258789,27,低檔觀察型,58.77,61.61,10.76,-26.78,36.58,12.55,-0.59,0.47,股價距離52週高點有修復空間、潛在反彈空間較大、股價已脫離52週低點,波動過高，風險較大、仍低於中長期均線，需耐心等待,2026-10-08 16:44:20
2016,2607,2607.TW,榮運,航運業,55.70000076293945,27,防守修復型,73.16,17.18,5.32,-6.07,6.46,9.63,12.49,3.95,均線糾結，可能處於整理蓄勢、股價已脫離52週低點、波動相對可控,RSI偏高，不符合低檔潛伏,2026-10-08 16:44:20
2017,6214,6214.TW,精誠,資訊服務業,189.5,25,防守修復型,63.26,11.61,10.44,-2.57,2.64,11.72,25.58,0.4,股價已脫離52週低點、波動相對可控、股價仍在中長期均線之上,仍需觀察技術面是否轉強,2026-10-08 16:44:20
2018,5292,5292.TW,華懋,綠能環保,243.0,25,低檔觀察型,67.4,34.11,12.96,-2.41,2.47,21.28,19.71,3.57,股價已脫離52週低點、波動相對可控、成交量尚未明顯枯竭,股價已明顯高於季線，低估性下降,2026-10-08 16:44:20
2019,4566,4566.TW,時碩工業,電機機械,77.30000305175781,25,低檔觀察型,69.77,42.54,6.58,-0.26,0.26,12.74,15.5,1.18,均線糾結，可能處於整理蓄勢、股價已脫離52週低點、成交量尚未明顯枯竭,仍需觀察技術面是否轉強,2026-10-08 16:44:20
2020,00898,00898.TW,國泰基因免疫革命,nan,12.130000114440918,25,防守修復型,69.3,26.3,10.96,0.0,0.0,15.88,28.25,1.65,股價已脫離52週低點、波動相對可控、成交量尚未明顯枯竭,股價已明顯高於季線，低估性下降,2026-10-08 16:44:20
2021,00684R,00684R.TW,期元大美元指反1,nan,14.720000267028809,25,防守修復型,23.19,4.67,1.32,-7.42,8.02,-2.21,-2.66,0.05,均線糾結，可能處於整理蓄勢、波動相對可控,RSI過低，短線賣壓仍重、仍低於中長期均線，需耐心等待,2026-10-08 16:44:20
2022,3006,3006.TW,晶豪科,半導體業,270.5,25,低檔觀察型,46.54,53.19,10.07,-13.3,15.34,5.59,14.58,0.43,RSI位於低檔整理區、股價已脫離52週低點、股價仍在中長期均線之上,仍需觀察技術面是否轉強,2026-10-08 16:44:20
2023,6953O,6953.TWO,家碩,半導體業,257.0,25,低檔觀察型,64.91,36.41,7.08,-12.14,13.81,11.98,7.7,0.75,均線糾結，可能處於整理蓄勢、股價已脫離52週低點、股價仍在中長期均線之上,仍需觀察技術面是否轉強,2026-10-08 16:44:20
2024,2020,2020.TW,美亞,鋼鐵工業,24.399999618530273,25,低檔觀察型,58.98,57.94,9.87,-9.29,10.25,11.15,11.72,0.71,股價已脫離52週低點、股價仍在中長期均線之上、具低檔潛伏與整理跡象,仍需觀察技術面是否轉強,2026-10-08 16:44:20
2025,2887,2887.TW,台新新光金,金融保險業,42.150001525878906,25,防守修復型,56.07,26.19,9.8,-5.07,5.34,9.57,27.94,0.53,股價已脫離52週低點、波動相對可控、股價仍在中長期均線之上,仍需觀察技術面是否轉強,2026-10-08 16:44:20
2026,00625K,00625K.TW,富邦上証+R,nan,8.329999923706055,25,防守修復型,13.82,12.42,3.5,-9.55,10.56,-3.38,-4.61,0.0,均線糾結，可能處於整理蓄勢、波動相對可控,RSI過低，短線賣壓仍重、仍低於中長期均線，需耐心等待,2026-10-08 16:44:20
2027,8215,8215.TW,明基材,光電業,27.950000762939453,25,低檔觀察型,54.22,57.16,10.83,-14.26,16.64,9.58,3.26,0.42,RSI位於低檔整理區、股價已脫離52週低點、股價仍在中長期均線之上,仍需觀察技術面是否轉強,2026-10-08 16:44:20
2028,6790,6790.TW,永豐實,造紙工業,37.25,25,防守修復型,34.56,5.89,1.53,-9.04,9.93,-2.34,-4.49,1.39,均線糾結，可能處於整理蓄勢、波動相對可控、成交量尚未明顯枯竭,仍低於中長期均線，需耐心等待,2026-10-08 16:44:20
2029,4305O,4305.TWO,世坤,塑膠工業,41.20000076293945,25,防守修復型,30.23,12.61,1.88,-10.34,11.53,-2.96,-4.46,0.76,均線糾結，可能處於整理蓄勢、波動相對可控、跌深但波動未失控,仍低於中長期均線，需耐心等待,2026-10-08 16:44:20
2030,4535O,4535.TWO,至興,電機機械,26.5,25,防守修復型,33.44,12.68,3.85,-12.4,14.15,-4.86,-4.31,0.06,均線糾結，可能處於整理蓄勢、波動相對可控、跌深但波動未失控,仍低於中長期均線，需耐心等待,2026-10-08 16:44:20
2031,2395,2395.TW,研華,電腦及週邊設備業,733.0,25,防守修復型,62.16,26.6,9.82,-0.95,0.95,12.55,31.4,0.65,股價已脫離52週低點、波動相對可控、股價仍在中長期均線之上,仍需觀察技術面是否轉強,2026-10-08 16:44:20
2032,6782,6782.TW,視陽,生技醫療業,232.5,25,低檔觀察型,50.48,45.23,8.05,-8.64,9.46,7.3,11.07,0.68,RSI位於低檔整理區、股價已脫離52週低點、股價仍在中長期均線之上,仍需觀察技術面是否轉強,2026-10-08 16:44:20
2033,5309O,5309.TWO,系統電,電子零組件業,67.19999694824219,25,低檔觀察型,82.43,46.22,10.34,-17.85,21.73,24.58,11.73,1.23,股價距離52週高點有修復空間、股價已脫離52週低點、成交量尚未明顯枯竭,RSI偏高，不符合低檔潛伏、股價已明顯高於季線，低估性下降,2026-10-08 16:44:20
2034,6021O,6021.TWO,美好證,金融保險業,42.75,25,低檔觀察型,56.09,34.33,10.1,-5.94,6.32,9.88,13.53,0.33,股價已脫離52週低點、波動相對可控、股價仍在中長期均線之上,仍需觀察技術面是否轉強,2026-10-08 16:44:20
2035,3673,3673.TW,TPK-KY,光電業,76.30000305175781,25,低檔觀察型,63.84,62.56,9.8,-18.83,23.2,17.53,8.83,0.85,股價距離52週高點有修復空間、股價已脫離52週低點、成交量尚未明顯枯竭,波動過高，風險較大、股價已明顯高於季線，低估性下降,2026-10-08 16:44:20
2036,1777O,1777.TWO,生泰,生技醫療業,75.5,25,防守修復型,64.33,11.04,0.75,-4.19,4.37,2.16,3.64,0.65,均線糾結，可能處於整理蓄勢、波動相對可控、股價仍在中長期均線之上,仍需觀察技術面是否轉強,2026-10-08 16:44:20
2037,1336O,1336.TWO,台翰,電子零組件業,18.100000381469727,25,低檔觀察型,63.55,35.16,6.51,-1.09,1.1,10.45,18.62,1.26,均線糾結，可能處於整理蓄勢、股價已脫離52週低點、成交量尚未明顯枯竭,仍需觀察技術面是否轉強,2026-10-08 16:44:20
2038,00987BO,00987B.TWO,野村10+澳洲公債,nan,15.170000076293945,25,防守修復型,24.9,7.48,3.49,-6.82,7.32,-4.31,-4.47,0.08,均線糾結，可能處於整理蓄勢、波動相對可控,RSI過低，短線賣壓仍重、仍低於中長期均線，需耐心等待,2026-10-08 16:44:20
2039,2883,2883.TW,凱基金,金融保險業,38.5,25,低檔觀察型,59.54,31.63,11.94,-4.82,5.06,13.95,30.74,0.78,股價已脫離52週低點、波動相對可控、股價仍在中長期均線之上,仍需觀察技術面是否轉強,2026-10-08 16:44:20
2040,6590O,6590.TWO,普鴻,資訊服務業,64.30000305175781,25,低檔觀察型,53.48,57.18,9.79,-10.2,11.35,7.97,8.61,0.2,RSI位於低檔整理區、股價已脫離52週低點、股價仍在中長期均線之上,仍需觀察技術面是否轉強,2026-10-08 16:44:20
2041,3147O,3147.TWO,大綜,資訊服務業,295.0,25,低檔觀察型,78.51,49.52,9.2,-15.71,18.64,27.23,28.11,1.67,股價距離52週高點有修復空間、股價已脫離52週低點、成交量尚未明顯枯竭,RSI偏高，不符合低檔潛伏、股價已明顯高於季線，低估性下降,2026-10-08 16:44:20
2042,6292O,6292.TWO,迅德,電子零組件業,68.80000305175781,25,低檔觀察型,59.21,31.11,10.19,-3.37,3.49,12.77,16.69,0.68,股價已脫離52週低點、波動相對可控、股價仍在中長期均線之上,仍需觀察技術面是否轉強,2026-10-08 16:44:20
2043,00963,00963.TW,中信全球高股息,nan,12.4399995803833,25,防守修復型,31.04,9.97,4.21,-7.65,8.28,-4.87,-3.36,0.6,均線糾結，可能處於整理蓄勢、股價已脫離52週低點、波動相對可控,仍低於中長期均線，需耐心等待,2026-10-08 16:44:20
2044,1788O,1788.TWO,杏昌,生技醫療業,127.0,25,防守修復型,32.36,4.46,1.12,-8.3,9.06,-1.68,-3.34,2.32,均線糾結，可能處於整理蓄勢、波動相對可控、成交量尚未明顯枯竭,仍低於中長期均線，需耐心等待,2026-10-08 16:44:20
2045,00981BO,00981B.TWO,第一金優選非投債,nan,8.9399995803833,25,防守修復型,27.45,4.79,2.35,-6.09,6.49,-2.66,-2.77,0.68,均線糾結，可能處於整理蓄勢、波動相對可控,RSI過低，短線賣壓仍重、仍低於中長期均線，需耐心等待,2026-10-08 16:44:20
2046,2801,2801.TW,彰銀,金融保險業,27.75,25,防守修復型,57.66,29.59,9.06,-6.25,6.67,9.34,19.06,0.4,股價已脫離52週低點、波動相對可控、股價仍在中長期均線之上,仍需觀察技術面是否轉強,2026-10-08 16:44:20
2047,6547O,6547.TWO,高端疫苗,生技醫療業,61.400001525878906,25,低檔觀察型,54.98,51.79,9.27,-9.84,10.91,11.14,19.91,0.46,RSI位於低檔整理區、股價已脫離52週低點、股價仍在中長期均線之上,仍需觀察技術面是否轉強,2026-10-08 16:44:20
2048,00695BO,00695B.TWO,富邦美債7-10年,nan,33.560001373291016,25,防守修復型,29.17,5.26,2.92,-7.47,8.08,-3.43,-4.01,0.77,均線糾結，可能處於整理蓄勢、波動相對可控,RSI過低，短線賣壓仍重、仍低於中長期均線，需耐心等待,2026-10-08 16:44:20
2049,2103,2103.TW,台橡,橡膠工業,29.0,25,低檔觀察型,60.24,43.71,6.48,0.0,0.0,10.96,23.54,1.67,均線糾結，可能處於整理蓄勢、股價已脫離52週低點、成交量尚未明顯枯竭,仍需觀察技術面是否轉強,2026-10-08 16:44:20
2050,00642U,00642U.TW,期元大S&P石油,nan,30.899999618530273,25,低檔觀察型,49.85,42.56,10.0,-9.75,10.81,6.87,9.3,0.33,RSI位於低檔整理區、股價已脫離52週低點、股價仍在中長期均線之上,仍需觀察技術面是否轉強,2026-10-08 16:44:20
2051,3026,3026.TW,禾伸堂,電子零組件業,839.0,25,低檔觀察型,59.34,63.91,14.02,-16.52,19.79,21.46,32.65,1.43,股價距離52週高點有修復空間、股價已脫離52週低點、成交量尚未明顯枯竭,波動過高，風險較大、股價已明顯高於季線，低估性下降,2026-10-08 16:44:20
2052,6872O,6872.TWO,浩宇生醫,生技醫療業,22.049999237060547,25,低檔觀察型,53.3,96.19,22.54,-17.57,21.32,21.41,23.26,0.31,股價距離52週高點有修復空間、RSI位於低檔整理區、股價已脫離52週低點,波動過高，風險較大、股價已明顯高於季線，低估性下降,2026-10-08 16:44:20
2053,4580O,4580.TWO,捷流閥業,電機機械,82.5,25,防守修復型,58.99,9.03,1.21,-5.17,5.45,2.08,1.54,0.49,均線糾結，可能處於整理蓄勢、波動相對可控、股價仍在中長期均線之上,仍需觀察技術面是否轉強,2026-10-08 16:44:20
2054,2368,2368.TW,金像電,電子零組件業,1245.0,25,低檔觀察型,64.61,70.1,10.33,-16.72,20.08,22.56,7.15,1.21,股價距離52週高點有修復空間、股價已脫離52週低點、成交量尚未明顯枯竭,波動過高，風險較大、股價已明顯高於季線，低估性下降,2026-10-08 16:44:20
2055,4198O,4198.TWO,欣大健康,生技醫療業,47.0,25,低檔觀察型,46.05,37.2,9.67,-5.91,6.28,5.71,12.76,0.14,RSI位於低檔整理區、股價已脫離52週低點、股價仍在中長期均線之上,仍需觀察技術面是否轉強,2026-10-08 16:44:20
2056,4711O,4711.TWO,永純,化學工業,17.5,25,低檔觀察型,60.48,43.5,1.15,-5.66,6.0,6.2,5.02,7.26,均線糾結，可能處於整理蓄勢、股價已脫離52週低點、成交量尚未明顯枯竭,仍需觀察技術面是否轉強,2026-10-08 16:44:20
2057,2884,2884.TW,玉山金,金融保險業,45.75,25,防守修復型,62.47,28.35,11.35,-3.28,3.39,13.07,24.42,0.32,股價已脫離52週低點、波動相對可控、股價仍在中長期均線之上,仍需觀察技術面是否轉強,2026-10-08 16:44:20
2058,00960,00960.TW,野村全球航運龍頭,nan,22.709999084472656,25,防守修復型,66.94,16.51,9.05,-0.48,0.48,11.46,20.25,0.35,股價已脫離52週低點、波動相對可控、股價仍在中長期均線之上,仍需觀察技術面是否轉強,2026-10-08 16:44:20
2059,00985B,00985B.TW,群益ESG投等債0-5,nan,10.050000190734863,25,防守修復型,34.15,3.36,1.49,-3.64,3.78,-1.8,-1.65,1.72,均線糾結，可能處於整理蓄勢、波動相對可控、成交量尚未明顯枯竭,仍低於中長期均線，需耐心等待,2026-10-08 16:44:20
2060,3362O,3362.TWO,先進光,光電業,196.0,25,低檔觀察型,60.85,52.19,0.15,-7.11,7.65,9.79,22.12,1.45,均線糾結，可能處於整理蓄勢、股價已脫離52週低點、成交量尚未明顯枯竭,仍需觀察技術面是否轉強,2026-10-08 16:44:20
2061,6620O,6620.TWO,漢達,生技醫療業,125.0,25,低檔觀察型,50.54,99.54,26.88,-16.11,19.2,23.33,37.75,0.73,股價距離52週高點有修復空間、RSI位於低檔整理區、股價已脫離52週低點,波動過高，風險較大、股價已明顯高於季線，低估性下降,2026-10-08 16:44:20
2062,00953B,00953B.TW,群益優選非投等債,nan,9.479999542236328,25,防守修復型,32.28,3.39,1.46,-3.56,3.69,-1.87,-1.65,1.26,均線糾結，可能處於整理蓄勢、波動相對可控、成交量尚未明顯枯竭,仍低於中長期均線，需耐心等待,2026-10-08 16:44:20
2063,00945B,00945B.TW,凱基美國非投等債,nan,14.1899995803833,25,防守修復型,31.21,4.63,1.72,-3.6,3.74,-2.05,-1.96,1.14,均線糾結，可能處於整理蓄勢、波動相對可控、成交量尚未明顯枯竭,仍低於中長期均線，需耐心等待,2026-10-08 16:44:20
2064,00987A,00987A.TW,主動台新優勢成長,nan,18.200000762939453,25,防守修復型,69.98,29.03,9.07,-0.76,0.77,15.38,11.46,1.25,股價已脫離52週低點、波動相對可控、成交量尚未明顯枯竭,股價已明顯高於季線，低估性下降,2026-10-08 16:44:20
2065,2383,2383.TW,台光電,電子零組件業,5950.0,25,低檔觀察型,66.03,58.96,0.93,-6.3,6.72,13.23,16.41,1.27,均線糾結，可能處於整理蓄勢、股價已脫離52週低點、成交量尚未明顯枯竭,仍需觀察技術面是否轉強,2026-10-08 16:44:20
2066,2338,2338.TW,光罩,半導體業,47.79999923706055,25,低檔觀察型,57.27,71.96,10.96,-17.44,21.13,12.89,2.81,0.12,股價距離52週高點有修復空間、股價已脫離52週低點、股價仍在中長期均線之上,波動過高，風險較大,2026-10-08 16:44:20
2067,3701,3701.TW,大眾控,電腦及週邊設備業,61.099998474121094,24,低檔觀察型,80.14,72.36,13.06,-22.26,28.64,45.81,26.37,3.76,股價距離52週高點有修復空間、潛在反彈空間較大、股價已脫離52週低點,RSI偏高，不符合低檔潛伏、波動過高，風險較大,2026-10-08 16:44:20
2068,4760O,4760.TWO,勤凱,其他電子業,334.0,24,低檔觀察型,71.32,66.48,11.13,-27.21,37.38,29.95,15.42,3.38,股價距離52週高點有修復空間、潛在反彈空間較大、股價已脫離52週低點,RSI偏高，不符合低檔潛伏、波動過高，風險較大,2026-10-08 16:44:20
2069,2492,2492.TW,華新科,電子零組件業,428.0,24,低檔觀察型,75.92,73.71,10.06,-30.63,44.16,43.82,32.22,1.53,股價距離52週高點有修復空間、潛在反彈空間較大、股價已脫離52週低點,RSI偏高，不符合低檔潛伏、波動過高，風險較大,2026-10-08 16:44:20
2070,6485O,6485.TWO,點序,半導體業,85.5999984741211,24,低檔觀察型,70.35,82.55,13.79,-31.24,45.44,32.37,9.96,2.03,股價距離52週高點有修復空間、潛在反彈空間較大、股價已脫離52週低點,RSI偏高，不符合低檔潛伏、波動過高，風險較大,2026-10-08 16:44:20
2071,2342,2342.TW,茂矽,半導體業,50.099998474121094,23,低檔觀察型,67.6,57.73,15.65,-15.37,18.16,22.69,18.4,0.63,股價距離52週高點有修復空間、股價已脫離52週低點、股價仍在中長期均線之上,股價已明顯高於季線，低估性下降,2026-10-08 16:44:20
2072,4956,4956.TW,光鋐,光電業,42.79999923706055,22,低檔觀察型,55.71,91.06,23.6,-21.76,27.8,23.67,9.66,0.27,股價距離52週高點有修復空間、潛在反彈空間較大、股價已脫離52週低點,波動過高，風險較大、股價已明顯高於季線，低估性下降,2026-10-08 16:44:20
2073,0057,0057.TW,富邦摩台,nan,345.70001220703125,22,防守修復型,73.5,14.62,5.71,0.0,0.0,9.36,12.95,0.45,均線糾結，可能處於整理蓄勢、股價已脫離52週低點、波動相對可控,RSI偏高，不符合低檔潛伏,2026-10-08 16:44:20
2074,006203,006203.TW,元大MSCI台灣,nan,210.85000610351562,22,防守修復型,72.89,15.19,5.71,0.0,0.0,9.54,12.74,0.67,均線糾結，可能處於整理蓄勢、股價已脫離52週低點、波動相對可控,RSI偏高，不符合低檔潛伏,2026-10-08 16:44:20
2075,3664O,3664.TWO,安瑞-KY,通信網路業,8.1899995803833,22,低檔觀察型,53.61,73.63,19.0,-58.32,139.93,17.48,13.06,0.69,潛在反彈空間較大、RSI位於低檔整理區、股價已脫離52週低點,跌幅過深，需留意基本面是否惡化、波動過高，風險較大,2026-10-08 16:44:20
2076,6706,6706.TW,惠特,光電業,154.0,22,低檔觀察型,59.66,78.6,15.94,-28.87,40.58,22.8,6.42,0.57,股價距離52週高點有修復空間、潛在反彈空間較大、股價已脫離52週低點,波動過高，風險較大、股價已明顯高於季線，低估性下降,2026-10-08 16:44:20
2077,7799,7799.TW,禾榮科,生技醫療業,516.0,22,低檔觀察型,60.53,79.36,22.22,-30.74,44.38,25.79,32.77,0.6,股價距離52週高點有修復空間、潛在反彈空間較大、股價已脫離52週低點,波動過高，風險較大、股價已明顯高於季線，低估性下降,2026-10-08 16:44:20
2078,6925O,6925.TWO,意藍,數位雲端,71.19999694824219,22,低檔觀察型,66.78,85.25,18.62,-41.64,71.35,28.21,19.07,0.56,股價距離52週高點有修復空間、潛在反彈空間較大、股價已脫離52週低點,波動過高，風險較大、股價已明顯高於季線，低估性下降,2026-10-08 16:44:20
2079,00654R,00654R.TW,富邦印度反1,nan,7.179999828338623,22,防守修復型,73.17,10.3,3.84,-2.84,2.92,5.44,5.45,0.62,均線糾結，可能處於整理蓄勢、股價已脫離52週低點、波動相對可控,RSI偏高，不符合低檔潛伏,2026-10-08 16:44:20
2080,1528,1528.TW,恩德,電機機械,24.049999237060547,22,低檔觀察型,55.12,80.07,18.04,-24.13,31.81,16.01,3.18,0.16,股價距離52週高點有修復空間、潛在反彈空間較大、股價已脫離52週低點,波動過高，風險較大、股價已明顯高於季線，低估性下降,2026-10-08 16:44:20
2081,00901,00901.TW,永豐智能車供應鏈,nan,50.25,22,防守修復型,70.55,20.41,6.57,0.0,0.0,10.82,13.42,0.59,均線糾結，可能處於整理蓄勢、股價已脫離52週低點、波動相對可控,RSI偏高，不符合低檔潛伏,2026-10-08 16:44:20
2082,6221O,6221.TWO,晉泰,資訊服務業,30.049999237060547,22,低檔觀察型,61.65,74.27,23.56,-25.56,34.34,25.45,25.21,0.51,股價距離52週高點有修復空間、潛在反彈空間較大、股價已脫離52週低點,波動過高，風險較大、股價已明顯高於季線，低估性下降,2026-10-08 16:44:20
2083,00733,00733.TW,富邦臺灣中小,nan,76.9000015258789,22,防守修復型,76.0,22.02,7.02,-4.29,4.49,15.49,12.05,1.66,均線糾結，可能處於整理蓄勢、股價已脫離52週低點、波動相對可控,RSI偏高，不符合低檔潛伏、股價已明顯高於季線，低估性下降,2026-10-08 16:44:20
2084,00850,00850.TW,元大臺灣ESG永續,nan,99.4000015258789,22,防守修復型,73.45,15.73,6.25,0.0,0.0,9.8,13.3,0.8,均線糾結，可能處於整理蓄勢、股價已脫離52週低點、波動相對可控,RSI偏高，不符合低檔潛伏,2026-10-08 16:44:20
2085,00683L,00683L.TW,期元大美元指正2,nan,22.579999923706055,22,防守修復型,72.02,7.92,2.35,-0.66,0.66,4.03,4.88,0.21,均線糾結，可能處於整理蓄勢、股價已脫離52週低點、波動相對可控,RSI偏高，不符合低檔潛伏,2026-10-08 16:44:20
2086,00682U,00682U.TW,期元大美元指數,nan,21.040000915527344,22,防守修復型,74.06,6.63,1.28,-0.24,0.24,2.31,2.76,4.14,均線糾結，可能處於整理蓄勢、波動相對可控、成交量尚未明顯枯竭,RSI偏高，不符合低檔潛伏,2026-10-08 16:44:20
2087,00681R,00681R.TW,元大美債20反1,nan,23.229999542236328,22,防守修復型,73.27,15.11,3.06,0.0,0.0,6.22,8.2,0.61,均線糾結，可能處於整理蓄勢、股價已脫離52週低點、波動相對可控,RSI偏高，不符合低檔潛伏,2026-10-08 16:44:20
2088,3609O,3609.TWO,三一東林,電子零組件業,24.600000381469727,22,低檔觀察型,64.64,62.37,5.65,-52.69,111.38,6.73,-0.71,0.47,潛在反彈空間較大、均線糾結，可能處於整理蓄勢、股價已脫離52週低點,跌幅過深，需留意基本面是否惡化、波動過高，風險較大,2026-10-08 16:44:20
2089,009807O,009807.TWO,台新標普科技精選,nan,18.3799991607666,22,防守修復型,77.32,12.48,5.6,0.0,0.0,8.36,11.81,0.07,均線糾結，可能處於整理蓄勢、股價已脫離52週低點、波動相對可控,RSI偏高，不符合低檔潛伏,2026-10-08 16:44:20
2090,009818,009818.TW,華南永昌NASDAQxT,nan,21.6299991607666,22,防守修復型,73.82,14.04,5.0,0.0,0.0,7.49,10.78,0.68,均線糾結，可能處於整理蓄勢、股價已脫離52週低點、波動相對可控,RSI偏高，不符合低檔潛伏,2026-10-08 16:44:20
2091,00980A,00980A.TW,主動野村臺灣優選,nan,26.950000762939453,22,防守修復型,72.57,23.19,6.67,-0.04,0.04,12.47,13.69,0.72,均線糾結，可能處於整理蓄勢、股價已脫離52週低點、波動相對可控,RSI偏高，不符合低檔潛伏,2026-10-08 16:44:20
2092,6425O,6425.TWO,易發,電機機械,73.19999694824219,22,低檔觀察型,55.88,68.02,17.39,-28.59,40.03,16.62,0.84,0.45,股價距離52週高點有修復空間、潛在反彈空間較大、股價已脫離52週低點,波動過高，風險較大、股價已明顯高於季線，低估性下降,2026-10-08 16:44:20
2093,009800,009800.TW,中信NASDAQ,nan,13.739999771118164,22,防守修復型,70.08,12.86,3.08,0.0,0.0,5.12,6.49,0.72,均線糾結，可能處於整理蓄勢、股價已脫離52週低點、波動相對可控,RSI偏高，不符合低檔潛伏,2026-10-08 16:44:20
2094,00891,00891.TW,中信關鍵半導體,nan,38.77000045776367,22,防守修復型,70.61,19.75,6.88,-0.87,0.88,10.37,11.38,0.69,均線糾結，可能處於整理蓄勢、股價已脫離52週低點、波動相對可控,RSI偏高，不符合低檔潛伏,2026-10-08 16:44:20
2095,6197,6197.TW,佳必琪,電子零組件業,371.0,22,低檔觀察型,77.06,34.25,6.82,-0.67,0.67,19.82,25.0,2.15,均線糾結，可能處於整理蓄勢、股價已脫離52週低點、波動相對可控,RSI偏高，不符合低檔潛伏、股價已明顯高於季線，低估性下降,2026-10-08 16:44:20
2096,8064O,8064.TWO,東捷,光電業,136.0,22,低檔觀察型,57.78,81.16,18.17,-21.16,26.84,19.41,11.88,0.3,股價距離52週高點有修復空間、潛在反彈空間較大、股價已脫離52週低點,波動過高，風險較大、股價已明顯高於季線，低估性下降,2026-10-08 16:44:20
2097,5347O,5347.TWO,世界,半導體業,190.0,20,低檔觀察型,69.92,41.04,10.63,-13.64,15.79,17.97,15.14,0.99,股價已脫離52週低點、成交量尚未明顯枯竭、股價仍在中長期均線之上,股價已明顯高於季線，低估性下降,2026-10-08 16:44:20
2098,5220O,5220.TWO,萬達光電,光電業,22.100000381469727,20,低檔觀察型,59.82,55.82,6.39,-10.71,11.99,8.05,5.55,0.33,均線糾結，可能處於整理蓄勢、股價已脫離52週低點、股價仍在中長期均線之上,仍需觀察技術面是否轉強,2026-10-08 16:44:20
2099,5355O,5355.TWO,佳總,電子零組件業,7.760000228881836,20,低檔觀察型,75.42,50.36,13.88,-20.0,25.0,25.83,21.89,0.67,股價距離52週高點有修復空間、股價已脫離52週低點、股價仍在中長期均線之上,RSI偏高，不符合低檔潛伏、股價已明顯高於季線，低估性下降,2026-10-08 16:44:20
2100,2527,2527.TW,宏璟,建材營造業,50.70000076293945,20,低檔觀察型,64.94,35.36,7.66,-2.12,2.17,11.4,23.04,0.78,均線糾結，可能處於整理蓄勢、股價已脫離52週低點、股價仍在中長期均線之上,仍需觀察技術面是否轉強,2026-10-08 16:44:20
2101,6661O,6661.TWO,威健生技,生技醫療業,17.200000762939453,20,低檔觀察型,59.91,40.23,3.77,-14.0,16.28,1.21,-0.29,0.44,均線糾結，可能處於整理蓄勢、股價已脫離52週低點、跌深但波動未失控,仍低於中長期均線，需耐心等待,2026-10-08 16:44:20
2102,6690O,6690.TWO,安碁資訊,數位雲端,178.0,20,低檔觀察型,56.77,49.45,5.62,-5.32,5.62,6.17,5.23,0.54,均線糾結，可能處於整理蓄勢、股價已脫離52週低點、股價仍在中長期均線之上,仍需觀察技術面是否轉強,2026-10-08 16:44:20
2103,3176O,3176.TWO,基亞,生技醫療業,38.349998474121094,20,低檔觀察型,57.06,41.43,6.35,-3.88,4.04,7.95,10.71,0.45,均線糾結，可能處於整理蓄勢、股價已脫離52週低點、股價仍在中長期均線之上,仍需觀察技術面是否轉強,2026-10-08 16:44:20
2104,1802,1802.TW,台玻,玻璃陶瓷,65.69999694824219,20,低檔觀察型,68.11,47.69,3.96,-14.23,16.59,15.39,4.8,5.09,均線糾結，可能處於整理蓄勢、股價已脫離52週低點、成交量尚未明顯枯竭,股價已明顯高於季線，低估性下降,2026-10-08 16:44:20
2105,6120,6120.TW,達運,光電業,14.0,20,低檔觀察型,58.93,51.87,6.7,-13.04,15.0,8.35,4.15,0.65,均線糾結，可能處於整理蓄勢、股價已脫離52週低點、股價仍在中長期均線之上,仍需觀察技術面是否轉強,2026-10-08 16:44:20
2106,3287O,3287.TWO,廣寰科,電腦及週邊設備業,39.5,20,低檔觀察型,53.03,56.15,15.43,-7.28,7.85,12.57,17.5,0.25,RSI位於低檔整理區、股價已脫離52週低點、股價仍在中長期均線之上,仍需觀察技術面是否轉強,2026-10-08 16:44:20
2107,3035,3035.TW,智原,半導體業,209.0,20,低檔觀察型,64.65,42.71,12.33,-10.3,11.48,13.57,9.55,0.65,股價已脫離52週低點、股價仍在中長期均線之上、跌深但波動未失控,仍需觀察技術面是否轉強,2026-10-08 16:44:20
2108,7730,7730.TW,暉盛-創,半導體業,195.5,20,低檔觀察型,66.33,44.98,8.27,-10.75,12.04,17.57,13.99,2.48,股價已脫離52週低點、成交量尚未明顯枯竭、股價仍在中長期均線之上,股價已明顯高於季線，低估性下降,2026-10-08 16:44:20
2109,2901,2901.TW,欣欣,貿易百貨業,24.899999618530273,20,低檔觀察型,60.49,36.93,2.16,-2.35,2.41,4.33,5.19,0.61,均線糾結，可能處於整理蓄勢、股價已脫離52週低點、股價仍在中長期均線之上,仍需觀察技術面是否轉強,2026-10-08 16:44:20
2110,2454,2454.TW,聯發科,半導體業,4835.0,20,低檔觀察型,53.9,52.09,17.5,-8.51,9.31,15.48,22.11,0.83,RSI位於低檔整理區、股價已脫離52週低點、成交量尚未明顯枯竭,股價已明顯高於季線，低估性下降,2026-10-08 16:44:20
2111,2449,2449.TW,京元電子,半導體業,299.5,20,低檔觀察型,59.58,52.41,12.19,-11.17,12.57,13.49,7.76,0.95,股價已脫離52週低點、成交量尚未明顯枯竭、股價仍在中長期均線之上,仍需觀察技術面是否轉強,2026-10-08 16:44:20
2112,6222O,6222.TWO,立軒,光電業,20.0,20,低檔觀察型,56.23,35.55,3.63,-13.42,15.5,-0.15,-2.65,0.07,均線糾結，可能處於整理蓄勢、股價已脫離52週低點、跌深但波動未失控,仍低於中長期均線，需耐心等待,2026-10-08 16:44:20
2113,2399,2399.TW,映泰,電腦及週邊設備業,49.95000076293945,20,低檔觀察型,58.03,40.61,10.08,-9.18,10.11,13.51,10.19,1.17,股價已脫離52週低點、成交量尚未明顯枯竭、股價仍在中長期均線之上,仍需觀察技術面是否轉強,2026-10-08 16:44:20
2114,6859O,6859.TWO,伯特光,光電業,120.5,20,低檔觀察型,56.05,37.05,9.35,-13.31,15.35,9.91,3.22,0.56,股價已脫離52週低點、股價仍在中長期均線之上、跌深但波動未失控,仍需觀察技術面是否轉強,2026-10-08 16:44:20
2115,7744O,7744.TWO,崴寶,電子零組件業,533.0,20,低檔觀察型,55.92,44.41,9.25,-12.34,14.07,10.72,8.77,0.4,股價已脫離52週低點、股價仍在中長期均線之上、跌深但波動未失控,仍需觀察技術面是否轉強,2026-10-08 16:44:20
2116,5209O,5209.TWO,新鼎,其他業,173.0,20,低檔觀察型,60.24,41.23,5.33,-6.74,7.23,7.2,5.16,0.48,均線糾結，可能處於整理蓄勢、股價已脫離52週低點、股價仍在中長期均線之上,仍需觀察技術面是否轉強,2026-10-08 16:44:20
2117,1326,1326.TW,台化,塑膠工業,75.80000305175781,20,低檔觀察型,66.72,41.87,5.94,0.0,0.0,16.46,29.41,2.31,均線糾結，可能處於整理蓄勢、股價已脫離52週低點、成交量尚未明顯枯竭,股價已明顯高於季線，低估性下降,2026-10-08 16:44:20
2118,8416O,8416.TWO,實威,資訊服務業,171.0,20,防守修復型,58.35,9.75,0.32,-9.52,10.53,1.2,-0.37,0.55,均線糾結，可能處於整理蓄勢、波動相對可控,仍低於中長期均線，需耐心等待,2026-10-08 16:44:20
2119,3042,3042.TW,晶技,電子零組件業,210.5,20,低檔觀察型,58.11,62.61,13.2,-15.46,18.29,16.23,14.36,0.64,股價距離52週高點有修復空間、股價已脫離52週低點、股價仍在中長期均線之上,波動過高，風險較大、股價已明顯高於季線，低估性下降,2026-10-08 16:44:20
2120,1314,1314.TW,中石化,塑膠工業,8.90999984741211,20,低檔觀察型,57.99,47.12,6.94,-14.33,16.72,8.22,11.38,0.61,均線糾結，可能處於整理蓄勢、股價已脫離52週低點、股價仍在中長期均線之上,仍需觀察技術面是否轉強,2026-10-08 16:44:20
2121,8039,8039.TW,台虹,電子零組件業,304.5,17,低檔觀察型,58.16,71.87,8.56,-13.62,15.76,18.1,51.57,0.85,股價已脫離52週低點、成交量尚未明顯枯竭、股價仍在中長期均線之上,波動過高，風險較大、股價已明顯高於季線，低估性下降,2026-10-08 16:44:20
2122,00675L,00675L.TW,富邦臺灣加權正2,nan,367.0,17,低檔觀察型,71.72,33.27,9.7,0.0,0.0,18.21,20.83,0.92,股價已脫離52週低點、波動相對可控、成交量尚未明顯枯竭,RSI偏高，不符合低檔潛伏、股價已明顯高於季線，低估性下降,2026-10-08 16:44:20
2123,6743,6743.TW,安普新,其他電子業,35.75,17,防守修復型,88.32,26.77,11.11,0.0,0.0,23.29,22.99,1.22,股價已脫離52週低點、波動相對可控、成交量尚未明顯枯竭,RSI偏高，不符合低檔潛伏、股價已明顯高於季線，低估性下降,2026-10-08 16:44:20
2124,6861,6861.TW,睿生光電,生技醫療業,270.5,17,低檔觀察型,57.49,96.18,24.05,-41.45,70.79,23.41,-4.22,0.4,股價距離52週高點有修復空間、潛在反彈空間較大、股價已脫離52週低點,波動過高，風險較大、仍低於中長期均線，需耐心等待,2026-10-08 16:44:20
2125,6263O,6263.TWO,普萊德,通信網路業,178.0,17,低檔觀察型,70.51,39.18,2.71,-5.57,5.9,11.89,10.68,3.85,均線糾結，可能處於整理蓄勢、股價已脫離52週低點、成交量尚未明顯枯竭,RSI偏高，不符合低檔潛伏,2026-10-08 16:44:20
2126,00685L,00685L.TW,群益臺灣加權正2,nan,13.869999885559082,17,低檔觀察型,72.58,32.58,9.74,0.0,0.0,18.42,21.2,0.81,股價已脫離52週低點、波動相對可控、成交量尚未明顯枯竭,RSI偏高，不符合低檔潛伏、股價已明顯高於季線，低估性下降,2026-10-08 16:44:20
2127,7772O,7772.TWO,耀穎,半導體業,135.0,17,低檔觀察型,45.0,103.7,39.16,-57.61,135.93,17.92,-4.71,0.63,潛在反彈空間較大、RSI位於低檔整理區、股價已脫離52週低點,跌幅過深，需留意基本面是否惡化、波動過高，風險較大,2026-10-08 16:44:20
2128,7743O,7743.TWO,金利食安,食品工業,27.0,17,防守修復型,80.85,28.62,12.72,0.0,0.0,22.66,29.48,2.05,股價已脫離52週低點、波動相對可控、成交量尚未明顯枯竭,RSI偏高，不符合低檔潛伏、股價已明顯高於季線，低估性下降,2026-10-08 16:44:20
2129,2360,2360.TW,致茂,其他電子業,2400.0,17,低檔觀察型,60.39,64.15,6.95,-8.57,9.38,13.97,10.67,1.92,均線糾結，可能處於整理蓄勢、股價已脫離52週低點、成交量尚未明顯枯竭,波動過高，風險較大,2026-10-08 16:44:20
2130,2061O,2061.TWO,風青,電器電纜,68.4000015258789,17,低檔觀察型,70.91,75.81,9.57,-17.59,21.35,25.0,46.08,1.42,股價距離52週高點有修復空間、股價已脫離52週低點、成交量尚未明顯枯竭,RSI偏高，不符合低檔潛伏、波動過高，風險較大,2026-10-08 16:44:20
2131,1455,1455.TW,集盛,紡織纖維,10.800000190734863,17,低檔觀察型,70.86,38.76,2.8,-1.82,1.85,12.33,15.73,12.36,均線糾結，可能處於整理蓄勢、股價已脫離52週低點、成交量尚未明顯枯竭,RSI偏高，不符合低檔潛伏,2026-10-08 16:44:20
2132,2302,2302.TW,麗正,半導體業,48.29999923706055,17,低檔觀察型,60.28,61.05,6.86,-12.82,14.7,12.26,26.5,1.15,均線糾結，可能處於整理蓄勢、股價已脫離52週低點、成交量尚未明顯枯竭,波動過高，風險較大,2026-10-08 16:44:20
2133,00951,00951.TW,台新日本半導體,nan,19.84000015258789,17,低檔觀察型,73.89,36.44,3.35,-8.11,8.82,12.38,12.18,0.8,均線糾結，可能處於整理蓄勢、股價已脫離52週低點、成交量尚未明顯枯竭,RSI偏高，不符合低檔潛伏,2026-10-08 16:44:20
2134,3066O,3066.TWO,李洲,光電業,27.0,17,低檔觀察型,51.75,62.49,13.98,-10.6,11.85,10.68,17.69,0.27,RSI位於低檔整理區、股價已脫離52週低點、股價仍在中長期均線之上,波動過高，風險較大,2026-10-08 16:44:20
2135,3178O,3178.TWO,公準,半導體業,67.0999984741211,17,低檔觀察型,52.42,63.97,10.49,-11.59,13.11,7.17,2.69,0.3,RSI位於低檔整理區、股價已脫離52週低點、股價仍在中長期均線之上,波動過高，風險較大,2026-10-08 16:44:20
2136,00992A,00992A.TW,主動群益科技創新,nan,20.229999542236328,17,防守修復型,73.64,26.41,8.2,0.0,0.0,16.08,14.43,1.25,股價已脫離52週低點、波動相對可控、成交量尚未明顯枯竭,RSI偏高，不符合低檔潛伏、股價已明顯高於季線，低估性下降,2026-10-08 16:44:20
2137,6654O,6654.TWO,天正國際,其他電子業,217.0,15,低檔觀察型,59.4,57.03,10.26,-4.62,4.84,16.3,31.83,2.33,股價已脫離52週低點、成交量尚未明顯枯竭、股價仍在中長期均線之上,股價已明顯高於季線，低估性下降,2026-10-08 16:44:20
2138,6122O,6122.TWO,擎邦,電機機械,59.900001525878906,15,低檔觀察型,63.26,46.75,13.7,-6.26,6.68,17.58,20.38,1.09,股價已脫離52週低點、成交量尚未明顯枯竭、股價仍在中長期均線之上,股價已明顯高於季線，低估性下降,2026-10-08 16:44:20
2139,3467O,3467.TWO,台灣精材,半導體業,71.19999694824219,15,低檔觀察型,57.71,80.56,28.69,-17.69,21.49,28.07,18.46,0.72,股價距離52週高點有修復空間、股價已脫離52週低點、股價仍在中長期均線之上,波動過高，風險較大、股價已明顯高於季線，低估性下降,2026-10-08 16:44:20
2140,6141,6141.TW,柏承,電子零組件業,53.400001525878906,15,低檔觀察型,59.46,59.73,13.38,-9.34,10.3,19.55,33.27,1.17,股價已脫離52週低點、成交量尚未明顯枯竭、股價仍在中長期均線之上,股價已明顯高於季線，低估性下降,2026-10-08 16:44:20
2141,2034,2034.TW,允強,鋼鐵工業,24.149999618530273,15,低檔觀察型,69.35,36.01,11.62,-2.62,2.69,17.18,17.61,0.81,股價已脫離52週低點、成交量尚未明顯枯竭、股價仍在中長期均線之上,股價已明顯高於季線，低估性下降,2026-10-08 16:44:20
2142,6148O,6148.TWO,驊宏資,資訊服務業,37.099998474121094,15,低檔觀察型,58.79,77.52,19.09,-15.68,18.6,20.32,18.26,0.33,股價距離52週高點有修復空間、股價已脫離52週低點、股價仍在中長期均線之上,波動過高，風險較大、股價已明顯高於季線，低估性下降,2026-10-08 16:44:20
2143,6209,6209.TW,今國光,光電業,90.9000015258789,15,低檔觀察型,69.94,42.97,8.84,-6.48,6.93,21.11,19.36,1.91,股價已脫離52週低點、成交量尚未明顯枯竭、股價仍在中長期均線之上,股價已明顯高於季線，低估性下降,2026-10-08 16:44:20
2144,6108,6108.TW,競國,電子零組件業,25.950000762939453,15,低檔觀察型,67.0,39.8,13.33,-0.19,0.19,20.94,27.63,1.69,股價已脫離52週低點、成交量尚未明顯枯竭、股價仍在中長期均線之上,股價已明顯高於季線，低估性下降,2026-10-08 16:44:20
2145,6416,6416.TW,瑞祺電通,通信網路業,118.0,15,低檔觀察型,57.73,44.12,11.27,-3.28,3.39,13.13,24.2,0.66,股價已脫離52週低點、股價仍在中長期均線之上,仍需觀察技術面是否轉強,2026-10-08 16:44:20
2146,2032,2032.TW,新鋼,鋼鐵工業,18.700000762939453,15,低檔觀察型,55.97,45.67,10.61,-7.88,8.56,9.74,10.11,0.72,股價已脫離52週低點、股價仍在中長期均線之上,仍需觀察技術面是否轉強,2026-10-08 16:44:20
2147,6274O,6274.TWO,台燿,電子零組件業,1720.0,15,低檔觀察型,66.59,57.95,9.42,-9.47,10.47,21.22,19.9,1.29,股價已脫離52週低點、成交量尚未明顯枯竭、股價仍在中長期均線之上,股價已明顯高於季線，低估性下降,2026-10-08 16:44:20
2148,3631O,3631.TWO,晟楠,電子零組件業,43.04999923706055,15,低檔觀察型,66.22,36.92,8.66,-2.6,2.67,16.0,17.93,3.6,股價已脫離52週低點、成交量尚未明顯枯竭、股價仍在中長期均線之上,股價已明顯高於季線，低估性下降,2026-10-08 16:44:20
2149,6742,6742.TW,澤米,光電業,59.900001525878906,15,低檔觀察型,70.7,55.17,15.91,-15.51,18.36,27.44,18.33,0.64,股價距離52週高點有修復空間、股價已脫離52週低點、股價仍在中長期均線之上,RSI偏高，不符合低檔潛伏、股價已明顯高於季線，低估性下降,2026-10-08 16:44:20
2150,3017,3017.TW,奇鋐,電腦及週邊設備業,3545.0,15,低檔觀察型,57.18,53.67,14.5,-3.8,3.95,18.66,28.07,1.03,股價已脫離52週低點、成交量尚未明顯枯竭、股價仍在中長期均線之上,股價已明顯高於季線，低估性下降,2026-10-08 16:44:20
2151,8103,8103.TW,瀚荃,電子零組件業,118.0,15,低檔觀察型,51.75,59.0,18.13,-10.61,11.86,18.29,15.64,0.5,RSI位於低檔整理區、股價已脫離52週低點、股價仍在中長期均線之上,股價已明顯高於季線，低估性下降,2026-10-08 16:44:20
2152,1617,1617.TW,榮星,電器電纜,23.950000762939453,15,低檔觀察型,69.35,58.28,14.21,-10.3,11.48,24.99,32.46,1.11,股價已脫離52週低點、成交量尚未明顯枯竭、股價仍在中長期均線之上,股價已明顯高於季線，低估性下降,2026-10-08 16:44:20
2153,6840O,6840.TWO,東研信超,其他電子業,95.0,15,低檔觀察型,50.42,51.85,18.81,-12.04,13.68,16.19,28.46,0.43,RSI位於低檔整理區、股價已脫離52週低點、股價仍在中長期均線之上,股價已明顯高於季線，低估性下降,2026-10-08 16:44:20
2154,8431O,8431.TWO,匯鑽科,其他電子業,64.0,15,低檔觀察型,55.93,68.41,15.57,-18.78,23.13,18.2,14.95,0.61,股價距離52週高點有修復空間、股價已脫離52週低點、股價仍在中長期均線之上,波動過高，風險較大、股價已明顯高於季線，低估性下降,2026-10-08 16:44:20
2155,4413O,4413.TWO,飛寶企業,紡織纖維,20.350000381469727,15,低檔觀察型,58.89,38.24,12.3,-3.78,3.93,14.09,16.66,0.77,股價已脫離52週低點、股價仍在中長期均線之上,仍需觀察技術面是否轉強,2026-10-08 16:44:20
2156,4924O,4924.TWO,欣厚-KY,綠能環保,15.699999809265137,15,低檔觀察型,57.34,106.65,27.26,-16.27,19.43,33.9,33.18,0.3,股價距離52週高點有修復空間、股價已脫離52週低點、股價仍在中長期均線之上,波動過高，風險較大、股價已明顯高於季線，低估性下降,2026-10-08 16:44:20
2157,5285,5285.TW,界霖,半導體業,97.80000305175781,15,低檔觀察型,63.28,50.65,11.33,-11.09,12.47,17.32,18.69,5.27,股價已脫離52週低點、成交量尚未明顯枯竭、股價仍在中長期均線之上,股價已明顯高於季線，低估性下降,2026-10-08 16:44:20
2158,3296,3296.TW,勝德,電子零組件業,28.5,15,低檔觀察型,64.73,57.28,10.99,-7.17,7.72,13.34,17.46,0.44,股價已脫離52週低點、股價仍在中長期均線之上,仍需觀察技術面是否轉強,2026-10-08 16:44:20
2159,7556O,7556.TWO,意德士,半導體業,283.0,15,低檔觀察型,62.31,52.2,10.91,-6.91,7.43,16.83,11.01,2.2,股價已脫離52週低點、成交量尚未明顯枯竭、股價仍在中長期均線之上,股價已明顯高於季線，低估性下降,2026-10-08 16:44:20
2160,1714,1714.TW,和桐,化學工業,19.649999618530273,12,低檔觀察型,72.11,56.54,4.59,-13.63,15.78,21.99,34.35,4.69,均線糾結，可能處於整理蓄勢、股價已脫離52週低點、成交量尚未明顯枯竭,RSI偏高，不符合低檔潛伏、股價已明顯高於季線，低估性下降,2026-10-08 16:44:20
2161,5460O,5460.TWO,同協,電子零組件業,19.25,12,低檔觀察型,77.04,46.64,4.56,-0.26,0.26,16.65,20.13,9.39,均線糾結，可能處於整理蓄勢、股價已脫離52週低點、成交量尚未明顯枯竭,RSI偏高，不符合低檔潛伏、股價已明顯高於季線，低估性下降,2026-10-08 16:44:20
2162,00631L,00631L.TW,元大台灣50正2,nan,41.88999938964844,12,低檔觀察型,72.4,31.59,9.1,0.0,0.0,17.47,20.4,0.8,股價已脫離52週低點、波動相對可控、股價仍在中長期均線之上,RSI偏高，不符合低檔潛伏、股價已明顯高於季線，低估性下降,2026-10-08 16:44:20
2163,6944,6944.TW,兆聯實業,綠能環保,908.0,12,低檔觀察型,83.94,42.15,5.29,0.0,0.0,22.2,23.0,4.12,均線糾結，可能處於整理蓄勢、股價已脫離52週低點、成交量尚未明顯枯竭,RSI偏高，不符合低檔潛伏、股價已明顯高於季線，低估性下降,2026-10-08 16:44:20
2164,4174O,4174.TWO,浩鼎,生技醫療業,52.099998474121094,12,低檔觀察型,89.4,79.66,22.18,-18.08,22.07,80.79,74.87,1.36,股價距離52週高點有修復空間、股價已脫離52週低點、成交量尚未明顯枯竭,RSI偏高，不符合低檔潛伏、波動過高，風險較大,2026-10-08 16:44:20
2165,4905O,4905.TWO,台聯電,生技醫療業,92.80000305175781,12,低檔觀察型,64.3,64.57,6.51,-5.5,5.82,18.41,19.58,1.39,均線糾結，可能處於整理蓄勢、股價已脫離52週低點、成交量尚未明顯枯竭,波動過高，風險較大、股價已明顯高於季線，低估性下降,2026-10-08 16:44:20
2166,6174O,6174.TWO,安碁,電子零組件業,58.20000076293945,12,低檔觀察型,68.02,83.11,7.94,-7.62,8.25,27.65,28.38,5.26,均線糾結，可能處於整理蓄勢、股價已脫離52週低點、成交量尚未明顯枯竭,波動過高，風險較大、股價已明顯高於季線，低估性下降,2026-10-08 16:44:20
2167,6199O,6199.TWO,天品,其他業,139.5,12,防守修復型,93.03,27.94,17.95,0.0,0.0,34.9,38.39,1.33,股價已脫離52週低點、波動相對可控、成交量尚未明顯枯竭,RSI偏高，不符合低檔潛伏、股價已明顯高於季線，低估性下降,2026-10-08 16:44:20
2168,4958,4958.TW,臻鼎-KY,電子零組件業,595.0,12,低檔觀察型,71.46,50.61,6.0,-7.89,8.57,21.37,20.8,1.11,均線糾結，可能處於整理蓄勢、股價已脫離52週低點、成交量尚未明顯枯竭,RSI偏高，不符合低檔潛伏、股價已明顯高於季線，低估性下降,2026-10-08 16:44:20
2169,1301,1301.TW,台塑,塑膠工業,75.4000015258789,12,低檔觀察型,74.43,48.23,6.76,0.0,0.0,21.38,34.02,4.07,均線糾結，可能處於整理蓄勢、股價已脫離52週低點、成交量尚未明顯枯竭,RSI偏高，不符合低檔潛伏、股價已明顯高於季線，低估性下降,2026-10-08 16:44:20
2170,6811O,6811.TWO,宏碁資訊,數位雲端,273.0,12,低檔觀察型,69.49,60.09,5.12,0.0,0.0,16.85,21.63,2.58,均線糾結，可能處於整理蓄勢、股價已脫離52週低點、成交量尚未明顯枯竭,波動過高，風險較大、股價已明顯高於季線，低估性下降,2026-10-08 16:44:20
2171,3508O,3508.TWO,位速,其他電子業,25.049999237060547,12,低檔觀察型,59.04,61.77,21.08,-52.1,108.78,22.95,22.78,0.39,潛在反彈空間較大、股價已脫離52週低點、股價仍在中長期均線之上,跌幅過深，需留意基本面是否惡化、波動過高，風險較大,2026-10-08 16:44:20
2172,8213,8213.TW,志超,電子零組件業,37.70000076293945,12,低檔觀察型,76.29,42.34,4.27,-9.81,10.88,16.08,8.25,10.12,均線糾結，可能處於整理蓄勢、股價已脫離52週低點、成交量尚未明顯枯竭,RSI偏高，不符合低檔潛伏、股價已明顯高於季線，低估性下降,2026-10-08 16:44:20
2173,3264O,3264.TWO,欣銓,半導體業,250.0,12,低檔觀察型,55.52,69.95,10.43,-11.97,13.6,12.28,12.31,0.91,股價已脫離52週低點、成交量尚未明顯枯竭、股價仍在中長期均線之上,波動過高，風險較大,2026-10-08 16:44:20
2174,00954,00954.TW,中信日本半導體,nan,21.209999084472656,12,低檔觀察型,74.63,36.42,3.31,-8.06,8.77,12.65,12.43,0.58,均線糾結，可能處於整理蓄勢、股價已脫離52週低點、股價仍在中長期均線之上,RSI偏高，不符合低檔潛伏,2026-10-08 16:44:20
2175,2468,2468.TW,華經,資訊服務業,41.849998474121094,12,低檔觀察型,52.75,81.05,18.14,-11.24,12.66,13.19,14.47,0.41,RSI位於低檔整理區、股價已脫離52週低點、股價仍在中長期均線之上,波動過高，風險較大,2026-10-08 16:44:20
2176,2484,2484.TW,希華,電子零組件業,87.0999984741211,12,低檔觀察型,66.2,60.67,7.19,-9.65,10.68,18.89,32.99,1.55,均線糾結，可能處於整理蓄勢、股價已脫離52週低點、成交量尚未明顯枯竭,波動過高，風險較大、股價已明顯高於季線，低估性下降,2026-10-08 16:44:20
2177,00663L,00663L.TW,國泰臺灣加權正2,nan,121.0999984741211,12,低檔觀察型,71.83,32.88,9.62,0.0,0.0,18.09,20.73,0.75,股價已脫離52週低點、波動相對可控、股價仍在中長期均線之上,RSI偏高，不符合低檔潛伏、股價已明顯高於季線，低估性下降,2026-10-08 16:44:20
2178,3711,3711.TW,日月光投控,半導體業,732.0,10,低檔觀察型,68.03,40.58,11.82,-1.61,1.64,17.1,21.88,0.54,股價已脫離52週低點、股價仍在中長期均線之上,股價已明顯高於季線，低估性下降,2026-10-08 16:44:20
2179,3455O,3455.TWO,由田,光電業,281.0,10,低檔觀察型,64.51,50.77,14.67,-9.35,10.32,23.24,18.58,0.22,股價已脫離52週低點、股價仍在中長期均線之上,股價已明顯高於季線，低估性下降,2026-10-08 16:44:20
2180,2855,2855.TW,統一證,金融保險業,57.70000076293945,10,低檔觀察型,66.33,35.97,14.21,-2.37,2.43,17.53,22.41,0.74,股價已脫離52週低點、股價仍在中長期均線之上,股價已明顯高於季線，低估性下降,2026-10-08 16:44:20
2181,2254,2254.TW,巨鎧精密-創,汽車工業,91.4000015258789,10,低檔觀察型,67.95,55.91,26.64,-9.95,11.05,35.5,38.72,2.69,股價已脫離52週低點、成交量尚未明顯枯竭、股價仍在中長期均線之上,股價已明顯高於季線，低估性下降,2026-10-08 16:44:20
2182,3680O,3680.TWO,家登,半導體業,567.0,10,低檔觀察型,62.93,51.5,10.5,-7.95,8.64,15.48,11.37,0.49,股價已脫離52週低點、股價仍在中長期均線之上,股價已明顯高於季線，低估性下降,2026-10-08 16:44:20
2183,3693O,3693.TWO,營邦,電腦及週邊設備業,718.0,10,低檔觀察型,62.56,45.92,16.76,-1.91,1.95,23.86,25.28,0.83,股價已脫離52週低點、成交量尚未明顯枯竭、股價仍在中長期均線之上,股價已明顯高於季線，低估性下降,2026-10-08 16:44:20
2184,4545,4545.TW,銘鈺,電子零組件業,38.45000076293945,10,低檔觀察型,68.45,50.42,9.38,-9.42,10.4,15.06,12.93,0.59,股價已脫離52週低點、股價仍在中長期均線之上,股價已明顯高於季線，低估性下降,2026-10-08 16:44:20
2185,6885,6885.TW,全福生技,生技醫療業,30.399999618530273,10,低檔觀察型,61.43,58.91,21.29,-7.88,8.55,26.55,30.54,0.98,股價已脫離52週低點、成交量尚未明顯枯竭、股價仍在中長期均線之上,股價已明顯高於季線，低估性下降,2026-10-08 16:44:20
2186,6240O,6240.TWO,松崗,資訊服務業,26.25,10,低檔觀察型,61.98,40.46,14.15,-6.08,6.48,19.91,30.75,0.36,股價已脫離52週低點、股價仍在中長期均線之上,股價已明顯高於季線，低估性下降,2026-10-08 16:44:20
2187,2455,2455.TW,全新,通信網路業,559.0,10,低檔觀察型,57.37,53.63,22.38,-7.76,8.41,28.36,39.06,1.87,股價已脫離52週低點、成交量尚未明顯枯竭、股價仍在中長期均線之上,股價已明顯高於季線，低估性下降,2026-10-08 16:44:20
2188,6227O,6227.TWO,茂綸,電子通路業,140.5,10,低檔觀察型,64.28,48.2,11.13,-1.4,1.42,15.3,18.31,0.39,股價已脫離52週低點、股價仍在中長期均線之上,股價已明顯高於季線，低估性下降,2026-10-08 16:44:20
2189,2404,2404.TW,漢唐,其他電子業,1330.0,10,低檔觀察型,68.99,59.9,10.96,-3.97,4.14,17.78,16.73,0.39,股價已脫離52週低點、股價仍在中長期均線之上,股價已明顯高於季線，低估性下降,2026-10-08 16:44:20
2190,1815O,1815.TWO,富喬,電子零組件業,132.5,10,低檔觀察型,66.14,57.91,15.97,0.0,0.0,32.05,32.61,1.85,股價已脫離52週低點、成交量尚未明顯枯竭、股價仍在中長期均線之上,股價已明顯高於季線，低估性下降,2026-10-08 16:44:20
2191,6133,6133.TW,金橋,電子零組件業,26.950000762939453,7,低檔觀察型,54.5,74.54,17.15,-8.95,9.83,15.33,15.76,0.68,RSI位於低檔整理區、股價已脫離52週低點、股價仍在中長期均線之上,波動過高，風險較大、股價已明顯高於季線，低估性下降,2026-10-08 16:44:20
2192,3081O,3081.TWO,聯亞,通信網路業,3140.0,7,低檔觀察型,61.17,66.36,8.99,-11.05,12.42,23.76,30.7,1.61,股價已脫離52週低點、成交量尚未明顯枯竭、股價仍在中長期均線之上,波動過高，風險較大、股價已明顯高於季線，低估性下降,2026-10-08 16:44:20
2193,1459,1459.TW,聯發,紡織纖維,18.25,7,低檔觀察型,62.82,62.5,10.75,-11.19,12.6,18.52,17.46,3.1,股價已脫離52週低點、成交量尚未明顯枯竭、股價仍在中長期均線之上,波動過高，風險較大、股價已明顯高於季線，低估性下降,2026-10-08 16:44:20
2194,4912,4912.TW,聯德控股-KY,電子零組件業,109.5,7,低檔觀察型,70.33,52.35,9.46,-4.78,5.02,18.08,17.93,0.99,股價已脫離52週低點、成交量尚未明顯枯竭、股價仍在中長期均線之上,RSI偏高，不符合低檔潛伏、股價已明顯高於季線，低估性下降,2026-10-08 16:44:20
2195,3532,3532.TW,台勝科,半導體業,513.0,7,低檔觀察型,74.0,55.78,13.71,-1.91,1.95,29.78,48.76,1.28,股價已脫離52週低點、成交量尚未明顯枯竭、股價仍在中長期均線之上,RSI偏高，不符合低檔潛伏、股價已明顯高於季線，低估性下降,2026-10-08 16:44:20
2196,3717,3717.TW,聯嘉投控,汽車工業,27.450000762939453,7,低檔觀察型,63.63,61.72,13.64,-6.47,6.92,18.21,18.75,1.12,股價已脫離52週低點、成交量尚未明顯枯竭、股價仍在中長期均線之上,波動過高，風險較大、股價已明顯高於季線，低估性下降,2026-10-08 16:44:20
2197,3541O,3541.TWO,西柏,其他電子業,24.350000381469727,7,低檔觀察型,71.32,36.0,9.76,-7.59,8.21,10.09,8.92,0.47,股價已脫離52週低點、股價仍在中長期均線之上,RSI偏高，不符合低檔潛伏,2026-10-08 16:44:20
2198,7788,7788.TW,松川精密,電子零組件業,329.0,7,低檔觀察型,58.44,86.82,11.74,-9.99,11.09,22.31,36.08,2.14,股價已脫離52週低點、成交量尚未明顯枯竭、股價仍在中長期均線之上,波動過高，風險較大、股價已明顯高於季線，低估性下降,2026-10-08 16:44:20
2199,4903O,4903.TWO,聯光通,通信網路業,46.75,7,低檔觀察型,69.54,72.17,12.32,-12.12,13.8,23.67,14.85,1.05,股價已脫離52週低點、成交量尚未明顯枯竭、股價仍在中長期均線之上,波動過高，風險較大、股價已明顯高於季線，低估性下降,2026-10-08 16:44:20
2200,3707O,3707.TWO,漢磊,半導體業,89.9000015258789,7,低檔觀察型,84.05,58.63,14.81,-10.55,11.79,37.92,26.25,1.85,股價已脫離52週低點、成交量尚未明顯枯竭、股價仍在中長期均線之上,RSI偏高，不符合低檔潛伏、股價已明顯高於季線，低估性下降,2026-10-08 16:44:20
2201,6834,6834.TW,天二科技,電子零組件業,125.0,7,低檔觀察型,63.18,83.25,13.82,-5.3,5.6,25.62,42.14,2.35,股價已脫離52週低點、成交量尚未明顯枯竭、股價仍在中長期均線之上,波動過高，風險較大、股價已明顯高於季線，低估性下降,2026-10-08 16:44:20
2202,3564O,3564.TWO,其陽,通信網路業,60.900001525878906,7,低檔觀察型,74.81,56.12,9.44,-1.3,1.31,26.81,29.81,4.35,股價已脫離52週低點、成交量尚未明顯枯竭、股價仍在中長期均線之上,RSI偏高，不符合低檔潛伏、股價已明顯高於季線，低估性下降,2026-10-08 16:44:20
2203,6870O,6870.TWO,騰雲,數位雲端,316.0,7,低檔觀察型,55.15,63.97,12.33,-6.09,6.49,12.8,26.17,0.46,股價已脫離52週低點、股價仍在中長期均線之上,波動過高，風險較大,2026-10-08 16:44:20
2204,6667O,6667.TWO,信紘科,其他電子業,278.5,7,低檔觀察型,70.86,47.93,8.93,-5.27,5.57,16.85,10.19,3.44,股價已脫離52週低點、成交量尚未明顯枯竭、股價仍在中長期均線之上,RSI偏高，不符合低檔潛伏、股價已明顯高於季線，低估性下降,2026-10-08 16:44:20
2205,3268O,3268.TWO,海德威,半導體業,24.299999237060547,7,低檔觀察型,81.29,50.04,9.49,0.0,0.0,24.94,25.49,2.37,股價已脫離52週低點、成交量尚未明顯枯竭、股價仍在中長期均線之上,RSI偏高，不符合低檔潛伏、股價已明顯高於季線，低估性下降,2026-10-08 16:44:20
2206,3008,3008.TW,大立光,光電業,6845.0,7,低檔觀察型,60.31,64.0,12.65,-12.36,14.1,24.13,49.8,1.04,股價已脫離52週低點、成交量尚未明顯枯竭、股價仍在中長期均線之上,波動過高，風險較大、股價已明顯高於季線，低估性下降,2026-10-08 16:44:20
2207,3044,3044.TW,健鼎,電子零組件業,582.0,7,低檔觀察型,73.32,36.78,13.59,0.0,0.0,24.79,21.43,0.89,股價已脫離52週低點、成交量尚未明顯枯竭、股價仍在中長期均線之上,RSI偏高，不符合低檔潛伏、股價已明顯高於季線，低估性下降,2026-10-08 16:44:20
2208,8021,8021.TW,尖點,其他電子業,556.0,7,低檔觀察型,72.51,49.94,13.87,-4.3,4.5,27.94,22.45,1.35,股價已脫離52週低點、成交量尚未明顯枯竭、股價仍在中長期均線之上,RSI偏高，不符合低檔潛伏、股價已明顯高於季線，低估性下降,2026-10-08 16:44:20
2209,2939,2939.TW,永邑-KY,貿易百貨業,24.299999237060547,7,低檔觀察型,77.33,48.71,7.83,-12.12,13.79,22.53,15.35,0.78,均線糾結，可能處於整理蓄勢、股價已脫離52週低點、股價仍在中長期均線之上,RSI偏高，不符合低檔潛伏、股價已明顯高於季線，低估性下降,2026-10-08 16:44:20
2210,1727,1727.TW,中華化,化學工業,106.0,7,低檔觀察型,52.51,84.15,21.69,-13.82,16.04,17.77,20.26,0.5,RSI位於低檔整理區、股價已脫離52週低點、股價仍在中長期均線之上,波動過高，風險較大、股價已明顯高於季線，低估性下降,2026-10-08 16:44:20
2211,5230O,5230.TWO,雷笛克光學,光電業,22.75,5,低檔觀察型,66.48,58.82,15.83,-5.21,5.49,20.54,21.61,0.29,股價已脫離52週低點、股價仍在中長期均線之上,股價已明顯高於季線，低估性下降,2026-10-08 16:44:20
2212,3623O,3623.TWO,富晶通,光電業,29.600000381469727,5,低檔觀察型,69.39,52.9,18.78,-7.21,7.77,24.31,25.0,0.51,股價已脫離52週低點、股價仍在中長期均線之上,股價已明顯高於季線，低估性下降,2026-10-08 16:44:20
2213,3580O,3580.TWO,友威科,其他電子業,103.5,5,低檔觀察型,61.29,52.87,18.87,-8.41,9.18,20.08,13.22,0.48,股價已脫離52週低點、股價仍在中長期均線之上,股價已明顯高於季線，低估性下降,2026-10-08 16:44:20
2214,4706O,4706.TWO,大恭,化學工業,43.150001525878906,4,低檔觀察型,78.72,70.69,4.66,0.0,0.0,28.25,31.6,7.87,均線糾結，可能處於整理蓄勢、股價已脫離52週低點、成交量尚未明顯枯竭,RSI偏高，不符合低檔潛伏、波動過高，風險較大,2026-10-08 16:44:20
2215,5205O,5205.TWO,中茂,綠能環保,30.299999237060547,4,低檔觀察型,87.77,86.55,3.85,-10.22,11.39,44.14,36.3,2.19,均線糾結，可能處於整理蓄勢、股價已脫離52週低點、成交量尚未明顯枯竭,RSI偏高，不符合低檔潛伏、波動過高，風險較大,2026-10-08 16:44:20
2216,3597O,3597.TWO,映興,電子零組件業,36.75,4,低檔觀察型,86.96,62.15,7.04,0.0,0.0,36.3,37.0,3.58,均線糾結，可能處於整理蓄勢、股價已脫離52週低點、成交量尚未明顯枯竭,RSI偏高，不符合低檔潛伏、波動過高，風險較大,2026-10-08 16:44:20
2217,3443,3443.TW,創意,半導體業,8460.0,2,低檔觀察型,69.45,75.53,30.22,-1.63,1.65,48.64,64.02,1.0,股價已脫離52週低點、成交量尚未明顯枯竭、股價仍在中長期均線之上,波動過高，風險較大、股價已明顯高於季線，低估性下降,2026-10-08 16:44:20
2218,5464O,5464.TWO,霖宏,電子零組件業,93.4000015258789,2,低檔觀察型,60.59,69.41,14.26,-13.12,15.1,20.05,28.06,0.34,股價已脫離52週低點、股價仍在中長期均線之上,波動過高，風險較大、股價已明顯高於季線，低估性下降,2026-10-08 16:44:20
2219,6532O,6532.TWO,瑞耘,半導體業,116.5,2,低檔觀察型,66.26,65.76,19.04,-4.9,5.15,32.15,27.23,1.19,股價已脫離52週低點、成交量尚未明顯枯竭、股價仍在中長期均線之上,波動過高，風險較大、股價已明顯高於季線，低估性下降,2026-10-08 16:44:20
2220,3374O,3374.TWO,精材,半導體業,497.0,2,低檔觀察型,64.37,65.94,17.72,-0.3,0.3,29.32,55.89,0.87,股價已脫離52週低點、成交量尚未明顯枯竭、股價仍在中長期均線之上,波動過高，風險較大、股價已明顯高於季線，低估性下降,2026-10-08 16:44:20
2221,3605,3605.TW,宏致,電子零組件業,167.0,2,低檔觀察型,60.3,74.33,31.32,-8.99,9.88,36.84,65.57,1.43,股價已脫離52週低點、成交量尚未明顯枯竭、股價仍在中長期均線之上,波動過高，風險較大、股價已明顯高於季線，低估性下降,2026-10-08 16:44:20
2222,6278,6278.TW,台表科,光電業,250.5,2,低檔觀察型,78.6,56.79,15.01,0.0,0.0,36.84,31.24,2.98,股價已脫離52週低點、成交量尚未明顯枯竭、股價仍在中長期均線之上,RSI偏高，不符合低檔潛伏、股價已明顯高於季線，低估性下降,2026-10-08 16:44:20
2223,4908O,4908.TWO,前鼎,通信網路業,254.0,2,低檔觀察型,65.25,76.7,17.55,-13.46,15.55,38.37,28.77,2.47,股價已脫離52週低點、成交量尚未明顯枯竭、股價仍在中長期均線之上,波動過高，風險較大、股價已明顯高於季線，低估性下降,2026-10-08 16:44:20
2224,3406,3406.TW,玉晶光,光電業,1085.0,2,低檔觀察型,65.81,83.1,20.3,-2.25,2.3,42.72,58.79,0.99,股價已脫離52週低點、成交量尚未明顯枯竭、股價仍在中長期均線之上,波動過高，風險較大、股價已明顯高於季線，低估性下降,2026-10-08 16:44:20
2225,3543,3543.TW,州巧,光電業,55.70000076293945,2,低檔觀察型,74.35,49.79,17.52,0.0,0.0,36.68,46.52,1.39,股價已脫離52週低點、成交量尚未明顯枯竭、股價仍在中長期均線之上,RSI偏高，不符合低檔潛伏、股價已明顯高於季線，低估性下降,2026-10-08 16:44:20
2226,6204O,6204.TWO,艾華,電子零組件業,111.5,2,低檔觀察型,64.16,72.77,17.68,-10.8,12.11,28.62,23.42,0.84,股價已脫離52週低點、成交量尚未明顯枯竭、股價仍在中長期均線之上,波動過高，風險較大、股價已明顯高於季線，低估性下降,2026-10-08 16:44:20
2227,6207O,6207.TWO,雷科,電子零組件業,147.5,2,低檔觀察型,66.26,74.35,15.63,-10.88,12.2,28.43,31.9,1.02,股價已脫離52週低點、成交量尚未明顯枯竭、股價仍在中長期均線之上,波動過高，風險較大、股價已明顯高於季線，低估性下降,2026-10-08 16:44:20
2228,7792O,7792.TWO,安葆,其他電子業,406.5,2,低檔觀察型,62.09,75.49,32.78,-9.97,11.07,41.19,40.97,2.19,股價已脫離52週低點、成交量尚未明顯枯竭、股價仍在中長期均線之上,波動過高，風險較大、股價已明顯高於季線，低估性下降,2026-10-08 16:44:20
2229,6526,6526.TW,達發,半導體業,786.0,2,低檔觀察型,60.28,63.51,22.96,-6.65,7.12,22.31,20.92,1.48,股價已脫離52週低點、成交量尚未明顯枯竭、股價仍在中長期均線之上,波動過高，風險較大、股價已明顯高於季線，低估性下降,2026-10-08 16:44:20
2230,6691,6691.TW,洋基工程,其他電子業,776.0,2,低檔觀察型,72.52,53.05,9.18,-2.27,2.32,20.51,23.17,0.77,股價已脫離52週低點、股價仍在中長期均線之上,RSI偏高，不符合低檔潛伏、股價已明顯高於季線，低估性下降,2026-10-08 16:44:20
2231,6218O,6218.TWO,豪勉,通信網路業,60.79999923706055,2,低檔觀察型,60.4,92.75,30.22,-10.19,11.35,40.37,50.74,1.23,股價已脫離52週低點、成交量尚未明顯枯竭、股價仍在中長期均線之上,波動過高，風險較大、股價已明顯高於季線，低估性下降,2026-10-08 16:44:20
2232,1303,1303.TW,南亞,塑膠工業,314.0,2,低檔觀察型,79.3,58.88,15.23,0.0,0.0,47.54,91.04,1.66,股價已脫離52週低點、成交量尚未明顯枯竭、股價仍在中長期均線之上,RSI偏高，不符合低檔潛伏、股價已明顯高於季線，低估性下降,2026-10-08 16:44:20
2233,6668,6668.TW,中揚光,光電業,50.20000076293945,2,低檔觀察型,65.22,60.76,16.64,-2.52,2.59,25.66,27.74,1.14,股價已脫離52週低點、成交量尚未明顯枯竭、股價仍在中長期均線之上,波動過高，風險較大、股價已明顯高於季線，低估性下降,2026-10-08 16:44:20
2234,6715,6715.TW,嘉基,電子零組件業,485.0,2,低檔觀察型,66.43,76.12,15.61,-14.76,17.32,25.44,16.6,1.38,股價已脫離52週低點、成交量尚未明顯枯竭、股價仍在中長期均線之上,波動過高，風險較大、股價已明顯高於季線，低估性下降,2026-10-08 16:44:20
2235,3162O,3162.TWO,精確,電機機械,83.0999984741211,2,低檔觀察型,60.03,69.32,14.46,-13.35,15.4,18.55,8.51,0.62,股價已脫離52週低點、股價仍在中長期均線之上,波動過高，風險較大、股價已明顯高於季線，低估性下降,2026-10-08 16:44:20
2236,3653,3653.TW,健策,電子零組件業,6805.0,2,低檔觀察型,63.34,66.74,25.13,-5.55,5.88,34.7,51.88,0.82,股價已脫離52週低點、成交量尚未明顯枯竭、股價仍在中長期均線之上,波動過高，風險較大、股價已明顯高於季線，低估性下降,2026-10-08 16:44:20
2237,1569O,1569.TWO,濱川,電腦及週邊設備業,72.19999694824219,2,低檔觀察型,81.57,52.97,24.1,0.0,0.0,48.32,43.46,1.4,股價已脫離52週低點、成交量尚未明顯枯竭、股價仍在中長期均線之上,RSI偏高，不符合低檔潛伏、股價已明顯高於季線，低估性下降,2026-10-08 16:44:20
2238,6196,6196.TW,帆宣,其他電子業,670.0,2,低檔觀察型,74.4,58.3,11.3,-1.33,1.34,27.55,33.54,0.66,股價已脫離52週低點、股價仍在中長期均線之上,RSI偏高，不符合低檔潛伏、股價已明顯高於季線，低估性下降,2026-10-08 16:44:20
2239,3219O,3219.TWO,倚強科,其他電子業,130.0,2,低檔觀察型,69.23,92.3,31.49,-7.47,8.08,55.94,63.52,1.11,股價已脫離52週低點、成交量尚未明顯枯竭、股價仍在中長期均線之上,波動過高，風險較大、股價已明顯高於季線，低估性下降,2026-10-08 16:44:20
2240,3234O,3234.TWO,光環,通信網路業,191.0,2,低檔觀察型,60.05,66.97,15.52,-9.48,10.47,27.07,43.31,2.14,股價已脫離52週低點、成交量尚未明顯枯竭、股價仍在中長期均線之上,波動過高，風險較大、股價已明顯高於季線，低估性下降,2026-10-08 16:44:20
2241,3105O,3105.TWO,穩懋,半導體業,588.0,2,低檔觀察型,69.29,65.08,21.48,-4.7,4.93,40.13,28.86,0.8,股價已脫離52週低點、成交量尚未明顯枯竭、股價仍在中長期均線之上,波動過高，風險較大、股價已明顯高於季線，低估性下降,2026-10-08 16:44:20
2242,1560,1560.TW,中砂,電機機械,1020.0,0,低檔觀察型,74.57,61.25,23.18,-1.92,1.96,35.37,44.58,0.45,股價已脫離52週低點、股價仍在中長期均線之上,RSI偏高，不符合低檔潛伏、波動過高，風險較大,2026-10-08 16:44:20
2243,3324O,3324.TWO,雙鴻,其他電子業,1525.0,0,低檔觀察型,57.68,73.2,25.63,-10.82,12.13,29.33,36.5,0.73,股價已脫離52週低點、股價仍在中長期均線之上,波動過高，風險較大、股價已明顯高於季線，低估性下降,2026-10-08 16:44:20
2244,3265O,3265.TWO,台星科,半導體業,217.0,0,低檔觀察型,73.87,60.71,9.01,0.0,0.0,27.72,24.25,1.28,股價已脫離52週低點、成交量尚未明顯枯竭、股價仍在中長期均線之上,RSI偏高，不符合低檔潛伏、波動過高，風險較大,2026-10-08 16:44:20
2245,3441O,3441.TWO,聯一光,光電業,249.0,0,低檔觀察型,80.15,80.38,32.72,-2.35,2.41,100.2,174.16,2.49,股價已脫離52週低點、成交量尚未明顯枯竭、股價仍在中長期均線之上,RSI偏高，不符合低檔潛伏、波動過高，風險較大,2026-10-08 16:44:20
2246,3354O,3354.TWO,律勝,電子零組件業,30.5,0,低檔觀察型,56.45,84.51,18.82,-13.84,16.07,24.46,12.69,0.63,股價已脫離52週低點、股價仍在中長期均線之上,波動過高，風險較大、股價已明顯高於季線，低估性下降,2026-10-08 16:44:20
2247,6533,6533.TW,晶心科,半導體業,347.0,0,低檔觀察型,69.34,90.03,18.29,-5.32,5.62,37.13,46.83,0.25,股價已脫離52週低點、股價仍在中長期均線之上,波動過高，風險較大、股價已明顯高於季線，低估性下降,2026-10-08 16:44:20
2248,2305,2305.TW,全友,電腦及週邊設備業,58.900001525878906,0,低檔觀察型,64.17,90.27,40.82,-14.76,17.32,54.61,87.21,0.64,股價已脫離52週低點、股價仍在中長期均線之上,波動過高，風險較大、股價已明顯高於季線，低估性下降,2026-10-08 16:44:20
2249,3518,3518.TW,柏騰,其他電子業,50.29999923706055,0,低檔觀察型,89.21,65.71,21.58,0.0,0.0,66.16,60.92,1.13,股價已脫離52週低點、成交量尚未明顯枯竭、股價仍在中長期均線之上,RSI偏高，不符合低檔潛伏、波動過高，風險較大,2026-10-08 16:44:20
2250,6426,6426.TW,統新,通信網路業,347.5,0,低檔觀察型,56.86,85.43,30.24,-11.24,12.66,36.72,43.97,0.65,股價已脫離52週低點、股價仍在中長期均線之上,波動過高，風險較大、股價已明顯高於季線，低估性下降,2026-10-08 16:44:20
2251,6257,6257.TW,矽格,半導體業,278.0,0,低檔觀察型,71.17,62.58,13.94,-2.8,2.88,27.53,27.71,2.87,股價已脫離52週低點、成交量尚未明顯枯竭、股價仍在中長期均線之上,RSI偏高，不符合低檔潛伏、波動過高，風險較大,2026-10-08 16:44:20
2252,6225,6225.TW,天瀚,光電業,68.69999694824219,0,低檔觀察型,61.09,112.47,23.6,-8.28,9.02,47.72,96.7,0.53,股價已脫離52週低點、股價仍在中長期均線之上,波動過高，風險較大、股價已明顯高於季線，低估性下降,2026-10-08 16:44:20
2253,6505,6505.TW,台塑化,油電燃氣業,107.0,0,低檔觀察型,76.14,62.34,14.93,0.0,0.0,34.61,60.51,1.21,股價已脫離52週低點、成交量尚未明顯枯竭、股價仍在中長期均線之上,RSI偏高，不符合低檔潛伏、波動過高，風險較大,2026-10-08 16:44:20
2254,6213,6213.TW,聯茂,電子零組件業,796.0,0,低檔觀察型,83.67,71.95,22.97,0.0,0.0,67.48,107.49,0.83,股價已脫離52週低點、成交量尚未明顯枯竭、股價仍在中長期均線之上,RSI偏高，不符合低檔潛伏、波動過高，風險較大,2026-10-08 16:44:20
2255,6456,6456.TW,GIS-KY,光電業,102.0,0,低檔觀察型,77.1,74.31,19.08,0.0,0.0,47.12,42.56,4.41,股價已脫離52週低點、成交量尚未明顯枯竭、股價仍在中長期均線之上,RSI偏高，不符合低檔潛伏、波動過高，風險較大,2026-10-08 16:44:20
2256,6152,6152.TW,百一,通信網路業,19.799999237060547,0,低檔觀察型,82.59,62.65,11.68,-10.2,11.36,41.61,38.57,7.03,股價已脫離52週低點、成交量尚未明顯枯竭、股價仍在中長期均線之上,RSI偏高，不符合低檔潛伏、波動過高，風險較大,2026-10-08 16:44:20
2257,2221O,2221.TWO,大甲,其他業,189.5,0,低檔觀察型,79.27,93.53,48.95,-4.05,4.22,121.67,194.99,0.12,股價已脫離52週低點、股價仍在中長期均線之上,RSI偏高，不符合低檔潛伏、波動過高，風險較大,2026-10-08 16:44:20
2258,3311,3311.TW,閎暉,通信網路業,47.349998474121094,0,低檔觀察型,74.33,70.89,17.26,-4.63,4.86,35.56,34.81,2.21,股價已脫離52週低點、成交量尚未明顯枯竭、股價仍在中長期均線之上,RSI偏高，不符合低檔潛伏、波動過高，風險較大,2026-10-08 16:44:20
2259,6226,6226.TW,光鼎,光電業,43.45000076293945,0,低檔觀察型,60.12,100.13,34.76,-9.48,10.47,48.01,95.15,0.68,股價已脫離52週低點、股價仍在中長期均線之上,波動過高，風險較大、股價已明顯高於季線，低估性下降,2026-10-08 16:44:20
2260,2069,2069.TW,運錩,鋼鐵工業,25.049999237060547,0,低檔觀察型,57.63,62.15,17.16,-6.18,6.59,17.82,24.11,0.4,股價已脫離52週低點、股價仍在中長期均線之上,波動過高，風險較大、股價已明顯高於季線，低估性下降,2026-10-08 16:44:20
2261,2241,2241.TW,艾姆勒,汽車工業,52.0,0,低檔觀察型,81.55,64.12,17.45,0.0,0.0,44.07,40.83,3.55,股價已脫離52週低點、成交量尚未明顯枯竭、股價仍在中長期均線之上,RSI偏高，不符合低檔潛伏、波動過高，風險較大,2026-10-08 16:44:20
2262,2340,2340.TW,台亞,半導體業,48.150001525878906,0,低檔觀察型,75.8,69.32,16.8,-4.27,4.47,43.19,35.56,3.16,股價已脫離52週低點、成交量尚未明顯枯竭、股價仍在中長期均線之上,RSI偏高，不符合低檔潛伏、波動過高，風險較大,2026-10-08 16:44:20
2263,5432O,5432.TWO,新門,綠能環保,195.0,0,低檔觀察型,73.38,71.47,14.75,-0.26,0.26,38.4,37.02,4.41,股價已脫離52週低點、成交量尚未明顯枯竭、股價仍在中長期均線之上,RSI偏高，不符合低檔潛伏、波動過高，風險較大,2026-10-08 16:44:20
2264,5465O,5465.TWO,富驊,電腦及週邊設備業,33.54999923706055,0,低檔觀察型,74.04,62.73,24.21,-3.31,3.43,33.82,32.55,0.68,股價已脫離52週低點、股價仍在中長期均線之上,RSI偏高，不符合低檔潛伏、波動過高，風險較大,2026-10-08 16:44:20
2265,2243,2243.TW,宏旭-KY,汽車工業,59.70000076293945,0,低檔觀察型,73.85,62.47,11.23,-9.55,10.55,27.93,46.65,2.16,股價已脫離52週低點、成交量尚未明顯枯竭、股價仍在中長期均線之上,RSI偏高，不符合低檔潛伏、波動過高，風險較大,2026-10-08 16:44:20
2266,2033,2033.TW,佳大,鋼鐵工業,53.20000076293945,0,低檔觀察型,89.79,85.75,36.68,0.0,0.0,111.23,159.92,0.39,股價已脫離52週低點、股價仍在中長期均線之上,RSI偏高，不符合低檔潛伏、波動過高，風險較大,2026-10-08 16:44:20
2267,00715L,00715L.TW,期街口S&P布蘭特油正2,nan,68.9000015258789,0,低檔觀察型,60.08,79.1,17.63,-7.08,7.62,27.78,31.03,0.41,股價已脫離52週低點、股價仍在中長期均線之上,波動過高，風險較大、股價已明顯高於季線，低估性下降,2026-10-08 16:44:20
2268,2413,2413.TW,環科,電子零組件業,58.099998474121094,0,低檔觀察型,73.03,61.97,13.11,-7.04,7.57,27.41,21.91,1.33,股價已脫離52週低點、成交量尚未明顯枯竭、股價仍在中長期均線之上,RSI偏高，不符合低檔潛伏、波動過高，風險較大,2026-10-08 16:44:20
2269,2030,2030.TW,彰源,鋼鐵工業,36.75,0,低檔觀察型,79.57,72.06,30.8,-4.3,4.49,60.38,80.8,0.63,股價已脫離52週低點、股價仍在中長期均線之上,RSI偏高，不符合低檔潛伏、波動過高，風險較大,2026-10-08 16:44:20
2270,3498O,3498.TWO,陽程,其他電子業,231.5,0,低檔觀察型,63.43,82.33,24.42,-2.11,2.16,39.95,62.48,0.57,股價已脫離52週低點、股價仍在中長期均線之上,波動過高，風險較大、股價已明顯高於季線，低估性下降,2026-10-08 16:44:20
2271,2409,2409.TW,友達,光電業,37.95000076293945,0,低檔觀察型,65.16,77.25,23.36,-6.18,6.59,33.77,45.79,0.6,股價已脫離52週低點、股價仍在中長期均線之上,波動過高，風險較大、股價已明顯高於季線，低估性下降,2026-10-08 16:44:20
2272,2444,2444.TW,兆勁,通信網路業,15.75,0,低檔觀察型,67.68,73.47,21.94,-4.55,4.76,31.42,25.69,0.53,股價已脫離52週低點、股價仍在中長期均線之上,波動過高，風險較大、股價已明顯高於季線，低估性下降,2026-10-08 16:44:20
2273,2466,2466.TW,冠西電,光電業,180.5,0,低檔觀察型,85.32,74.34,16.2,0.0,0.0,68.76,119.43,3.82,股價已脫離52週低點、成交量尚未明顯枯竭、股價仍在中長期均線之上,RSI偏高，不符合低檔潛伏、波動過高，風險較大,2026-10-08 16:44:20
2274,4923O,4923.TWO,力士,半導體業,62.70000076293945,0,低檔觀察型,57.34,74.24,17.67,-6.0,6.38,19.22,27.08,0.41,股價已脫離52週低點、股價仍在中長期均線之上,波動過高，風險較大、股價已明顯高於季線，低估性下降,2026-10-08 16:44:20
2275,3167,3167.TW,大量,電機機械,1025.0,0,低檔觀察型,67.59,69.2,18.17,0.0,0.0,34.39,31.67,0.28,股價已脫離52週低點、股價仍在中長期均線之上,波動過高，風險較大、股價已明顯高於季線，低估性下降,2026-10-08 16:44:20
2276,3094,3094.TW,聯傑,半導體業,67.5,0,低檔觀察型,73.71,89.6,29.07,-3.98,4.15,56.99,75.4,0.31,股價已脫離52週低點、股價仍在中長期均線之上,RSI偏高，不符合低檔潛伏、波動過高，風險較大,2026-10-08 16:44:20
2277,3016,3016.TW,嘉晶,半導體業,195.0,0,低檔觀察型,87.35,68.83,28.56,0.0,0.0,71.71,72.07,0.19,股價已脫離52週低點、股價仍在中長期均線之上,RSI偏高，不符合低檔潛伏、波動過高，風險較大,2026-10-08 16:44:20
2278,8150,8150.TW,南茂,半導體業,128.5,0,低檔觀察型,73.7,74.44,16.58,0.0,0.0,34.84,37.43,0.65,股價已脫離52週低點、股價仍在中長期均線之上,RSI偏高，不符合低檔潛伏、波動過高，風險較大,2026-10-08 16:44:20
2279,8201,8201.TW,無敵,其他電子業,16.75,0,低檔觀察型,69.65,77.26,17.28,-5.1,5.37,34.27,30.91,0.55,股價已脫離52週低點、股價仍在中長期均線之上,波動過高，風險較大、股價已明顯高於季線，低估性下降,2026-10-08 16:44:20
2280,8996,8996.TW,高力,電機機械,1645.0,0,低檔觀察型,64.36,82.23,21.96,-0.6,0.61,34.64,34.48,0.29,股價已脫離52週低點、股價仍在中長期均線之上,波動過高，風險較大、股價已明顯高於季線，低估性下降,2026-10-08 16:44:20
2281,8046,8046.TW,南電,電子零組件業,1480.0,0,低檔觀察型,70.78,61.52,12.62,-1.66,1.69,26.31,40.68,0.8,股價已脫離52週低點、股價仍在中長期均線之上,RSI偏高，不符合低檔潛伏、波動過高，風險較大,2026-10-08 16:44:20
2282,3037,3037.TW,欣興,電子零組件業,1305.0,0,低檔觀察型,72.48,51.2,17.15,-1.51,1.53,30.16,36.63,0.6,股價已脫離52週低點、股價仍在中長期均線之上,RSI偏高，不符合低檔潛伏、股價已明顯高於季線，低估性下降,2026-10-08 16:44:20
2283,1709,1709.TW,和益,化學工業,60.20000076293945,0,低檔觀察型,71.17,104.71,30.17,-6.38,6.81,72.98,118.5,1.31,股價已脫離52週低點、成交量尚未明顯枯竭、股價仍在中長期均線之上,RSI偏高，不符合低檔潛伏、波動過高，風險較大,2026-10-08 16:44:20
2284,6716O,6716.TWO,應廣,半導體業,153.5,0,低檔觀察型,76.89,62.51,9.68,0.0,0.0,39.36,49.79,5.86,股價已脫離52週低點、成交量尚未明顯枯竭、股價仍在中長期均線之上,RSI偏高，不符合低檔潛伏、波動過高，風險較大,2026-10-08 16:44:20
2285,3031,3031.TW,佰鴻,光電業,33.5,0,低檔觀察型,74.32,62.78,18.22,-2.9,2.99,32.75,19.24,0.98,股價已脫離52週低點、成交量尚未明顯枯竭、股價仍在中長期均線之上,RSI偏高，不符合低檔潛伏、波動過高，風險較大,2026-10-08 16:44:20
2286,6708O,6708.TWO,天擎,半導體業,68.5,0,低檔觀察型,82.01,83.09,20.24,-6.04,6.42,67.09,67.91,2.53,股價已脫離52週低點、成交量尚未明顯枯竭、股價仍在中長期均線之上,RSI偏高，不符合低檔潛伏、波動過高，風險較大,2026-10-08 16:44:20
2287,3624O,3624.TWO,光頡,電子零組件業,159.5,0,低檔觀察型,73.82,87.12,26.02,-9.63,10.66,58.24,56.72,1.07,股價已脫離52週低點、成交量尚未明顯枯竭、股價仍在中長期均線之上,RSI偏高，不符合低檔潛伏、波動過高，風險較大,2026-10-08 16:44:20
2288,4556O,4556.TWO,旭然,其他業,145.0,0,低檔觀察型,82.8,91.46,11.71,0.0,0.0,56.09,96.89,0.55,股價已脫離52週低點、股價仍在中長期均線之上,RSI偏高，不符合低檔潛伏、波動過高，風險較大,2026-10-08 16:44:20
2289,2426,2426.TW,鼎元,光電業,104.0,0,低檔觀察型,56.27,70.79,20.52,-8.77,9.62,27.71,37.14,0.61,股價已脫離52週低點、股價仍在中長期均線之上,波動過高，風險較大、股價已明顯高於季線，低估性下降,2026-10-08 16:44:20
2290,7711,7711.TW,永擎,電腦及週邊設備業,632.0,0,低檔觀察型,63.27,94.53,19.03,-4.24,4.43,36.29,51.7,0.8,股價已脫離52週低點、股價仍在中長期均線之上,波動過高，風險較大、股價已明顯高於季線，低估性下降,2026-10-08 16:44:20
2291,6957,6957.TW,裕慶-KY,其他業,444.0,0,低檔觀察型,88.1,65.94,25.3,0.0,0.0,76.92,107.47,1.23,股價已脫離52週低點、成交量尚未明顯枯竭、股價仍在中長期均線之上,RSI偏高，不符合低檔潛伏、波動過高，風險較大,2026-10-08 16:44:20
2292,3189,3189.TW,景碩,半導體業,1100.0,0,低檔觀察型,73.28,51.05,15.55,0.0,0.0,32.26,49.43,0.71,股價已脫離52週低點、股價仍在中長期均線之上,RSI偏高，不符合低檔潛伏、股價已明顯高於季線，低估性下降,2026-10-08 16:44:20
2293,5013O,5013.TWO,強新,鋼鐵工業,52.70000076293945,0,低檔觀察型,81.83,89.92,22.34,0.0,0.0,78.81,83.82,3.2,股價已脫離52週低點、成交量尚未明顯枯竭、股價仍在中長期均線之上,RSI偏高，不符合低檔潛伏、波動過高，風險較大,2026-10-08 16:44:20
2294,6179O,6179.TWO,亞通,其他業,37.75,0,低檔觀察型,59.82,87.37,17.16,-8.93,9.8,25.34,37.08,0.34,股價已脫離52週低點、股價仍在中長期均線之上,波動過高，風險較大、股價已明顯高於季線，低估性下降,2026-10-08 16:44:20
2295,6187O,6187.TWO,萬潤,半導體業,1535.0,0,低檔觀察型,70.16,62.84,9.2,0.0,0.0,27.77,31.78,1.0,股價已脫離52週低點、成交量尚未明顯枯竭、股價仍在中長期均線之上,RSI偏高，不符合低檔潛伏、波動過高，風險較大,2026-10-08 16:44:20
2296,6933,6933.TW,AMAX-KY,電腦及週邊設備業,385.5,0,低檔觀察型,64.86,91.03,32.21,-2.28,2.33,55.56,87.65,0.55,股價已脫離52週低點、股價仍在中長期均線之上,波動過高，風險較大、股價已明顯高於季線，低估性下降,2026-10-08 16:44:20
2297,3055,3055.TW,蔚華科,電子通路業,223.0,0,低檔觀察型,77.58,64.98,28.57,0.0,0.0,52.34,77.87,0.19,股價已脫離52週低點、股價仍在中長期均線之上,RSI偏高，不符合低檔潛伏、波動過高，風險較大,2026-10-08 16:44:20
2298,6168,6168.TW,宏齊,光電業,41.45000076293945,0,低檔觀察型,58.97,86.35,35.55,-12.0,13.63,39.26,43.8,0.76,股價已脫離52週低點、股價仍在中長期均線之上,波動過高，風險較大、股價已明顯高於季線，低估性下降,2026-10-08 16:44:20
2299,6805,6805.TW,富世達,電子零組件業,2455.0,0,低檔觀察型,58.98,68.94,21.97,-5.58,5.91,27.69,31.27,0.59,股價已脫離52週低點、股價仍在中長期均線之上,波動過高，風險較大、股價已明顯高於季線，低估性下降,2026-10-08 16:44:20
2300,6672,6672.TW,騰輝電子-KY,電子零組件業,505.0,0,低檔觀察型,88.08,72.37,21.53,0.0,0.0,78.83,97.09,0.38,股價已脫離52週低點、股價仍在中長期均線之上,RSI偏高，不符合低檔潛伏、波動過高，風險較大,2026-10-08 16:44:20
2301,4770,4770.TW,上品,化學工業,267.5,0,低檔觀察型,59.04,66.65,16.26,-6.63,7.1,16.25,16.88,0.33,股價已脫離52週低點、股價仍在中長期均線之上,波動過高，風險較大、股價已明顯高於季線，低估性下降,2026-10-08 16:44:20
2302,8227O,8227.TWO,巨有科技,半導體業,372.0,0,低檔觀察型,83.46,78.63,39.54,0.0,0.0,86.04,89.89,0.1,股價已脫離52週低點、股價仍在中長期均線之上,RSI偏高，不符合低檔潛伏、波動過高，風險較大,2026-10-08 16:44:20
2303,8111O,8111.TWO,立碁,光電業,94.0,0,低檔觀察型,71.27,72.16,18.12,-0.32,0.32,42.2,46.85,1.43,股價已脫離52週低點、成交量尚未明顯枯竭、股價仍在中長期均線之上,RSI偏高，不符合低檔潛伏、波動過高，風險較大,2026-10-08 16:44:20
2304,9960O,9960.TWO,邁達康,運動休閒,40.099998474121094,0,低檔觀察型,68.79,69.64,15.11,-3.37,3.49,23.0,24.19,0.61,股價已脫離52週低點、股價仍在中長期均線之上,波動過高，風險較大、股價已明顯高於季線，低估性下降,2026-10-08 16:44:20
2305,4927,4927.TW,泰鼎-KY,電子零組件業,54.5,0,低檔觀察型,76.92,62.41,15.69,-11.95,13.58,41.44,21.32,4.04,股價已脫離52週低點、成交量尚未明顯枯竭、股價仍在中長期均線之上,RSI偏高，不符合低檔潛伏、波動過高，風險較大,2026-10-08 16:44:20
